Workbook

Sheet 00_README
A1: README - Warehouse Ledger + Configuration + Deployment Tracker
A2: Use this sheet as the quick operating guide. Enter data only in the non-AUTO columns. For pallet moves, log the move once in 03_Warehouse_Movements and 01_Warehouse_Ledger updates itself.
A4: Task | B4: Go to tab | C4: Edit these columns | D4: Notes / outcome
A5: Add / update a pallet | B5: 01_Warehouse_Ledger | C5: A,B,C,E,F,G,I,J,K,L | D5: One row per pallet. Do NOT type in CurrentLocationCode / LastMove fields (AUTO).
A6: Move a pallet | B6: 03_Warehouse_Movements | C6: A,B,C,E,H,I,J (F,G optional) | D6: Add one movement row (MOVE / RECEIVE / SHIP / RETURN / etc). Ledger CurrentLocationCode + LastMoveTS update automatically.
A7: Add / update a location | B7: 02_Warehouse_Locations | C7: A–G,I | D7: One row per warehouse slot. QR_Payload auto = LocationCode.
A8: Print QR labels | B8: 04_Label_Export | C8: Nothing (auto list) | D8: Print LOCATION labels (top section) and PALLET labels (starts at row 505). QR payload stays minimal (LocationCode / PalletID).
A9: Find where a pallet is | B9: 05_Scan_Lookup | C9: Scan into B3 | D9: Scan Pallet QR -> see CurrentLocationCode + map fields instantly.
A10: Tie a device to a pallet | B10: 12 - Device_Configuration | C10: BL (PalletID (Manual)) | D10: Enter PalletID on the device row -> BM/BN/BO auto-fill Warehouse Location + Pallet Status + Last Move TS.
A13: Pallet moves - the 30-second routine
A14: 1) | B14: Go to 03_Warehouse_Movements and add a NEW row at the top of the data (first blank row).
A15: 2) | B15: Fill: Timestamp (A), Action (B)=MOVE, PalletID (C)=scan or type, ToLocation (E)=scan location code, ByWho (H), Ref (I) if relevant, Notes (J) if needed. Optional: Item (F) + Qty (G) if you are tracking contents.
A16: 3) | B16: Do NOT edit FromLocation (D). It auto-fills from the pallet’s prior state (based on 01_Warehouse_Ledger).
A17: 4) | B17: Sanity check: open 01_Warehouse_Ledger -> CurrentLocationCode (AUTO) and LastMoveTS (AUTO) should update for that PalletID.
A18: 5) | B18: Optional: if the move changed the pallet’s lifecycle (STAGED/DEPLOYED/RETURNED), update PalletStatus (E) on 01_Warehouse_Ledger.
A20: Data rules (don’t break the tracker)
A21: • Only type into columns that are NOT labeled (AUTO) or (deprecated).
A22: • PalletIDs must exist in 01_Warehouse_Ledger before you reference them anywhere else (moves, device config, contents, labels).
A23: • PalletID format enforced by the ledger CF: PAL-0000001 (PAL- + 7 digits). Duplicates highlight.
A24: • LocationCode: pick from 02_Warehouse_Locations (use dropdowns where present).
A25: • If a cell looks formula-driven, leave it alone. Don’t paste over formulas.
A26: • If you must paste, paste VALUES only (not formatting) into input columns.
A27: • When in doubt: use 05_Scan_Lookup to verify the pallet’s current location before moving anything.
A29: Quick troubleshooting
A30: • 05_Scan_Lookup shows blanks -> confirm you scanned a valid PalletID that exists in 01_Warehouse_Ledger column A.
A31: • Move row highlights -> check required fields in 03_Warehouse_Movements: Timestamp (A), Action (B), PalletID (C), ToLocation (E).
A32: • FromLocation (AUTO) stays blank -> the pallet is unknown to the ledger or has no prior location. Add the pallet to 01_Warehouse_Ledger, set HomeLocationCode (C), then re-enter the move row.
... A43: • 05_Scan_Lookup is the fast verify panel: scan PalletID -> read CurrentLocationCode + location display info.

Sheet 01_Warehouse_Ledger
A1: PalletID | B1: PalletCallSign | C1: HomeLocationCode | D1: CurrentLocationCode (AUTO) | E1: PalletStatus | F1: Compliance | G1: TTL_Days | H1: Expires (AUTO) | I1: ContentsSummary | J1: Notes | K1: CreatedDate | L1: CreatedBy | M1: LastMoveTS (AUTO) | N1: LastMovedBy (AUTO) | O1: QR_Payload_Pallet (deprecated) | P1: ReceiptDate (deprecated) | Q1: Ref (deprecated) | R1: Item (deprecated) | S1: QtyReceived (deprecated) | T1: Serials (deprecated) | U1: EnteredBy_RAW (deprecated) | V1: Legacy_RawInputs (deprecated) | W1: StockLines (AUTO) | X1: StockQtyTotal (AUTO) | Y1: StockUniquePN (AUTO) | Z1: StockHasPN (AUTO)
A2: PAL-0000001 | B2: OVERFLOW-RICH-CYBERNETS-CFAM-CCMC | C2: CHRIS_OVERFLOW_A_ZONE3 | D2: =IF($C2="","",IFERROR(LOOKUP(2,1/('03_Warehouse_Movements'!$C$2:$C$500=$A2),'03_Warehouse_Movements'!$E$2:$E$500),$C2)) -> CHRIS_OVERFLOW_A_ZONE3 | E2: ACTIVE | F2: STANDARD | G2: 7 | H2: =IF(AND($F2="TEMP",$G2>0,$M2<>""),$M2+$G2,"") | I2: CYBERNETS CFAM/CCMC QTY:15 | J2: NORTHWELL NUERON PROJECT | K2: 46053 | L2: Alejandro Perales | M2: =IF($C2="","",IFERROR(LOOKUP(2,1/('03_Warehouse_Movements'!$C$2:$C$500=$A2),'03_Warehouse_Movements'!$A$2:$A$500),"")) | N2: =IF($C2="","",IFERROR(LOOKUP(2,1/('03_Warehouse_Movements'!$C$2:$C$500=$A2),'03_Warehouse_Movements'!$H$2:$H$500),"")) | O2: =A2 -> PAL-0000001 | P2: 46284 | Q2: 144180 | V2: B:WH-Z1-A01-AISLE-FLOOR-02 F:OVERFLOW-<ClientLastName>-PO<PO>-<Category>-<Seq> D:WH-Z1-A01-AISLE-FLOOR-02 | W2: =IF($A2="","",COUNTIF('07_Pallet_Contents'!$A$2:$A$3000,$A2)) -> 0 | X2: =IF($A2="","",SUMIF('07_Pallet_Contents'!$A$2:$A$3000,$A2,'07_Pallet_Contents'!$D$2:$D$3000)) -> 0 | Y2: =IF($A2="","",SUMIF('07_Pallet_Contents'!$A$2:$A$3000,$A2,'07_Pallet_Contents'!$I$2:$I$3000)) -> 0 | Z2: =IF($A2="","",IF(COUNTIF('07_Pallet_Contents'!$A$2:$A$3000,$A2)>0,"Yes",""))
A3: PAL-0000002 | C3: WH-STAGE-IN | D3: =IF($C3="","",IFERROR(LOOKUP(2,1/('03_Warehouse_Movements'!$C$2:$C$500=$A3),'03_Warehouse_Movements'!$E$2:$E$500),$C3)) -> WH-STAGE-IN | E3: STAGED | F3: SAFE | H3: =IF(AND($F3="TEMP",$G3>0,$M3<>""),$M3+$G3,"") | I3: SAMPLE: Monitors 24-40 | J3: SAMPLE: replace with real notes / serials / constraints | K3: 46052 | L3: SAMPLE-TECH | M3: =IF($C3="","",IFERROR(LOOKUP(2,1/('03_Warehouse_Movements'!$C$2:$C$500=$A3),'03_Warehouse_Movements'!$A$2:$A$500),"")) | N3: =IF($C3="","",IFERROR(LOOKUP(2,1/('03_Warehouse_Movements'!$C$2:$C$500=$A3),'03_Warehouse_Movements'!$H$2:$H$500),"")) | O3: =A3 -> PAL-0000002 | V3: B:OVERFLOW-<ClientLastName>-PO<PO>-<Category>-<Seq> | W3: =IF($A2="","",COUNTIF('07_Pallet_Contents'!$A$2:$A$3000,$A2)) -> 0 | X3: =IF($A2="","",SUMIF('07_Pallet_Contents'!$A$2:$A$3000,$A2,'07_Pallet_Contents'!$D$2:$D$3000)) -> 0 | Y3: =IF($A2="","",SUMIF('07_Pallet_Contents'!$A$2:$A$3000,$A2,'07_Pallet_Contents'!$I$2:$I$3000)) -> 0 | Z3: =IF($A2="","",IF(COUNTIF('07_Pallet_Contents'!$A$2:$A$3000,$A2)>0,"Yes",""))
A4: PAL-0000003 | B4: OVERFLOW-CHRIS-UMAIR_TICKETS- | C4: CHRIS_OVERFLOW_A_ZONE1 | D4: =IF($C4="","",IFERROR(LOOKUP(2,1/('03_Warehouse_Movements'!$C$2:$C$500=$A4),'03_Warehouse_Movements'!$E$2:$E$500),$C4)) -> CHRIS_OVERFLOW_A_ZONE1 | E4: ACTIVE | F4: UNSAFE | H4: =IF(AND($F4="TEMP",$G4>0,$M4<>""),$M4+$G4,"") | I4: Monitors T24-40 | J4: 24 Day Ticket | K4: 46046 | L4: Alejandro Perales | M4: =IF($C4="","",IFERROR(LOOKUP(2,1/('03_Warehouse_Movements'!$C$2:$C$500=$A4),'03_Warehouse_Movements'!$A$2:$A$500),"")) | N4: =IF($C4="","",IFERROR(LOOKUP(2,1/('03_Warehouse_Movements'!$C$2:$C$500=$A4),'03_Warehouse_Movements'!$H$2:$H$500),"")) | O4: =A4 -> PAL-0000003 | U4: 46046 | V4: B:OVERFLOW-CHRIS-UMAIR_TICKETS- D:CHRIS_OVERFLOW_A_ZONE1 | W4: =IF($A2="","",COUNTIF('07_Pallet_Contents'!$A$2:$A$3000,$A2)) -> 0 | X4: =IF($A2="","",SUMIF('07_Pallet_Contents'!$A$2:$A$3000,$A2,'07_Pallet_Contents'!$D$2:$D$3000)) -> 0 | Y4: =IF($A2="","",SUMIF('07_Pallet_Contents'!$A$2:$A$3000,$A2,'07_Pallet_Contents'!$I$2:$I$3000)) -> 0 | Z4: =IF($A2="","",IF(COUNTIF('07_Pallet_Contents'!$A$2:$A$3000,$A2)>0,"Yes",""))
A5: PAL-0000004 | B5: WH-Z1-AisleO-Bay10-Level1 | C5: WH-Z1-AisleO-Bay10-Level1 | D5: =IF($C5="","",IFERROR(LOOKUP(2,1/('03_Warehouse_Movements'!$C$2:$C$500=$A5),'03_Warehouse_Movements'!$E$2:$E$500),$C5)) -> WH-Z1-AisleO-Bay10-Level1 | E5: ACTIVE | F5: SAFE | H5: =IF(AND($F5="TEMP",$G5>0,$M5<>""),$M5+$G5,"") | I5: 48x T24i-30 | J5: SAMPLE: replace with real notes / serials / constraints | K5: 46051 | L5: Geoff Gerber | M5: =IF($C5="","",IFERROR(LOOKUP(2,1/('03_Warehouse_Movements'!$C$2:$C$500=$A5),'03_Warehouse_Movements'!$A$2:$A$500),"")) | N5: =IF($C5="","",IFERROR(LOOKUP(2,1/('03_Warehouse_Movements'!$C$2:$C$500=$A5),'03_Warehouse_Movements'!$H$2:$H$500),"")) | O5: =A5 -> PAL-0000004 | U5: 46051 | V5: B:OVERFLOW-CHRIS- D:CHRIS_OVERFLOW_A_ZONE1 | W5: =IF($A2="","",COUNTIF('07_Pallet_Contents'!$A$2:$A$3000,$A2)) -> 0 | X5: =IF($A2="","",SUMIF('07_Pallet_Contents'!$A$2:$A$3000,$A2,'07_Pallet_Contents'!$D$2:$D$3000)) -> 0 | Y5: =IF($A2="","",SUMIF('07_Pallet_Contents'!$A$2:$A$3000,$A2,'07_Pallet_Contents'!$I$2:$I$3000)) -> 0 | Z5: =IF($A2="","",IF(COUNTIF('07_Pallet_Contents'!$A$2:$A$3000,$A2)>0,"Yes",""))
A6: PAL-0000005 | B6: Northwell Capsule & GCX | C6: WH-ZR-AisleM-Bay1-Level3 | D6: =IF($C6="","",IFERROR(LOOKUP(2,1/('03_Warehouse_Movements'!$C$2:$C$500=$A6),'03_Warehouse_Movements'!$E$2:$E$500),$C6)) -> WH-ZR-AisleM-Bay1-Level3 | E6: ACTIVE | F6: SAFE | H6: =IF(AND($F6="TEMP",$G6>0,$M6<>""),$M6+$G6,"") | I6: capsule & GCX | J6: crate looks broken, contents are tightly wrapped / unable to 100% verify actually contents of boxes | K6: 46059 | L6: Khadejah Harrison | M6: =IF($C6="","",IFERROR(LOOKUP(2,1/('03_Warehouse_Movements'!$C$2:$C$500=$A6),'03_Warehouse_Movements'!$A$2:$A$500),"")) | N6: =IF($C6="","",IFERROR(LOOKUP(2,1/('03_Warehouse_Movements'!$C$2:$C$500=$A6),'03_Warehouse_Movements'!$H$2:$H$500),"")) | O6: =A6 -> PAL-0000005 | W6: =IF($A2="","",COUNTIF('07_Pallet_Contents'!$A$2:$A$3000,$A2)) -> 0 | X6: =IF($A2="","",SUMIF('07_Pallet_Contents'!$A$2:$A$3000,$A2,'07_Pallet_Contents'!$D$2:$D$3000)) -> 0 | Y6: =IF($A2="","",SUMIF('07_Pallet_Contents'!$A$2:$A$3000,$A2,'07_Pallet_Contents'!$I$2:$I$3000)) -> 0 | Z6: =IF($A2="","",IF(COUNTIF('07_Pallet_Contents'!$A$2:$A$3000,$A2)>0,"Yes",""))
A7: PAL-0000006 | C7: WH-Z1-NOOverflow | D7: =IF($C7="","",IFERROR(LOOKUP(2,1/('03_Warehouse_Movements'!$C$2:$C$500=$A7),'03_Warehouse_Movements'!$E$2:$E$500),$C7)) -> WH-Z1-NOOverflow | E7: STAGED | F7: SAFE | H7: =IF(AND($F7="TEMP",$G7>0,$M7<>""),$M7+$G7,"") | I7: 19x T24 Thinkvision Monitor 63CFMAR1US | K7: 46052 | L7: Geoff Gerber | M7: =IF($C7="","",IFERROR(LOOKUP(2,1/('03_Warehouse_Movements'!$C$2:$C$500=$A7),'03_Warehouse_Movements'!$A$2:$A$500),"")) | N7: =IF($C7="","",IFERROR(LOOKUP(2,1/('03_Warehouse_Movements'!$C$2:$C$500=$A7),'03_Warehouse_Movements'!$H$2:$H$500),"")) | O7: =A7 -> PAL-0000006 | W7: =IF($A2="","",COUNTIF('07_Pallet_Contents'!$A$2:$A$3000,$A2)) -> 0 | X7: =IF($A2="","",SUMIF('07_Pallet_Contents'!$A$2:$A$3000,$A2,'07_Pallet_Contents'!$D$2:$D$3000)) -> 0 | Y7: =IF($A2="","",SUMIF('07_Pallet_Contents'!$A$2:$A$3000,$A2,'07_Pallet_Contents'!$I$2:$I$3000)) -> 0 | Z7: =IF($A2="","",IF(COUNTIF('07_Pallet_Contents'!$A$2:$A$3000,$A2)>0,"Yes",""))
A8: PAL-0000007 | C8: WH-Z1-AisleO-Bay7-Level1 | D8: =IF($C8="","",IFERROR(LOOKUP(2,1/('03_Warehouse_Movements'!$C$2:$C$500=$A8),'03_Warehouse_Movements'!$E$2:$E$500),$C8)) -> WH-Z1-AisleO-Bay7-Level1 | E8: STAGED | F8: TEMP | G8: 14 | H8: =IF(AND($F8="TEMP",$G8>0,$M8<>""),$M8+$G8,"") | I8: 48x T24i-30 | J8: SAMPLE: replace with real notes / serials / constraints | K8: 46052 | L8: Geoff Gerber | M8: =IF($C8="","",IFERROR(LOOKUP(2,1/('03_Warehouse_Movements'!$C$2:$C$500=$A8),'03_Warehouse_Movements'!$A$2:$A$500),"")) | N8: =IF($C8="","",IFERROR(LOOKUP(2,1/('03_Warehouse_Movements'!$C$2:$C$500=$A8),'03_Warehouse_Movements'!$H$2:$H$500),"")) | O8: =A8 -> PAL-0000007 | W8: =IF($A2="","",COUNTIF('07_Pallet_Contents'!$A$2:$A$3000,$A2)) -> 0 | X8: =IF($A2="","",SUMIF('07_Pallet_Contents'!$A$2:$A$3000,$A2,'07_Pallet_Contents'!$D$2:$D$3000)) -> 0 | Y8: =IF($A2="","",SUMIF('07_Pallet_Contents'!$A$2:$A$3000,$A2,'07_Pallet_Contents'!$I$2:$I$3000)) -> 0 | Z8: =IF($A2="","",IF(COUNTIF('07_Pallet_Contents'!$A$2:$A$3000,$A2)>0,"Yes",""))
A9: PAL-0000008 | B9: OVERFLOW-SAMPLE-PO1007-CAT3-PAL008 | C9: WH-Z1-AisleA-Bay1-Level5 | D9: =IF($C9="","",IFERROR(LOOKUP(2,1/('03_Warehouse_Movements'!$C$2:$C$500=$A9),'03_Warehouse_Movements'!$E$2:$E$500),$C9)) -> WH-Z1-AisleA-Bay1-Level5 | E9: ACTIVE | F9: SAFE | H9: =IF(AND($F9="TEMP",$G9>0,$M9<>""),$M9+$G9,"") | I9: SAMPLE: Power Supplies | J9: SAMPLE: replace with real notes / serials / constraints | K9: 46052 | L9: SAMPLE-TECH | M9: =IF($C9="","",IFERROR(LOOKUP(2,1/('03_Warehouse_Movements'!$C$2:$C$500=$A9),'03_Warehouse_Movements'!$A$2:$A$500),"")) | N9: =IF($C9="","",IFERROR(LOOKUP(2,1/('03_Warehouse_Movements'!$C$2:$C$500=$A9),'03_Warehouse_Movements'!$H$2:$H$500),"")) | O9: =A9 -> PAL-0000008 | W9: =IF($A2="","",COUNTIF('07_Pallet_Contents'!$A$2:$A$3000,$A2)) -> 0 | X9: =IF($A2="","",SUMIF('07_Pallet_Contents'!$A$2:$A$3000,$A2,'07_Pallet_Contents'!$D$2:$D$3000)) -> 0 | Y9: =IF($A2="","",SUMIF('07_Pallet_Contents'!$A$2:$A$3000,$A2,'07_Pallet_Contents'!$I$2:$I$3000)) -> 0 | Z9: =IF($A2="","",IF(COUNTIF('07_Pallet_Contents'!$A$2:$A$3000,$A2)>0,"Yes",""))
A10: PAL-0000009 | C10: WH-Z1-AisleA-Bay1-Level6 | D10: =IF($C10="","",IFERROR(LOOKUP(2,1/('03_Warehouse_Movements'!$C$2:$C$500=$A10),'03_Warehouse_Movements'!$E$2:$E$500),$C10)) -> WH-Z1-AisleA-Bay1-Level6 | E10: ACTIVE | F10: SAFE | H10: =IF(AND($F10="TEMP",$G10>0,$M10<>""),$M10+$G10,"") | I10: SAMPLE: Imaging Equipment | J10: SAMPLE: replace with real notes / serials / constraints | K10: 46052 | L10: SAMPLE-TECH | M10: =IF($C10="","",IFERROR(LOOKUP(2,1/('03_Warehouse_Movements'!$C$2:$C$500=$A10),'03_Warehouse_Movements'!$A$2:$A$500),"")) | N10: =IF($C10="","",IFERROR(LOOKUP(2,1/('03_Warehouse_Movements'!$C$2:$C$500=$A10),'03_Warehouse_Movements'!$H$2:$H$500),"")) | O10: =A10 -> PAL-0000009 | W10: =IF($A2="","",COUNTIF('07_Pallet_Contents'!$A$2:$A$3000,$A2)) -> 0 | X10: =IF($A2="","",SUMIF('07_Pallet_Contents'!$A$2:$A$3000,$A2,'07_Pallet_Contents'!$D$2:$D$3000)) -> 0 | Y10: =IF($A2="","",SUMIF('07_Pallet_Contents'!$A$2:$A$3000,$A2,'07_Pallet_Contents'!$I$2:$I$3000)) -> 0 | Z10: =IF($A2="","",IF(COUNTIF('07_Pallet_Contents'!$A$2:$A$3000,$A2)>0,"Yes",""))
A11: PAL-0000010 | C11: WH-Z1-AisleA-Bay1-Level7 | D11: =IF($C11="","",IFERROR(LOOKUP(2,1/('03_Warehouse_Movements'!$C$2:$C$500=$A11),'03_Warehouse_Movements'!$E$2:$E$500),$C11)) -> WH-Z1-AisleA-Bay1-Level7 | E11: ACTIVE | F11: SAFE | H11: =IF(AND($F11="TEMP",$G11>0,$M11<>""),$M11+$G11,"") | I11: SAMPLE: Misc Hardware | J11: SAMPLE: replace with real notes / serials / constraints | K11: 46052 | L11: SAMPLE-TECH | M11: =IF($C11="","",IFERROR(LOOKUP(2,1/('03_Warehouse_Movements'!$C$2:$C$500=$A11),'03_Warehouse_Movements'!$A$2:$A$500),"")) | N11: =IF($C11="","",IFERROR(LOOKUP(2,1/('03_Warehouse_Movements'!$C$2:$C$500=$A11),'03_Warehouse_Movements'!$H$2:$H$500),"")) | O11: =A11 -> PAL-0000010 | Q11: B | W11: =IF($A2="","",COUNTIF('07_Pallet_Contents'!$A$2:$A$3000,$A2)) -> 0 | X11: =IF($A2="","",SUMIF('07_Pallet_Contents'!$A$2:$A$3000,$A2,'07_Pallet_Contents'!$D$2:$D$3000)) -> 0 | Y11: =IF($A2="","",SUMIF('07_Pallet_Contents'!$A$2:$A$3000,$A2,'07_Pallet_Contents'!$I$2:$I$3000)) -> 0 | Z11: =IF($A2="","",IF(COUNTIF('07_Pallet_Contents'!$A$2:$A$3000,$A2)>0,"Yes",""))
A12: PAL-0000011 | C12: WH-Z1-AisleA-Bay1-Level8 | D12: =IF($C12="","",IFERROR(LOOKUP(2,1/('03_Warehouse_Movements'!$C$2:$C$500=$A12),'03_Warehouse_Movements'!$E$2:$E$500),$C12)) -> WH-Z1-AisleA-Bay1-Level8 | E12: ACTIVE | F12: SAFE | H12: =IF(AND($F12="TEMP",$G12>0,$M12<>""),$M12+$G12,"") | I12: SAMPLE: Dell Devices | J12: SAMPLE: replace with real notes / serials / constraints | K12: 46052 | L12: SAMPLE-TECH | M12: =IF($C12="","",IFERROR(LOOKUP(2,1/('03_Warehouse_Movements'!$C$2:$C$500=$A12),'03_Warehouse_Movements'!$A$2:$A$500),"")) | N12: =IF($C12="","",IFERROR(LOOKUP(2,1/('03_Warehouse_Movements'!$C$2:$C$500=$A12),'03_Warehouse_Movements'!$H$2:$H$500),"")) | O12: =A12 -> PAL-0000011 | W12: =IF($A2="","",COUNTIF('07_Pallet_Contents'!$A$2:$A$3000,$A2)) -> 0 | X12: =IF($A2="","",SUMIF('07_Pallet_Contents'!$A$2:$A$3000,$A2,'07_Pallet_Contents'!$D$2:$D$3000)) -> 0 | Y12: =IF($A2="","",SUMIF('07_Pallet_Contents'!$A$2:$A$3000,$A2,'07_Pallet_Contents'!$I$2:$I$3000)) -> 0 | Z12: =IF($A2="","",IF(COUNTIF('07_Pallet_Contents'!$A$2:$A$3000,$A2)>0,"Yes",""))
A13: PAL-0000012 | C13: WH-Z1-AisleA-Bay1-Level9 | D13: =IF($C13="","",IFERROR(LOOKUP(2,1/('03_Warehouse_Movements'!$C$2:$C$500=$A13),'03_Warehouse_Movements'!$E$2:$E$500),$C13)) -> WH-Z1-AisleA-Bay1-Level9 | E13: ACTIVE | F13: SAFE | H13: =IF(AND($F13="TEMP",$G13>0,$M13<>""),$M13+$G13,"") | I13: SAMPLE: Monitors 24-40 | J13: SAMPLE: replace with real notes / serials / constraints | K13: 46052 | L13: SAMPLE-TECH | M13: =IF($C13="","",IFERROR(LOOKUP(2,1/('03_Warehouse_Movements'!$C$2:$C$500=$A13),'03_Warehouse_Movements'!$A$2:$A$500),"")) | N13: =IF($C13="","",IFERROR(LOOKUP(2,1/('03_Warehouse_Movements'!$C$2:$C$500=$A13),'03_Warehouse_Movements'!$H$2:$H$500),"")) | O13: =A13 -> PAL-0000012 | W13: =IF($A2="","",COUNTIF('07_Pallet_Contents'!$A$2:$A$3000,$A2)) -> 0 | X13: =IF($A2="","",SUMIF('07_Pallet_Contents'!$A$2:$A$3000,$A2,'07_Pallet_Contents'!$D$2:$D$3000)) -> 0 | Y13: =IF($A2="","",SUMIF('07_Pallet_Contents'!$A$2:$A$3000,$A2,'07_Pallet_Contents'!$I$2:$I$3000)) -> 0 | Z13: =IF($A2="","",IF(COUNTIF('07_Pallet_Contents'!$A$2:$A$3000,$A2)>0,"Yes",""))
A14: PAL-0000013 | C14: WH-Z1-AisleA-Bay1-Level10 | D14: =IF($C14="","",IFERROR(LOOKUP(2,1/('03_Warehouse_Movements'!$C$2:$C$500=$A14),'03_Warehouse_Movements'!$E$2:$E$500),$C14)) -> WH-Z1-AisleA-Bay1-Level10 | E14: ACTIVE | F14: TEMP | G14: 14 | H14: =IF(AND($F14="TEMP",$G14>0,$M14<>""),$M14+$G14,"") | I14: SAMPLE: Cables & Adapters | J14: SAMPLE: replace with real notes / serials / constraints | K14: 46052 | L14: SAMPLE-TECH | M14: =IF($C14="","",IFERROR(LOOKUP(2,1/('03_Warehouse_Movements'!$C$2:$C$500=$A14),'03_Warehouse_Movements'!$A$2:$A$500),"")) | N14: =IF($C14="","",IFERROR(LOOKUP(2,1/('03_Warehouse_Movements'!$C$2:$C$500=$A14),'03_Warehouse_Movements'!$H$2:$H$500),"")) | O14: =A14 -> PAL-0000013 | W14: =IF($A2="","",COUNTIF('07_Pallet_Contents'!$A$2:$A$3000,$A2)) -> 0 | X14: =IF($A2="","",SUMIF('07_Pallet_Contents'!$A$2:$A$3000,$A2,'07_Pallet_Contents'!$D$2:$D$3000)) -> 0 | Y14: =IF($A2="","",SUMIF('07_Pallet_Contents'!$A$2:$A$3000,$A2,'07_Pallet_Contents'!$I$2:$I$3000)) -> 0 | Z14: =IF($A2="","",IF(COUNTIF('07_Pallet_Contents'!$A$2:$A$3000,$A2)>0,"Yes",""))
A15: PAL-0000014 | C15: WH-Z1-AisleA-Bay1-Level11 | D15: =IF($C15="","",IFERROR(LOOKUP(2,1/('03_Warehouse_Movements'!$C$2:$C$500=$A15),'03_Warehouse_Movements'!$E$2:$E$500),$C15)) -> WH-Z1-AisleA-Bay1-Level11 | E15: ACTIVE | F15: SAFE | H15: =IF(AND($F15="TEMP",$G15>0,$M15<>""),$M15+$G15,"") | I15: SAMPLE: Racks & Rails | J15: SAMPLE: replace with real notes / serials / constraints | K15: 46052 | L15: SAMPLE-TECH | M15: =IF($C15="","",IFERROR(LOOKUP(2,1/('03_Warehouse_Movements'!$C$2:$C$500=$A15),'03_Warehouse_Movements'!$A$2:$A$500),"")) | N15: =IF($C15="","",IFERROR(LOOKUP(2,1/('03_Warehouse_Movements'!$C$2:$C$500=$A15),'03_Warehouse_Movements'!$H$2:$H$500),"")) | O15: =A15 -> PAL-0000014 | W15: =IF($A2="","",COUNTIF('07_Pallet_Contents'!$A$2:$A$3000,$A2)) -> 0 | X15: =IF($A2="","",SUMIF('07_Pallet_Contents'!$A$2:$A$3000,$A2,'07_Pallet_Contents'!$D$2:$D$3000)) -> 0 | Y15: =IF($A2="","",SUMIF('07_Pallet_Contents'!$A$2:$A$3000,$A2,'07_Pallet_Contents'!$I$2:$I$3000)) -> 0 | Z15: =IF($A2="","",IF(COUNTIF('07_Pallet_Contents'!$A$2:$A$3000,$A2)>0,"Yes",""))
A16: PAL-0000015 | B16: OVERFLOW-SAMPLE-PO1014-CAT5-PAL015 | C16: WH-Z1-AisleA-Bay1-Level12 | D16: =IF($C16="","",IFERROR(LOOKUP(2,1/('03_Warehouse_Movements'!$C$2:$C$500=$A16),'03_Warehouse_Movements'!$E$2:$E$500),$C16)) -> WH-Z1-AisleA-Bay1-Level12 | E16: ACTIVE | F16: SAFE | H16: =IF(AND($F16="TEMP",$G16>0,$M16<>""),$M16+$G16,"") | I16: SAMPLE: Networking Gear | J16: SAMPLE: replace with real notes / serials / constraints | K16: 46052 | L16: SAMPLE-TECH | M16: =IF($C16="","",IFERROR(LOOKUP(2,1/('03_Warehouse_Movements'!$C$2:$C$500=$A16),'03_Warehouse_Movements'!$A$2:$A$500),"")) | N16: =IF($C16="","",IFERROR(LOOKUP(2,1/('03_Warehouse_Movements'!$C$2:$C$500=$A16),'03_Warehouse_Movements'!$H$2:$H$500),"")) | O16: =A16 -> PAL-0000015 | W16: =IF($A2="","",COUNTIF('07_Pallet_Contents'!$A$2:$A$3000,$A2)) -> 0 | X16: =IF($A2="","",SUMIF('07_Pallet_Contents'!$A$2:$A$3000,$A2,'07_Pallet_Contents'!$D$2:$D$3000)) -> 0 | Y16: =IF($A2="","",SUMIF('07_Pallet_Contents'!$A$2:$A$3000,$A2,'07_Pallet_Contents'!$I$2:$I$3000)) -> 0 | Z16: =IF($A2="","",IF(COUNTIF('07_Pallet_Contents'!$A$2:$A$3000,$A2)>0,"Yes",""))
A17: PAL-0000016 | C17: WH-Z1-AisleA-Bay1-Level13 | D17: =IF($C17="","",IFERROR(LOOKUP(2,1/('03_Warehouse_Movements'!$C$2:$C$500=$A17),'03_Warehouse_Movements'!$E$2:$E$500),$C17)) -> WH-Z1-AisleA-Bay1-Level13 | E17: ACTIVE | F17: SAFE | H17: =IF(AND($F17="TEMP",$G17>0,$M17<>""),$M17+$G17,"") | I17: SAMPLE: Keyboards & Mice | J17: SAMPLE: replace with real notes / serials / constraints | K17: 46052 | L17: SAMPLE-TECH | M17: =IF($C17="","",IFERROR(LOOKUP(2,1/('03_Warehouse_Movements'!$C$2:$C$500=$A17),'03_Warehouse_Movements'!$A$2:$A$500),"")) | N17: =IF($C17="","",IFERROR(LOOKUP(2,1/('03_Warehouse_Movements'!$C$2:$C$500=$A17),'03_Warehouse_Movements'!$H$2:$H$500),"")) | O17: =A17 -> PAL-0000016 | W17: =IF($A2="","",COUNTIF('07_Pallet_Contents'!$A$2:$A$3000,$A2)) -> 0 | X17: =IF($A2="","",SUMIF('07_Pallet_Contents'!$A$2:$A$3000,$A2,'07_Pallet_Contents'!$D$2:$D$3000)) -> 0 | Y17: =IF($A2="","",SUMIF('07_Pallet_Contents'!$A$2:$A$3000,$A2,'07_Pallet_Contents'!$I$2:$I$3000)) -> 0 | Z17: =IF($A2="","",IF(COUNTIF('07_Pallet_Contents'!$A$2:$A$3000,$A2)>0,"Yes",""))
A18: PAL-0000017 | C18: WH-Z1-AisleA-Bay1-Level14 | D18: =IF($C18="","",IFERROR(LOOKUP(2,1/('03_Warehouse_Movements'!$C$2:$C$500=$A18),'03_Warehouse_Movements'!$E$2:$E$500),$C18)) -> WH-Z1-AisleA-Bay1-Level14 | E18: ACTIVE | F18: SAFE | H18: =IF(AND($F18="TEMP",$G18>0,$M18<>""),$M18+$G18,"") | I18: SAMPLE: Spare Parts | J18: SAMPLE: replace with real notes / serials / constraints | K18: 46052 | L18: SAMPLE-TECH | M18: =IF($C18="","",IFERROR(LOOKUP(2,1/('03_Warehouse_Movements'!$C$2:$C$500=$A18),'03_Warehouse_Movements'!$A$2:$A$500),"")) | N18: =IF($C18="","",IFERROR(LOOKUP(2,1/('03_Warehouse_Movements'!$C$2:$C$500=$A18),'03_Warehouse_Movements'!$H$2:$H$500),"")) | O18: =A18 -> PAL-0000017 | W18: =IF($A2="","",COUNTIF('07_Pallet_Contents'!$A$2:$A$3000,$A2)) -> 0 | X18: =IF($A2="","",SUMIF('07_Pallet_Contents'!$A$2:$A$3000,$A2,'07_Pallet_Contents'!$D$2:$D$3000)) -> 0 | Y18: =IF($A2="","",SUMIF('07_Pallet_Contents'!$A$2:$A$3000,$A2,'07_Pallet_Contents'!$I$2:$I$3000)) -> 0 | Z18: =IF($A2="","",IF(COUNTIF('07_Pallet_Contents'!$A$2:$A$3000,$A2)>0,"Yes",""))
A19: PAL-0000018 | C19: WH-Z1-AisleA-Bay1-Level15 | D19: =IF($C19="","",IFERROR(LOOKUP(2,1/('03_Warehouse_Movements'!$C$2:$C$500=$A19),'03_Warehouse_Movements'!$E$2:$E$500),$C19)) -> WH-Z1-AisleA-Bay1-Level15 | E19: ACTIVE | F19: SAFE | H19: =IF(AND($F19="TEMP",$G19>0,$M19<>""),$M19+$G19,"") | I19: SAMPLE: Power Supplies | J19: SAMPLE: replace with real notes / serials / constraints | K19: 46052 | L19: SAMPLE-TECH | M19: =IF($C19="","",IFERROR(LOOKUP(2,1/('03_Warehouse_Movements'!$C$2:$C$500=$A19),'03_Warehouse_Movements'!$A$2:$A$500),"")) | N19: =IF($C19="","",IFERROR(LOOKUP(2,1/('03_Warehouse_Movements'!$C$2:$C$500=$A19),'03_Warehouse_Movements'!$H$2:$H$500),"")) | O19: =A19 -> PAL-0000018 | W19: =IF($A2="","",COUNTIF('07_Pallet_Contents'!$A$2:$A$3000,$A2)) -> 0 | X19: =IF($A2="","",SUMIF('07_Pallet_Contents'!$A$2:$A$3000,$A2,'07_Pallet_Contents'!$D$2:$D$3000)) -> 0 | Y19: =IF($A2="","",SUMIF('07_Pallet_Contents'!$A$2:$A$3000,$A2,'07_Pallet_Contents'!$I$2:$I$3000)) -> 0 | Z19: =IF($A2="","",IF(COUNTIF('07_Pallet_Contents'!$A$2:$A$3000,$A2)>0,"Yes",""))
A20: PAL-0000019 | C20: WH-Z1-AisleA-Bay1-Level16 | D20: =IF($C20="","",IFERROR(LOOKUP(2,1/('03_Warehouse_Movements'!$C$2:$C$500=$A20),'03_Warehouse_Movements'!$E$2:$E$500),$C20)) -> WH-Z1-AisleA-Bay1-Level16 | E20: ACTIVE | F20: TEMP | G20: 14 | H20: =IF(AND($F20="TEMP",$G20>0,$M20<>""),$M20+$G20,"") | I20: SAMPLE: Imaging Equipment | J20: SAMPLE: replace with real notes / serials / constraints | K20: 46052 | L20: SAMPLE-TECH | M20: =IF($C20="","",IFERROR(LOOKUP(2,1/('03_Warehouse_Movements'!$C$2:$C$500=$A20),'03_Warehouse_Movements'!$A$2:$A$500),"")) | N20: =IF($C20="","",IFERROR(LOOKUP(2,1/('03_Warehouse_Movements'!$C$2:$C$500=$A20),'03_Warehouse_Movements'!$H$2:$H$500),"")) | O20: =A20 -> PAL-0000019 | W20: =IF($A2="","",COUNTIF('07_Pallet_Contents'!$A$2:$A$3000,$A2)) -> 0 | X20: =IF($A2="","",SUMIF('07_Pallet_Contents'!$A$2:$A$3000,$A2,'07_Pallet_Contents'!$D$2:$D$3000)) -> 0 | Y20: =IF($A2="","",SUMIF('07_Pallet_Contents'!$A$2:$A$3000,$A2,'07_Pallet_Contents'!$I$2:$I$3000)) -> 0 | Z20: =IF($A2="","",IF(COUNTIF('07_Pallet_Contents'!$A$2:$A$3000,$A2)>0,"Yes",""))
A21: PAL-0000020 | C21: WH-Z1-AisleA-Bay1-Level17 | D21: =IF($C21="","",IFERROR(LOOKUP(2,1/('03_Warehouse_Movements'!$C$2:$C$500=$A21),'03_Warehouse_Movements'!$E$2:$E$500),$C21)) -> WH-Z1-AisleA-Bay1-Level17 | E21: ACTIVE | F21: SAFE | H21: =IF(AND($F21="TEMP",$G21>0,$M21<>""),$M21+$G21,"") | I21: SAMPLE: Misc Hardware | J21: SAMPLE: replace with real notes / serials / constraints | K21: 46052 | L21: SAMPLE-TECH | M21: =IF($C21="","",IFERROR(LOOKUP(2,1/('03_Warehouse_Movements'!$C$2:$C$500=$A21),'03_Warehouse_Movements'!$A$2:$A$500),"")) | N21: =IF($C21="","",IFERROR(LOOKUP(2,1/('03_Warehouse_Movements'!$C$2:$C$500=$A21),'03_Warehouse_Movements'!$H$2:$H$500),"")) | O21: =A21 -> PAL-0000020 | W21: =IF($A2="","",COUNTIF('07_Pallet_Contents'!$A$2:$A$3000,$A2)) -> 0 | X21: =IF($A2="","",SUMIF('07_Pallet_Contents'!$A$2:$A$3000,$A2,'07_Pallet_Contents'!$D$2:$D$3000)) -> 0 | Y21: =IF($A2="","",SUMIF('07_Pallet_Contents'!$A$2:$A$3000,$A2,'07_Pallet_Contents'!$I$2:$I$3000)) -> 0 | Z21: =IF($A2="","",IF(COUNTIF('07_Pallet_Contents'!$A$2:$A$3000,$A2)>0,"Yes",""))
A22: PAL-0000021 | C22: WH-Z1-AisleA-Bay1-Level18 | D22: =IF($C22="","",IFERROR(LOOKUP(2,1/('03_Warehouse_Movements'!$C$2:$C$500=$A22),'03_Warehouse_Movements'!$E$2:$E$500),$C22)) -> WH-Z1-AisleA-Bay1-Level18 | E22: ACTIVE | F22: SAFE | H22: =IF(AND($F22="TEMP",$G22>0,$M22<>""),$M22+$G22,"") | I22: SAMPLE: Dell Devices | J22: SAMPLE: replace with real notes / serials / constraints | K22: 46052 | L22: SAMPLE-TECH | M22: =IF($C22="","",IFERROR(LOOKUP(2,1/('03_Warehouse_Movements'!$C$2:$C$500=$A22),'03_Warehouse_Movements'!$A$2:$A$500),"")) | N22: =IF($C22="","",IFERROR(LOOKUP(2,1/('03_Warehouse_Movements'!$C$2:$C$500=$A22),'03_Warehouse_Movements'!$H$2:$H$500),"")) | O22: =A22 -> PAL-0000021 | W22: =IF($A2="","",COUNTIF('07_Pallet_Contents'!$A$2:$A$3000,$A2)) -> 0 | X22: =IF($A2="","",SUMIF('07_Pallet_Contents'!$A$2:$A$3000,$A2,'07_Pallet_Contents'!$D$2:$D$3000)) -> 0 | Y22: =IF($A2="","",SUMIF('07_Pallet_Contents'!$A$2:$A$3000,$A2,'07_Pallet_Contents'!$I$2:$I$3000)) -> 0 | Z22: =IF($A2="","",IF(COUNTIF('07_Pallet_Contents'!$A$2:$A$3000,$A2)>0,"Yes",""))
A23: PAL-0000022 | B23: OVERFLOW-SAMPLE-PO1021-CAT2-PAL022 | C23: WH-Z1-AisleA-Bay1-Level19 | D23: =IF($C23="","",IFERROR(LOOKUP(2,1/('03_Warehouse_Movements'!$C$2:$C$500=$A23),'03_Warehouse_Movements'!$E$2:$E$500),$C23)) -> WH-Z1-AisleA-Bay1-Level19 | E23: ACTIVE | F23: SAFE | H23: =IF(AND($F23="TEMP",$G23>0,$M23<>""),$M23+$G23,"") | I23: SAMPLE: Monitors 24-40 | J23: SAMPLE: replace with real notes / serials / constraints | K23: 46052 | L23: SAMPLE-TECH | M23: =IF($C23="","",IFERROR(LOOKUP(2,1/('03_Warehouse_Movements'!$C$2:$C$500=$A23),'03_Warehouse_Movements'!$A$2:$A$500),"")) | N23: =IF($C23="","",IFERROR(LOOKUP(2,1/('03_Warehouse_Movements'!$C$2:$C$500=$A23),'03_Warehouse_Movements'!$H$2:$H$500),"")) | O23: =A23 -> PAL-0000022 | W23: =IF($A2="","",COUNTIF('07_Pallet_Contents'!$A$2:$A$3000,$A2)) -> 0 | X23: =IF($A2="","",SUMIF('07_Pallet_Contents'!$A$2:$A$3000,$A2,'07_Pallet_Contents'!$D$2:$D$3000)) -> 0 | Y23: =IF($A2="","",SUMIF('07_Pallet_Contents'!$A$2:$A$3000,$A2,'07_Pallet_Contents'!$I$2:$I$3000)) -> 0 | Z23: =IF($A2="","",IF(COUNTIF('07_Pallet_Contents'!$A$2:$A$3000,$A2)>0,"Yes",""))
A24: PAL-0000023 | C24: WH-Z1-AisleA-Bay1-Level20 | D24: =IF($C24="","",IFERROR(LOOKUP(2,1/('03_Warehouse_Movements'!$C$2:$C$500=$A24),'03_Warehouse_Movements'!$E$2:$E$500),$C24)) -> WH-Z1-AisleA-Bay1-Level20 | E24: ACTIVE | F24: SAFE | H24: =IF(AND($F24="TEMP",$G24>0,$M24<>""),$M24+$G24,"") | I24: SAMPLE: Cables & Adapters | J24: SAMPLE: replace with real notes / serials / constraints | K24: 46052 | L24: SAMPLE-TECH | M24: =IF($C24="","",IFERROR(LOOKUP(2,1/('03_Warehouse_Movements'!$C$2:$C$500=$A24),'03_Warehouse_Movements'!$A$2:$A$500),"")) | N24: =IF($C24="","",IFERROR(LOOKUP(2,1/('03_Warehouse_Movements'!$C$2:$C$500=$A24),'03_Warehouse_Movements'!$H$2:$H$500),"")) | O24: =A24 -> PAL-0000023 | W24: =IF($A2="","",COUNTIF('07_Pallet_Contents'!$A$2:$A$3000,$A2)) -> 0 | X24: =IF($A2="","",SUMIF('07_Pallet_Contents'!$A$2:$A$3000,$A2,'07_Pallet_Contents'!$D$2:$D$3000)) -> 0 | Y24: =IF($A2="","",SUMIF('07_Pallet_Contents'!$A$2:$A$3000,$A2,'07_Pallet_Contents'!$I$2:$I$3000)) -> 0 | Z24: =IF($A2="","",IF(COUNTIF('07_Pallet_Contents'!$A$2:$A$3000,$A2)>0,"Yes",""))
A25: PAL-0000024 | C25: WH-Z1-AisleB-Bay1-Level1 | D25: =IF($C25="","",IFERROR(LOOKUP(2,1/('03_Warehouse_Movements'!$C$2:$C$500=$A25),'03_Warehouse_Movements'!$E$2:$E$500),$C25)) -> WH-Z1-AisleB-Bay1-Level1 | E25: ACTIVE | F25: SAFE | H25: =IF(AND($F25="TEMP",$G25>0,$M25<>""),$M25+$G25,"") | I25: SAMPLE: Racks & Rails | J25: SAMPLE: replace with real notes / serials / constraints | K25: 46052 | L25: SAMPLE-TECH | M25: =IF($C25="","",IFERROR(LOOKUP(2,1/('03_Warehouse_Movements'!$C$2:$C$500=$A25),'03_Warehouse_Movements'!$A$2:$A$500),"")) | N25: =IF($C25="","",IFERROR(LOOKUP(2,1/('03_Warehouse_Movements'!$C$2:$C$500=$A25),'03_Warehouse_Movements'!$H$2:$H$500),"")) | O25: =A25 -> PAL-0000024 | W25: =IF($A2="","",COUNTIF('07_Pallet_Contents'!$A$2:$A$3000,$A2)) -> 0 | X25: =IF($A2="","",SUMIF('07_Pallet_Contents'!$A$2:$A$3000,$A2,'07_Pallet_Contents'!$D$2:$D$3000)) -> 0 | Y25: =IF($A2="","",SUMIF('07_Pallet_Contents'!$A$2:$A$3000,$A2,'07_Pallet_Contents'!$I$2:$I$3000)) -> 0 | Z25: =IF($A2="","",IF(COUNTIF('07_Pallet_Contents'!$A$2:$A$3000,$A2)>0,"Yes",""))
A26: PAL-0000025 | C26: WH-Z1-AisleB-Bay1-Level2 | D26: =IF($C26="","",IFERROR(LOOKUP(2,1/('03_Warehouse_Movements'!$C$2:$C$500=$A26),'03_Warehouse_Movements'!$E$2:$E$500),$C26)) -> WH-Z1-AisleB-Bay1-Level2 | E26: ACTIVE | F26: TEMP | G26: 14 | H26: =IF(AND($F26="TEMP",$G26>0,$M26<>""),$M26+$G26,"") | I26: SAMPLE: Networking Gear | J26: SAMPLE: replace with real notes / serials / constraints | K26: 46052 | L26: SAMPLE-TECH | M26: =IF($C26="","",IFERROR(LOOKUP(2,1/('03_Warehouse_Movements'!$C$2:$C$500=$A26),'03_Warehouse_Movements'!$A$2:$A$500),"")) | N26: =IF($C26="","",IFERROR(LOOKUP(2,1/('03_Warehouse_Movements'!$C$2:$C$500=$A26),'03_Warehouse_Movements'!$H$2:$H$500),"")) | O26: =A26 -> PAL-0000025 | W26: =IF($A2="","",COUNTIF('07_Pallet_Contents'!$A$2:$A$3000,$A2)) -> 0 | X26: =IF($A2="","",SUMIF('07_Pallet_Contents'!$A$2:$A$3000,$A2,'07_Pallet_Contents'!$D$2:$D$3000)) -> 0 | Y26: =IF($A2="","",SUMIF('07_Pallet_Contents'!$A$2:$A$3000,$A2,'07_Pallet_Contents'!$I$2:$I$3000)) -> 0 | Z26: =IF($A2="","",IF(COUNTIF('07_Pallet_Contents'!$A$2:$A$3000,$A2)>0,"Yes",""))
A27: PAL-0000026 | C27: WH-Z1-AisleB-Bay1-Level3 | D27: =IF($C27="","",IFERROR(LOOKUP(2,1/('03_Warehouse_Movements'!$C$2:$C$500=$A27),'03_Warehouse_Movements'!$E$2:$E$500),$C27)) -> WH-Z1-AisleB-Bay1-Level3 | E27: ACTIVE | F27: SAFE | H27: =IF(AND($F27="TEMP",$G27>0,$M27<>""),$M27+$G27,"") | I27: SAMPLE: Keyboards & Mice | J27: SAMPLE: replace with real notes / serials / constraints | K27: 46052 | L27: SAMPLE-TECH | M27: =IF($C27="","",IFERROR(LOOKUP(2,1/('03_Warehouse_Movements'!$C$2:$C$500=$A27),'03_Warehouse_Movements'!$A$2:$A$500),"")) | N27: =IF($C27="","",IFERROR(LOOKUP(2,1/('03_Warehouse_Movements'!$C$2:$C$500=$A27),'03_Warehouse_Movements'!$H$2:$H$500),"")) | O27: =A27 -> PAL-0000026 | W27: =IF($A2="","",COUNTIF('07_Pallet_Contents'!$A$2:$A$3000,$A2)) -> 0 | X27: =IF($A2="","",SUMIF('07_Pallet_Contents'!$A$2:$A$3000,$A2,'07_Pallet_Contents'!$D$2:$D$3000)) -> 0 | Y27: =IF($A2="","",SUMIF('07_Pallet_Contents'!$A$2:$A$3000,$A2,'07_Pallet_Contents'!$I$2:$I$3000)) -> 0 | Z27: =IF($A2="","",IF(COUNTIF('07_Pallet_Contents'!$A$2:$A$3000,$A2)>0,"Yes",""))
A28: PAL-0000027 | C28: WH-Z1-AisleB-Bay1-Level4 | D28: =IF($C28="","",IFERROR(LOOKUP(2,1/('03_Warehouse_Movements'!$C$2:$C$500=$A28),'03_Warehouse_Movements'!$E$2:$E$500),$C28)) -> WH-Z1-AisleB-Bay1-Level4 | E28: ACTIVE | F28: SAFE | H28: =IF(AND($F28="TEMP",$G28>0,$M28<>""),$M28+$G28,"") | I28: SAMPLE: Spare Parts | J28: SAMPLE: replace with real notes / serials / constraints | K28: 46052 | L28: SAMPLE-TECH | M28: =IF($C28="","",IFERROR(LOOKUP(2,1/('03_Warehouse_Movements'!$C$2:$C$500=$A28),'03_Warehouse_Movements'!$A$2:$A$500),"")) | N28: =IF($C28="","",IFERROR(LOOKUP(2,1/('03_Warehouse_Movements'!$C$2:$C$500=$A28),'03_Warehouse_Movements'!$H$2:$H$500),"")) | O28: =A28 -> PAL-0000027 | W28: =IF($A2="","",COUNTIF('07_Pallet_Contents'!$A$2:$A$3000,$A2)) -> 0 | X28: =IF($A2="","",SUMIF('07_Pallet_Contents'!$A$2:$A$3000,$A2,'07_Pallet_Contents'!$D$2:$D$3000)) -> 0 | Y28: =IF($A2="","",SUMIF('07_Pallet_Contents'!$A$2:$A$3000,$A2,'07_Pallet_Contents'!$I$2:$I$3000)) -> 0 | Z28: =IF($A2="","",IF(COUNTIF('07_Pallet_Contents'!$A$2:$A$3000,$A2)>0,"Yes",""))
A29: PAL-0000028 | C29: WH-Z1-AisleB-Bay1-Level5 | D29: =IF($C29="","",IFERROR(LOOKUP(2,1/('03_Warehouse_Movements'!$C$2:$C$500=$A29),'03_Warehouse_Movements'!$E$2:$E$500),$C29)) -> WH-Z1-AisleB-Bay1-Level5 | E29: ACTIVE | F29: SAFE | H29: =IF(AND($F29="TEMP",$G29>0,$M29<>""),$M29+$G29,"") | I29: SAMPLE: Power Supplies | J29: SAMPLE: replace with real notes / serials / constraints | K29: 46052 | L29: SAMPLE-TECH | M29: =IF($C29="","",IFERROR(LOOKUP(2,1/('03_Warehouse_Movements'!$C$2:$C$500=$A29),'03_Warehouse_Movements'!$A$2:$A$500),"")) | N29: =IF($C29="","",IFERROR(LOOKUP(2,1/('03_Warehouse_Movements'!$C$2:$C$500=$A29),'03_Warehouse_Movements'!$H$2:$H$500),"")) | O29: =A29 -> PAL-0000028 | W29: =IF($A2="","",COUNTIF('07_Pallet_Contents'!$A$2:$A$3000,$A2)) -> 0 | X29: =IF($A2="","",SUMIF('07_Pallet_Contents'!$A$2:$A$3000,$A2,'07_Pallet_Contents'!$D$2:$D$3000)) -> 0 | Y29: =IF($A2="","",SUMIF('07_Pallet_Contents'!$A$2:$A$3000,$A2,'07_Pallet_Contents'!$I$2:$I$3000)) -> 0 | Z29: =IF($A2="","",IF(COUNTIF('07_Pallet_Contents'!$A$2:$A$3000,$A2)>0,"Yes",""))
A30: PAL-0000029 | B30: OVERFLOW-SAMPLE-PO1028-CAT4-PAL029 | C30: WH-Z1-AisleB-Bay1-Level6 | D30: =IF($C30="","",IFERROR(LOOKUP(2,1/('03_Warehouse_Movements'!$C$2:$C$500=$A30),'03_Warehouse_Movements'!$E$2:$E$500),$C30)) -> WH-Z1-AisleB-Bay1-Level6 | E30: ACTIVE | F30: SAFE | H30: =IF(AND($F30="TEMP",$G30>0,$M30<>""),$M30+$G30,"") | I30: SAMPLE: Imaging Equipment | J30: SAMPLE: replace with real notes / serials / constraints | K30: 46052 | L30: SAMPLE-TECH | M30: =IF($C30="","",IFERROR(LOOKUP(2,1/('03_Warehouse_Movements'!$C$2:$C$500=$A30),'03_Warehouse_Movements'!$A$2:$A$500),"")) | N30: =IF($C30="","",IFERROR(LOOKUP(2,1/('03_Warehouse_Movements'!$C$2:$C$500=$A30),'03_Warehouse_Movements'!$H$2:$H$500),"")) | O30: =A30 -> PAL-0000029 | W30: =IF($A2="","",COUNTIF('07_Pallet_Contents'!$A$2:$A$3000,$A2)) -> 0 | X30: =IF($A2="","",SUMIF('07_Pallet_Contents'!$A$2:$A$3000,$A2,'07_Pallet_Contents'!$D$2:$D$3000)) -> 0 | Y30: =IF($A2="","",SUMIF('07_Pallet_Contents'!$A$2:$A$3000,$A2,'07_Pallet_Contents'!$I$2:$I$3000)) -> 0 | Z30: =IF($A2="","",IF(COUNTIF('07_Pallet_Contents'!$A$2:$A$3000,$A2)>0,"Yes",""))
A31: PAL-0000030 | C31: WH-Z1-AisleB-Bay1-Level7 | D31: =IF($C31="","",IFERROR(LOOKUP(2,1/('03_Warehouse_Movements'!$C$2:$C$500=$A31),'03_Warehouse_Movements'!$E$2:$E$500),$C31)) -> WH-Z1-AisleB-Bay1-Level7 | E31: ACTIVE | F31: SAFE | H31: =IF(AND($F31="TEMP",$G31>0,$M31<>""),$M31+$G31,"") | I31: SAMPLE: Misc Hardware | J31: SAMPLE: replace with real notes / serials / constraints | K31: 46052 | L31: SAMPLE-TECH | M31: =IF($C31="","",IFERROR(LOOKUP(2,1/('03_Warehouse_Movements'!$C$2:$C$500=$A31),'03_Warehouse_Movements'!$A$2:$A$500),"")) | N31: =IF($C31="","",IFERROR(LOOKUP(2,1/('03_Warehouse_Movements'!$C$2:$C$500=$A31),'03_Warehouse_Movements'!$H$2:$H$500),"")) | O31: =A31 -> PAL-0000030 | W31: =IF($A2="","",COUNTIF('07_Pallet_Contents'!$A$2:$A$3000,$A2)) -> 0 | X31: =IF($A2="","",SUMIF('07_Pallet_Contents'!$A$2:$A$3000,$A2,'07_Pallet_Contents'!$D$2:$D$3000)) -> 0 | Y31: =IF($A2="","",SUMIF('07_Pallet_Contents'!$A$2:$A$3000,$A2,'07_Pallet_Contents'!$I$2:$I$3000)) -> 0 | Z31: =IF($A2="","",IF(COUNTIF('07_Pallet_Contents'!$A$2:$A$3000,$A2)>0,"Yes",""))
A32: PAL-0000031 | C32: WH-Z1-AisleB-Bay1-Level8 | D32: =IF($C32="","",IFERROR(LOOKUP(2,1/('03_Warehouse_Movements'!$C$2:$C$500=$A32),'03_Warehouse_Movements'!$E$2:$E$500),$C32)) -> WH-Z1-AisleB-Bay1-Level8 | E32: ACTIVE | F32: TEMP | G32: 14 | H32: =IF(AND($F32="TEMP",$G32>0,$M32<>""),$M32+$G32,"") | I32: SAMPLE: Dell Devices | J32: SAMPLE: replace with real notes / serials / constraints | K32: 46052 | L32: SAMPLE-TECH | M32: =IF($C32="","",IFERROR(LOOKUP(2,1/('03_Warehouse_Movements'!$C$2:$C$500=$A32),'03_Warehouse_Movements'!$A$2:$A$500),"")) | N32: =IF($C32="","",IFERROR(LOOKUP(2,1/('03_Warehouse_Movements'!$C$2:$C$500=$A32),'03_Warehouse_Movements'!$H$2:$H$500),"")) | O32: =A32 -> PAL-0000031 | W32: =IF($A2="","",COUNTIF('07_Pallet_Contents'!$A$2:$A$3000,$A2)) -> 0 | X32: =IF($A2="","",SUMIF('07_Pallet_Contents'!$A$2:$A$3000,$A2,'07_Pallet_Contents'!$D$2:$D$3000)) -> 0 | Y32: =IF($A2="","",SUMIF('07_Pallet_Contents'!$A$2:$A$3000,$A2,'07_Pallet_Contents'!$I$2:$I$3000)) -> 0 | Z32: =IF($A2="","",IF(COUNTIF('07_Pallet_Contents'!$A$2:$A$3000,$A2)>0,"Yes",""))
A33: PAL-0000032 | C33: WH-Z1-AisleB-Bay1-Level9 | D33: =IF($C33="","",IFERROR(LOOKUP(2,1/('03_Warehouse_Movements'!$C$2:$C$500=$A33),'03_Warehouse_Movements'!$E$2:$E$500),$C33)) -> WH-Z1-AisleB-Bay1-Level9 | E33: ACTIVE | F33: SAFE | H33: =IF(AND($F33="TEMP",$G33>0,$M33<>""),$M33+$G33,"") | I33: SAMPLE: Monitors 24-40 | J33: SAMPLE: replace with real notes / serials / constraints | K33: 46052 | L33: SAMPLE-TECH | M33: =IF($C33="","",IFERROR(LOOKUP(2,1/('03_Warehouse_Movements'!$C$2:$C$500=$A33),'03_Warehouse_Movements'!$A$2:$A$500),"")) | N33: =IF($C33="","",IFERROR(LOOKUP(2,1/('03_Warehouse_Movements'!$C$2:$C$500=$A33),'03_Warehouse_Movements'!$H$2:$H$500),"")) | O33: =A33 -> PAL-0000032 | W33: =IF($A2="","",COUNTIF('07_Pallet_Contents'!$A$2:$A$3000,$A2)) -> 0 | X33: =IF($A2="","",SUMIF('07_Pallet_Contents'!$A$2:$A$3000,$A2,'07_Pallet_Contents'!$D$2:$D$3000)) -> 0 | Y33: =IF($A2="","",SUMIF('07_Pallet_Contents'!$A$2:$A$3000,$A2,'07_Pallet_Contents'!$I$2:$I$3000)) -> 0 | Z33: =IF($A2="","",IF(COUNTIF('07_Pallet_Contents'!$A$2:$A$3000,$A2)>0,"Yes",""))
A34: PAL-0000033 | C34: WH-Z1-AisleB-Bay1-Level10 | D34: =IF($C34="","",IFERROR(LOOKUP(2,1/('03_Warehouse_Movements'!$C$2:$C$500=$A34),'03_Warehouse_Movements'!$E$2:$E$500),$C34)) -> WH-Z1-AisleB-Bay1-Level10 | E34: ACTIVE | F34: SAFE | H34: =IF(AND($F34="TEMP",$G34>0,$M34<>""),$M34+$G34,"") | I34: SAMPLE: Cables & Adapters | J34: SAMPLE: replace with real notes / serials / constraints | K34: 46052 | L34: SAMPLE-TECH | M34: =IF($C34="","",IFERROR(LOOKUP(2,1/('03_Warehouse_Movements'!$C$2:$C$500=$A34),'03_Warehouse_Movements'!$A$2:$A$500),"")) | N34: =IF($C34="","",IFERROR(LOOKUP(2,1/('03_Warehouse_Movements'!$C$2:$C$500=$A34),'03_Warehouse_Movements'!$H$2:$H$500),"")) | O34: =A34 -> PAL-0000033 | W34: =IF($A2="","",COUNTIF('07_Pallet_Contents'!$A$2:$A$3000,$A2)) -> 0 | X34: =IF($A2="","",SUMIF('07_Pallet_Contents'!$A$2:$A$3000,$A2,'07_Pallet_Contents'!$D$2:$D$3000)) -> 0 | Y34: =IF($A2="","",SUMIF('07_Pallet_Contents'!$A$2:$A$3000,$A2,'07_Pallet_Contents'!$I$2:$I$3000)) -> 0 | Z34: =IF($A2="","",IF(COUNTIF('07_Pallet_Contents'!$A$2:$A$3000,$A2)>0,"Yes",""))
A35: PAL-0000034 | C35: WH-Z1-AisleB-Bay1-Level11 | D35: =IF($C35="","",IFERROR(LOOKUP(2,1/('03_Warehouse_Movements'!$C$2:$C$500=$A35),'03_Warehouse_Movements'!$E$2:$E$500),$C35)) -> WH-Z1-AisleB-Bay1-Level11 | E35: ACTIVE | F35: SAFE | H35: =IF(AND($F35="TEMP",$G35>0,$M35<>""),$M35+$G35,"") | I35: SAMPLE: Racks & Rails | J35: SAMPLE: replace with real notes / serials / constraints | K35: 46052 | L35: SAMPLE-TECH | M35: =IF($C35="","",IFERROR(LOOKUP(2,1/('03_Warehouse_Movements'!$C$2:$C$500=$A35),'03_Warehouse_Movements'!$A$2:$A$500),"")) | N35: =IF($C35="","",IFERROR(LOOKUP(2,1/('03_Warehouse_Movements'!$C$2:$C$500=$A35),'03_Warehouse_Movements'!$H$2:$H$500),"")) | O35: =A35 -> PAL-0000034 | W35: =IF($A2="","",COUNTIF('07_Pallet_Contents'!$A$2:$A$3000,$A2)) -> 0 | X35: =IF($A2="","",SUMIF('07_Pallet_Contents'!$A$2:$A$3000,$A2,'07_Pallet_Contents'!$D$2:$D$3000)) -> 0 | Y35: =IF($A2="","",SUMIF('07_Pallet_Contents'!$A$2:$A$3000,$A2,'07_Pallet_Contents'!$I$2:$I$3000)) -> 0 | Z35: =IF($A2="","",IF(COUNTIF('07_Pallet_Contents'!$A$2:$A$3000,$A2)>0,"Yes",""))
A36: PAL-0000035 | C36: WH-Z1-AisleB-Bay1-Level12 | D36: =IF($C36="","",IFERROR(LOOKUP(2,1/('03_Warehouse_Movements'!$C$2:$C$500=$A36),'03_Warehouse_Movements'!$E$2:$E$500),$C36)) -> WH-Z1-AisleB-Bay1-Level12 | E36: ACTIVE | F36: SAFE | H36: =IF(AND($F36="TEMP",$G36>0,$M36<>""),$M36+$G36,"") | I36: SAMPLE: Networking Gear | J36: SAMPLE: replace with real notes / serials / constraints | K36: 46052 | L36: SAMPLE-TECH | M36: =IF($C36="","",IFERROR(LOOKUP(2,1/('03_Warehouse_Movements'!$C$2:$C$500=$A36),'03_Warehouse_Movements'!$A$2:$A$500),"")) | N36: =IF($C36="","",IFERROR(LOOKUP(2,1/('03_Warehouse_Movements'!$C$2:$C$500=$A36),'03_Warehouse_Movements'!$H$2:$H$500),"")) | O36: =A36 -> PAL-0000035 | W36: =IF($A2="","",COUNTIF('07_Pallet_Contents'!$A$2:$A$3000,$A2)) -> 0 | X36: =IF($A2="","",SUMIF('07_Pallet_Contents'!$A$2:$A$3000,$A2,'07_Pallet_Contents'!$D$2:$D$3000)) -> 0 | Y36: =IF($A2="","",SUMIF('07_Pallet_Contents'!$A$2:$A$3000,$A2,'07_Pallet_Contents'!$I$2:$I$3000)) -> 0 | Z36: =IF($A2="","",IF(COUNTIF('07_Pallet_Contents'!$A$2:$A$3000,$A2)>0,"Yes",""))
A37: PAL-0000036 | B37: OVERFLOW-SAMPLE-PO1035-CAT1-PAL036 | C37: WH-Z1-AisleB-Bay1-Level13 | D37: =IF($C37="","",IFERROR(LOOKUP(2,1/('03_Warehouse_Movements'!$C$2:$C$500=$A37),'03_Warehouse_Movements'!$E$2:$E$500),$C37)) -> WH-Z1-AisleB-Bay1-Level13 | E37: ACTIVE | F37: SAFE | H37: =IF(AND($F37="TEMP",$G37>0,$M37<>""),$M37+$G37,"") | I37: SAMPLE: Keyboards & Mice | J37: SAMPLE: replace with real notes / serials / constraints | K37: 46052 | L37: SAMPLE-TECH | M37: =IF($C37="","",IFERROR(LOOKUP(2,1/('03_Warehouse_Movements'!$C$2:$C$500=$A37),'03_Warehouse_Movements'!$A$2:$A$500),"")) | N37: =IF($C37="","",IFERROR(LOOKUP(2,1/('03_Warehouse_Movements'!$C$2:$C$500=$A37),'03_Warehouse_Movements'!$H$2:$H$500),"")) | O37: =A37 -> PAL-0000036 | W37: =IF($A2="","",COUNTIF('07_Pallet_Contents'!$A$2:$A$3000,$A2)) -> 0 | X37: =IF($A2="","",SUMIF('07_Pallet_Contents'!$A$2:$A$3000,$A2,'07_Pallet_Contents'!$D$2:$D$3000)) -> 0 | Y37: =IF($A2="","",SUMIF('07_Pallet_Contents'!$A$2:$A$3000,$A2,'07_Pallet_Contents'!$I$2:$I$3000)) -> 0 | Z37: =IF($A2="","",IF(COUNTIF('07_Pallet_Contents'!$A$2:$A$3000,$A2)>0,"Yes",""))
A38: PAL-0000037 | C38: WH-Z1-AisleB-Bay1-Level14 | D38: =IF($C38="","",IFERROR(LOOKUP(2,1/('03_Warehouse_Movements'!$C$2:$C$500=$A38),'03_Warehouse_Movements'!$E$2:$E$500),$C38)) -> WH-Z1-AisleB-Bay1-Level14 | E38: ACTIVE | F38: TEMP | G38: 14 | H38: =IF(AND($F38="TEMP",$G38>0,$M38<>""),$M38+$G38,"") | I38: SAMPLE: Spare Parts | J38: SAMPLE: replace with real notes / serials / constraints | K38: 46052 | L38: SAMPLE-TECH | M38: =IF($C38="","",IFERROR(LOOKUP(2,1/('03_Warehouse_Movements'!$C$2:$C$500=$A38),'03_Warehouse_Movements'!$A$2:$A$500),"")) | N38: =IF($C38="","",IFERROR(LOOKUP(2,1/('03_Warehouse_Movements'!$C$2:$C$500=$A38),'03_Warehouse_Movements'!$H$2:$H$500),"")) | O38: =A38 -> PAL-0000037 | W38: =IF($A2="","",COUNTIF('07_Pallet_Contents'!$A$2:$A$3000,$A2)) -> 0 | X38: =IF($A2="","",SUMIF('07_Pallet_Contents'!$A$2:$A$3000,$A2,'07_Pallet_Contents'!$D$2:$D$3000)) -> 0 | Y38: =IF($A2="","",SUMIF('07_Pallet_Contents'!$A$2:$A$3000,$A2,'07_Pallet_Contents'!$I$2:$I$3000)) -> 0 | Z38: =IF($A2="","",IF(COUNTIF('07_Pallet_Contents'!$A$2:$A$3000,$A2)>0,"Yes",""))
A39: PAL-0000038 | C39: WH-Z1-AisleB-Bay1-Level15 | D39: =IF($C39="","",IFERROR(LOOKUP(2,1/('03_Warehouse_Movements'!$C$2:$C$500=$A39),'03_Warehouse_Movements'!$E$2:$E$500),$C39)) -> WH-Z1-AisleB-Bay1-Level15 | E39: ACTIVE | F39: SAFE | H39: =IF(AND($F39="TEMP",$G39>0,$M39<>""),$M39+$G39,"") | I39: SAMPLE: Power Supplies | J39: SAMPLE: replace with real notes / serials / constraints | K39: 46052 | L39: SAMPLE-TECH | M39: =IF($C39="","",IFERROR(LOOKUP(2,1/('03_Warehouse_Movements'!$C$2:$C$500=$A39),'03_Warehouse_Movements'!$A$2:$A$500),"")) | N39: =IF($C39="","",IFERROR(LOOKUP(2,1/('03_Warehouse_Movements'!$C$2:$C$500=$A39),'03_Warehouse_Movements'!$H$2:$H$500),"")) | O39: =A39 -> PAL-0000038 | W39: =IF($A2="","",COUNTIF('07_Pallet_Contents'!$A$2:$A$3000,$A2)) -> 0 | X39: =IF($A2="","",SUMIF('07_Pallet_Contents'!$A$2:$A$3000,$A2,'07_Pallet_Contents'!$D$2:$D$3000)) -> 0 | Y39: =IF($A2="","",SUMIF('07_Pallet_Contents'!$A$2:$A$3000,$A2,'07_Pallet_Contents'!$I$2:$I$3000)) -> 0 | Z39: =IF($A2="","",IF(COUNTIF('07_Pallet_Contents'!$A$2:$A$3000,$A2)>0,"Yes",""))
A40: PAL-0000039 | C40: WH-Z1-AisleB-Bay1-Level16 | D40: =IF($C40="","",IFERROR(LOOKUP(2,1/('03_Warehouse_Movements'!$C$2:$C$500=$A40),'03_Warehouse_Movements'!$E$2:$E$500),$C40)) -> WH-Z1-AisleB-Bay1-Level16 | E40: ACTIVE | F40: SAFE | H40: =IF(AND($F40="TEMP",$G40>0,$M40<>""),$M40+$G40,"") | I40: SAMPLE: Imaging Equipment | J40: SAMPLE: replace with real notes / serials / constraints | K40: 46052 | L40: SAMPLE-TECH | M40: =IF($C40="","",IFERROR(LOOKUP(2,1/('03_Warehouse_Movements'!$C$2:$C$500=$A40),'03_Warehouse_Movements'!$A$2:$A$500),"")) | N40: =IF($C40="","",IFERROR(LOOKUP(2,1/('03_Warehouse_Movements'!$C$2:$C$500=$A40),'03_Warehouse_Movements'!$H$2:$H$500),"")) | O40: =A40 -> PAL-0000039 | W40: =IF($A2="","",COUNTIF('07_Pallet_Contents'!$A$2:$A$3000,$A2)) -> 0 | X40: =IF($A2="","",SUMIF('07_Pallet_Contents'!$A$2:$A$3000,$A2,'07_Pallet_Contents'!$D$2:$D$3000)) -> 0 | Y40: =IF($A2="","",SUMIF('07_Pallet_Contents'!$A$2:$A$3000,$A2,'07_Pallet_Contents'!$I$2:$I$3000)) -> 0 | Z40: =IF($A2="","",IF(COUNTIF('07_Pallet_Contents'!$A$2:$A$3000,$A2)>0,"Yes",""))
A41: PAL-0000040 | C41: WH-Z1-AisleB-Bay1-Level17 | D41: =IF($C41="","",IFERROR(LOOKUP(2,1/('03_Warehouse_Movements'!$C$2:$C$500=$A41),'03_Warehouse_Movements'!$E$2:$E$500),$C41)) -> WH-Z1-AisleB-Bay1-Level17 | E41: ACTIVE | F41: SAFE | H41: =IF(AND($F41="TEMP",$G41>0,$M41<>""),$M41+$G41,"") | I41: SAMPLE: Misc Hardware | J41: SAMPLE: replace with real notes / serials / constraints | K41: 46052 | L41: SAMPLE-TECH | M41: =IF($C41="","",IFERROR(LOOKUP(2,1/('03_Warehouse_Movements'!$C$2:$C$500=$A41),'03_Warehouse_Movements'!$A$2:$A$500),"")) | N41: =IF($C41="","",IFERROR(LOOKUP(2,1/('03_Warehouse_Movements'!$C$2:$C$500=$A41),'03_Warehouse_Movements'!$H$2:$H$500),"")) | O41: =A41 -> PAL-0000040 | W41: =IF($A2="","",COUNTIF('07_Pallet_Contents'!$A$2:$A$3000,$A2)) -> 0 | X41: =IF($A2="","",SUMIF('07_Pallet_Contents'!$A$2:$A$3000,$A2,'07_Pallet_Contents'!$D$2:$D$3000)) -> 0 | Y41: =IF($A2="","",SUMIF('07_Pallet_Contents'!$A$2:$A$3000,$A2,'07_Pallet_Contents'!$I$2:$I$3000)) -> 0 | Z41: =IF($A2="","",IF(COUNTIF('07_Pallet_Contents'!$A$2:$A$3000,$A2)>0,"Yes",""))
A42: PAL-0000041 | C42: WH-Z1-AisleB-Bay1-Level18 | D42: =IF($C42="","",IFERROR(LOOKUP(2,1/('03_Warehouse_Movements'!$C$2:$C$500=$A42),'03_Warehouse_Movements'!$E$2:$E$500),$C42)) -> WH-Z1-AisleB-Bay1-Level18 | E42: ACTIVE | F42: SAFE | H42: =IF(AND($F42="TEMP",$G42>0,$M42<>""),$M42+$G42,"") | I42: SAMPLE: Dell Devices | J42: SAMPLE: replace with real notes / serials / constraints | K42: 46052 | L42: SAMPLE-TECH | M42: =IF($C42="","",IFERROR(LOOKUP(2,1/('03_Warehouse_Movements'!$C$2:$C$500=$A42),'03_Warehouse_Movements'!$A$2:$A$500),"")) | N42: =IF($C42="","",IFERROR(LOOKUP(2,1/('03_Warehouse_Movements'!$C$2:$C$500=$A42),'03_Warehouse_Movements'!$H$2:$H$500),"")) | O42: =A42 -> PAL-0000041 | W42: =IF($A2="","",COUNTIF('07_Pallet_Contents'!$A$2:$A$3000,$A2)) -> 0 | X42: =IF($A2="","",SUMIF('07_Pallet_Contents'!$A$2:$A$3000,$A2,'07_Pallet_Contents'!$D$2:$D$3000)) -> 0 | Y42: =IF($A2="","",SUMIF('07_Pallet_Contents'!$A$2:$A$3000,$A2,'07_Pallet_Contents'!$I$2:$I$3000)) -> 0 | Z42: =IF($A2="","",IF(COUNTIF('07_Pallet_Contents'!$A$2:$A$3000,$A2)>0,"Yes",""))
A43: PAL-0000042 | C43: WH-Z1-AisleB-Bay1-Level19 | D43: =IF($C43="","",IFERROR(LOOKUP(2,1/('03_Warehouse_Movements'!$C$2:$C$500=$A43),'03_Warehouse_Movements'!$E$2:$E$500),$C43)) -> WH-Z1-AisleB-Bay1-Level19 | E43: ACTIVE | F43: SAFE | H43: =IF(AND($F43="TEMP",$G43>0,$M43<>""),$M43+$G43,"") | I43: SAMPLE: Monitors 24-40 | J43: SAMPLE: replace with real notes / serials / constraints | K43: 46052 | L43: SAMPLE-TECH | M43: =IF($C43="","",IFERROR(LOOKUP(2,1/('03_Warehouse_Movements'!$C$2:$C$500=$A43),'03_Warehouse_Movements'!$A$2:$A$500),"")) | N43: =IF($C43="","",IFERROR(LOOKUP(2,1/('03_Warehouse_Movements'!$C$2:$C$500=$A43),'03_Warehouse_Movements'!$H$2:$H$500),"")) | O43: =A43 -> PAL-0000042 | W43: =IF($A2="","",COUNTIF('07_Pallet_Contents'!$A$2:$A$3000,$A2)) -> 0 | X43: =IF($A2="","",SUMIF('07_Pallet_Contents'!$A$2:$A$3000,$A2,'07_Pallet_Contents'!$D$2:$D$3000)) -> 0 | Y43: =IF($A2="","",SUMIF('07_Pallet_Contents'!$A$2:$A$3000,$A2,'07_Pallet_Contents'!$I$2:$I$3000)) -> 0 | Z43: =IF($A2="","",IF(COUNTIF('07_Pallet_Contents'!$A$2:$A$3000,$A2)>0,"Yes",""))
A44: PAL-0000043 | B44: OVERFLOW-SAMPLE-PO1042-CAT3-PAL043 | C44: WH-Z1-AisleB-Bay1-Level20 | D44: =IF($C44="","",IFERROR(LOOKUP(2,1/('03_Warehouse_Movements'!$C$2:$C$500=$A44),'03_Warehouse_Movements'!$E$2:$E$500),$C44)) -> WH-Z1-AisleB-Bay1-Level20 | E44: ACTIVE | F44: TEMP | G44: 14 | H44: =IF(AND($F44="TEMP",$G44>0,$M44<>""),$M44+$G44,"") | I44: SAMPLE: Cables & Adapters | J44: SAMPLE: replace with real notes / serials / constraints | K44: 46052 | L44: SAMPLE-TECH | M44: =IF($C44="","",IFERROR(LOOKUP(2,1/('03_Warehouse_Movements'!$C$2:$C$500=$A44),'03_Warehouse_Movements'!$A$2:$A$500),"")) | N44: =IF($C44="","",IFERROR(LOOKUP(2,1/('03_Warehouse_Movements'!$C$2:$C$500=$A44),'03_Warehouse_Movements'!$H$2:$H$500),"")) | O44: =A44 -> PAL-0000043 | W44: =IF($A2="","",COUNTIF('07_Pallet_Contents'!$A$2:$A$3000,$A2)) -> 0 | X44: =IF($A2="","",SUMIF('07_Pallet_Contents'!$A$2:$A$3000,$A2,'07_Pallet_Contents'!$D$2:$D$3000)) -> 0 | Y44: =IF($A2="","",SUMIF('07_Pallet_Contents'!$A$2:$A$3000,$A2,'07_Pallet_Contents'!$I$2:$I$3000)) -> 0 | Z44: =IF($A2="","",IF(COUNTIF('07_Pallet_Contents'!$A$2:$A$3000,$A2)>0,"Yes",""))
A45: PAL-0000044 | C45: WH-Z1-AisleC-Bay1-Level1 | D45: =IF($C45="","",IFERROR(LOOKUP(2,1/('03_Warehouse_Movements'!$C$2:$C$500=$A45),'03_Warehouse_Movements'!$E$2:$E$500),$C45)) -> WH-Z1-AisleC-Bay1-Level1 | E45: ACTIVE | F45: SAFE | H45: =IF(AND($F45="TEMP",$G45>0,$M45<>""),$M45+$G45,"") | I45: SAMPLE: Racks & Rails | J45: SAMPLE: replace with real notes / serials / constraints | K45: 46052 | L45: SAMPLE-TECH | M45: =IF($C45="","",IFERROR(LOOKUP(2,1/('03_Warehouse_Movements'!$C$2:$C$500=$A45),'03_Warehouse_Movements'!$A$2:$A$500),"")) | N45: =IF($C45="","",IFERROR(LOOKUP(2,1/('03_Warehouse_Movements'!$C$2:$C$500=$A45),'03_Warehouse_Movements'!$H$2:$H$500),"")) | O45: =A45 -> PAL-0000044 | W45: =IF($A2="","",COUNTIF('07_Pallet_Contents'!$A$2:$A$3000,$A2)) -> 0 | X45: =IF($A2="","",SUMIF('07_Pallet_Contents'!$A$2:$A$3000,$A2,'07_Pallet_Contents'!$D$2:$D$3000)) -> 0 | Y45: =IF($A2="","",SUMIF('07_Pallet_Contents'!$A$2:$A$3000,$A2,'07_Pallet_Contents'!$I$2:$I$3000)) -> 0 | Z45: =IF($A2="","",IF(COUNTIF('07_Pallet_Contents'!$A$2:$A$3000,$A2)>0,"Yes",""))
A46: PAL-0000045 | C46: WH-Z1-AisleC-Bay1-Level2 | D46: =IF($C46="","",IFERROR(LOOKUP(2,1/('03_Warehouse_Movements'!$C$2:$C$500=$A46),'03_Warehouse_Movements'!$E$2:$E$500),$C46)) -> WH-Z1-AisleC-Bay1-Level2 | E46: ACTIVE | F46: SAFE | H46: =IF(AND($F46="TEMP",$G46>0,$M46<>""),$M46+$G46,"") | I46: SAMPLE: Networking Gear | J46: SAMPLE: replace with real notes / serials / constraints | K46: 46052 | L46: SAMPLE-TECH | M46: =IF($C46="","",IFERROR(LOOKUP(2,1/('03_Warehouse_Movements'!$C$2:$C$500=$A46),'03_Warehouse_Movements'!$A$2:$A$500),"")) | N46: =IF($C46="","",IFERROR(LOOKUP(2,1/('03_Warehouse_Movements'!$C$2:$C$500=$A46),'03_Warehouse_Movements'!$H$2:$H$500),"")) | O46: =A46 -> PAL-0000045 | W46: =IF($A2="","",COUNTIF('07_Pallet_Contents'!$A$2:$A$3000,$A2)) -> 0 | X46: =IF($A2="","",SUMIF('07_Pallet_Contents'!$A$2:$A$3000,$A2,'07_Pallet_Contents'!$D$2:$D$3000)) -> 0 | Y46: =IF($A2="","",SUMIF('07_Pallet_Contents'!$A$2:$A$3000,$A2,'07_Pallet_Contents'!$I$2:$I$3000)) -> 0 | Z46: =IF($A2="","",IF(COUNTIF('07_Pallet_Contents'!$A$2:$A$3000,$A2)>0,"Yes",""))
A47: PAL-0000046 | C47: WH-Z1-AisleC-Bay1-Level3 | D47: =IF($C47="","",IFERROR(LOOKUP(2,1/('03_Warehouse_Movements'!$C$2:$C$500=$A47),'03_Warehouse_Movements'!$E$2:$E$500),$C47)) -> WH-Z1-AisleC-Bay1-Level3 | E47: ACTIVE | F47: SAFE | H47: =IF(AND($F47="TEMP",$G47>0,$M47<>""),$M47+$G47,"") | I47: SAMPLE: Keyboards & Mice | J47: SAMPLE: replace with real notes / serials / constraints | K47: 46052 | L47: SAMPLE-TECH | M47: =IF($C47="","",IFERROR(LOOKUP(2,1/('03_Warehouse_Movements'!$C$2:$C$500=$A47),'03_Warehouse_Movements'!$A$2:$A$500),"")) | N47: =IF($C47="","",IFERROR(LOOKUP(2,1/('03_Warehouse_Movements'!$C$2:$C$500=$A47),'03_Warehouse_Movements'!$H$2:$H$500),"")) | O47: =A47 -> PAL-0000046 | W47: =IF($A2="","",COUNTIF('07_Pallet_Contents'!$A$2:$A$3000,$A2)) -> 0 | X47: =IF($A2="","",SUMIF('07_Pallet_Contents'!$A$2:$A$3000,$A2,'07_Pallet_Contents'!$D$2:$D$3000)) -> 0 | Y47: =IF($A2="","",SUMIF('07_Pallet_Contents'!$A$2:$A$3000,$A2,'07_Pallet_Contents'!$I$2:$I$3000)) -> 0 | Z47: =IF($A2="","",IF(COUNTIF('07_Pallet_Contents'!$A$2:$A$3000,$A2)>0,"Yes",""))
A48: PAL-0000047 | C48: WH-Z1-AisleC-Bay1-Level4 | D48: =IF($C48="","",IFERROR(LOOKUP(2,1/('03_Warehouse_Movements'!$C$2:$C$500=$A48),'03_Warehouse_Movements'!$E$2:$E$500),$C48)) -> WH-Z1-AisleC-Bay1-Level4 | E48: ACTIVE | F48: SAFE | H48: =IF(AND($F48="TEMP",$G48>0,$M48<>""),$M48+$G48,"") | I48: SAMPLE: Spare Parts | J48: SAMPLE: replace with real notes / serials / constraints | K48: 46052 | L48: SAMPLE-TECH | M48: =IF($C48="","",IFERROR(LOOKUP(2,1/('03_Warehouse_Movements'!$C$2:$C$500=$A48),'03_Warehouse_Movements'!$A$2:$A$500),"")) | N48: =IF($C48="","",IFERROR(LOOKUP(2,1/('03_Warehouse_Movements'!$C$2:$C$500=$A48),'03_Warehouse_Movements'!$H$2:$H$500),"")) | O48: =A48 -> PAL-0000047 | W48: =IF($A2="","",COUNTIF('07_Pallet_Contents'!$A$2:$A$3000,$A2)) -> 0 | X48: =IF($A2="","",SUMIF('07_Pallet_Contents'!$A$2:$A$3000,$A2,'07_Pallet_Contents'!$D$2:$D$3000)) -> 0 | Y48: =IF($A2="","",SUMIF('07_Pallet_Contents'!$A$2:$A$3000,$A2,'07_Pallet_Contents'!$I$2:$I$3000)) -> 0 | Z48: =IF($A2="","",IF(COUNTIF('07_Pallet_Contents'!$A$2:$A$3000,$A2)>0,"Yes",""))
A49: PAL-0000048 | C49: WH-Z1-AisleC-Bay1-Level5 | D49: =IF($C49="","",IFERROR(LOOKUP(2,1/('03_Warehouse_Movements'!$C$2:$C$500=$A49),'03_Warehouse_Movements'!$E$2:$E$500),$C49)) -> WH-Z1-AisleC-Bay1-Level5 | E49: ACTIVE | F49: SAFE | H49: =IF(AND($F49="TEMP",$G49>0,$M49<>""),$M49+$G49,"") | I49: SAMPLE: Power Supplies | J49: SAMPLE: replace with real notes / serials / constraints | K49: 46052 | L49: SAMPLE-TECH | M49: =IF($C49="","",IFERROR(LOOKUP(2,1/('03_Warehouse_Movements'!$C$2:$C$500=$A49),'03_Warehouse_Movements'!$A$2:$A$500),"")) | N49: =IF($C49="","",IFERROR(LOOKUP(2,1/('03_Warehouse_Movements'!$C$2:$C$500=$A49),'03_Warehouse_Movements'!$H$2:$H$500),"")) | O49: =A49 -> PAL-0000048 | W49: =IF($A2="","",COUNTIF('07_Pallet_Contents'!$A$2:$A$3000,$A2)) -> 0 | X49: =IF($A2="","",SUMIF('07_Pallet_Contents'!$A$2:$A$3000,$A2,'07_Pallet_Contents'!$D$2:$D$3000)) -> 0 | Y49: =IF($A2="","",SUMIF('07_Pallet_Contents'!$A$2:$A$3000,$A2,'07_Pallet_Contents'!$I$2:$I$3000)) -> 0 | Z49: =IF($A2="","",IF(COUNTIF('07_Pallet_Contents'!$A$2:$A$3000,$A2)>0,"Yes",""))
A50: PAL-0000049 | C50: WH-Z1-AisleC-Bay1-Level6 | D50: =IF($C50="","",IFERROR(LOOKUP(2,1/('03_Warehouse_Movements'!$C$2:$C$500=$A50),'03_Warehouse_Movements'!$E$2:$E$500),$C50)) -> WH-Z1-AisleC-Bay1-Level6 | E50: ACTIVE | F50: TEMP | G50: 14 | H50: =IF(AND($F50="TEMP",$G50>0,$M50<>""),$M50+$G50,"") | I50: SAMPLE: Imaging Equipment | J50: SAMPLE: replace with real notes / serials / constraints | K50: 46052 | L50: SAMPLE-TECH | M50: =IF($C50="","",IFERROR(LOOKUP(2,1/('03_Warehouse_Movements'!$C$2:$C$500=$A50),'03_Warehouse_Movements'!$A$2:$A$500),"")) | N50: =IF($C50="","",IFERROR(LOOKUP(2,1/('03_Warehouse_Movements'!$C$2:$C$500=$A50),'03_Warehouse_Movements'!$H$2:$H$500),"")) | O50: =A50 -> PAL-0000049 | W50: =IF($A2="","",COUNTIF('07_Pallet_Contents'!$A$2:$A$3000,$A2)) -> 0 | X50: =IF($A2="","",SUMIF('07_Pallet_Contents'!$A$2:$A$3000,$A2,'07_Pallet_Contents'!$D$2:$D$3000)) -> 0 | Y50: =IF($A2="","",SUMIF('07_Pallet_Contents'!$A$2:$A$3000,$A2,'07_Pallet_Contents'!$I$2:$I$3000)) -> 0 | Z50: =IF($A2="","",IF(COUNTIF('07_Pallet_Contents'!$A$2:$A$3000,$A2)>0,"Yes",""))
A51: PAL-0000050 | B51: OVERFLOW-SAMPLE-PO1049-CAT5-PAL050 | C51: WH-Z1-AisleC-Bay1-Level7 | D51: =IF($C51="","",IFERROR(LOOKUP(2,1/('03_Warehouse_Movements'!$C$2:$C$500=$A51),'03_Warehouse_Movements'!$E$2:$E$500),$C51)) -> WH-Z1-AisleC-Bay1-Level7 | E51: RETIRED | F51: SAFE | H51: =IF(AND($F51="TEMP",$G51>0,$M51<>""),$M51+$G51,"") | I51: SAMPLE: Misc Hardware | J51: SAMPLE: replace with real notes / serials / constraints | K51: 46052 | L51: SAMPLE-TECH | M51: =IF($C51="","",IFERROR(LOOKUP(2,1/('03_Warehouse_Movements'!$C$2:$C$500=$A51),'03_Warehouse_Movements'!$A$2:$A$500),"")) | N51: =IF($C51="","",IFERROR(LOOKUP(2,1/('03_Warehouse_Movements'!$C$2:$C$500=$A51),'03_Warehouse_Movements'!$H$2:$H$500),"")) | O51: =A51 -> PAL-0000050 | W51: =IF($A2="","",COUNTIF('07_Pallet_Contents'!$A$2:$A$3000,$A2)) -> 0 | X51: =IF($A2="","",SUMIF('07_Pallet_Contents'!$A$2:$A$3000,$A2,'07_Pallet_Contents'!$D$2:$D$3000)) -> 0 | Y51: =IF($A2="","",SUMIF('07_Pallet_Contents'!$A$2:$A$3000,$A2,'07_Pallet_Contents'!$I$2:$I$3000)) -> 0 | Z51: =IF($A2="","",IF(COUNTIF('07_Pallet_Contents'!$A$2:$A$3000,$A2)>0,"Yes",""))
A52: PAL-0000051 | C52: WH-Z1-AisleC-Bay1-Level8 | D52: =IF($C52="","",IFERROR(LOOKUP(2,1/('03_Warehouse_Movements'!$C$2:$C$500=$A52),'03_Warehouse_Movements'!$E$2:$E$500),$C52)) -> WH-Z1-AisleC-Bay1-Level8 | E52: RETIRED | F52: SAFE | H52: =IF(AND($F52="TEMP",$G52>0,$M52<>""),$M52+$G52,"") | I52: SAMPLE: Dell Devices | J52: SAMPLE: replace with real notes / serials / constraints | K52: 46052 | L52: SAMPLE-TECH | M52: =IF($C52="","",IFERROR(LOOKUP(2,1/('03_Warehouse_Movements'!$C$2:$C$500=$A52),'03_Warehouse_Movements'!$A$2:$A$500),"")) | N52: =IF($C52="","",IFERROR(LOOKUP(2,1/('03_Warehouse_Movements'!$C$2:$C$500=$A52),'03_Warehouse_Movements'!$H$2:$H$500),"")) | O52: =A52 -> PAL-0000051 | W52: =IF($A2="","",COUNTIF('07_Pallet_Contents'!$A$2:$A$3000,$A2)) -> 0 | X52: =IF($A2="","",SUMIF('07_Pallet_Contents'!$A$2:$A$3000,$A2,'07_Pallet_Contents'!$D$2:$D$3000)) -> 0 | Y52: =IF($A2="","",SUMIF('07_Pallet_Contents'!$A$2:$A$3000,$A2,'07_Pallet_Contents'!$I$2:$I$3000)) -> 0 | Z52: =IF($A2="","",IF(COUNTIF('07_Pallet_Contents'!$A$2:$A$3000,$A2)>0,"Yes",""))
A53: PAL-0000052 | C53: WH-Z1-AisleC-Bay1-Level9 | D53: =IF($C53="","",IFERROR(LOOKUP(2,1/('03_Warehouse_Movements'!$C$2:$C$500=$A53),'03_Warehouse_Movements'!$E$2:$E$500),$C53)) -> WH-Z1-AisleC-Bay1-Level9 | E53: ACTIVE | F53: SAFE | H53: =IF(AND($F53="TEMP",$G53>0,$M53<>""),$M53+$G53,"") | I53: SAMPLE: Monitors 24-40 | J53: SAMPLE: replace with real notes / serials / constraints | K53: 46052 | L53: SAMPLE-TECH | M53: =IF($C53="","",IFERROR(LOOKUP(2,1/('03_Warehouse_Movements'!$C$2:$C$500=$A53),'03_Warehouse_Movements'!$A$2:$A$500),"")) | N53: =IF($C53="","",IFERROR(LOOKUP(2,1/('03_Warehouse_Movements'!$C$2:$C$500=$A53),'03_Warehouse_Movements'!$H$2:$H$500),"")) | O53: =A53 -> PAL-0000052 | W53: =IF($A2="","",COUNTIF('07_Pallet_Contents'!$A$2:$A$3000,$A2)) -> 0 | X53: =IF($A2="","",SUMIF('07_Pallet_Contents'!$A$2:$A$3000,$A2,'07_Pallet_Contents'!$D$2:$D$3000)) -> 0 | Y53: =IF($A2="","",SUMIF('07_Pallet_Contents'!$A$2:$A$3000,$A2,'07_Pallet_Contents'!$I$2:$I$3000)) -> 0 | Z53: =IF($A2="","",IF(COUNTIF('07_Pallet_Contents'!$A$2:$A$3000,$A2)>0,"Yes",""))
A54: PAL-0000053 | C54: WH-Z1-AisleC-Bay1-Level10 | D54: =IF($C54="","",IFERROR(LOOKUP(2,1/('03_Warehouse_Movements'!$C$2:$C$500=$A54),'03_Warehouse_Movements'!$E$2:$E$500),$C54)) -> WH-Z1-AisleC-Bay1-Level10 | E54: ACTIVE | F54: SAFE | H54: =IF(AND($F54="TEMP",$G54>0,$M54<>""),$M54+$G54,"") | I54: SAMPLE: Cables & Adapters | J54: SAMPLE: replace with real notes / serials / constraints | K54: 46052 | L54: SAMPLE-TECH | M54: =IF($C54="","",IFERROR(LOOKUP(2,1/('03_Warehouse_Movements'!$C$2:$C$500=$A54),'03_Warehouse_Movements'!$A$2:$A$500),"")) | N54: =IF($C54="","",IFERROR(LOOKUP(2,1/('03_Warehouse_Movements'!$C$2:$C$500=$A54),'03_Warehouse_Movements'!$H$2:$H$500),"")) | O54: =A54 -> PAL-0000053 | W54: =IF($A2="","",COUNTIF('07_Pallet_Contents'!$A$2:$A$3000,$A2)) -> 0 | X54: =IF($A2="","",SUMIF('07_Pallet_Contents'!$A$2:$A$3000,$A2,'07_Pallet_Contents'!$D$2:$D$3000)) -> 0 | Y54: =IF($A2="","",SUMIF('07_Pallet_Contents'!$A$2:$A$3000,$A2,'07_Pallet_Contents'!$I$2:$I$3000)) -> 0 | Z54: =IF($A2="","",IF(COUNTIF('07_Pallet_Contents'!$A$2:$A$3000,$A2)>0,"Yes",""))
A55: PAL-0000054 | C55: WH-Z1-AisleC-Bay1-Level11 | D55: =IF($C55="","",IFERROR(LOOKUP(2,1/('03_Warehouse_Movements'!$C$2:$C$500=$A55),'03_Warehouse_Movements'!$E$2:$E$500),$C55)) -> WH-Z1-AisleC-Bay1-Level11 | E55: ACTIVE | F55: SAFE | H55: =IF(AND($F55="TEMP",$G55>0,$M55<>""),$M55+$G55,"") | I55: SAMPLE: Racks & Rails | J55: SAMPLE: replace with real notes / serials / constraints | K55: 46052 | L55: SAMPLE-TECH | M55: =IF($C55="","",IFERROR(LOOKUP(2,1/('03_Warehouse_Movements'!$C$2:$C$500=$A55),'03_Warehouse_Movements'!$A$2:$A$500),"")) | N55: =IF($C55="","",IFERROR(LOOKUP(2,1/('03_Warehouse_Movements'!$C$2:$C$500=$A55),'03_Warehouse_Movements'!$H$2:$H$500),"")) | O55: =A55 -> PAL-0000054 | W55: =IF($A2="","",COUNTIF('07_Pallet_Contents'!$A$2:$A$3000,$A2)) -> 0 | X55: =IF($A2="","",SUMIF('07_Pallet_Contents'!$A$2:$A$3000,$A2,'07_Pallet_Contents'!$D$2:$D$3000)) -> 0 | Y55: =IF($A2="","",SUMIF('07_Pallet_Contents'!$A$2:$A$3000,$A2,'07_Pallet_Contents'!$I$2:$I$3000)) -> 0 | Z55: =IF($A2="","",IF(COUNTIF('07_Pallet_Contents'!$A$2:$A$3000,$A2)>0,"Yes",""))
A56: PAL-0000055 | C56: WH-Z1-AisleC-Bay1-Level12 | D56: =IF($C56="","",IFERROR(LOOKUP(2,1/('03_Warehouse_Movements'!$C$2:$C$500=$A56),'03_Warehouse_Movements'!$E$2:$E$500),$C56)) -> WH-Z1-AisleC-Bay1-Level12 | E56: ACTIVE | F56: TEMP | G56: 14 | H56: =IF(AND($F56="TEMP",$G56>0,$M56<>""),$M56+$G56,"") | I56: SAMPLE: Networking Gear | J56: SAMPLE: replace with real notes / serials / constraints | K56: 46052 | L56: SAMPLE-TECH | M56: =IF($C56="","",IFERROR(LOOKUP(2,1/('03_Warehouse_Movements'!$C$2:$C$500=$A56),'03_Warehouse_Movements'!$A$2:$A$500),"")) | N56: =IF($C56="","",IFERROR(LOOKUP(2,1/('03_Warehouse_Movements'!$C$2:$C$500=$A56),'03_Warehouse_Movements'!$H$2:$H$500),"")) | O56: =A56 -> PAL-0000055 | W56: =IF($A2="","",COUNTIF('07_Pallet_Contents'!$A$2:$A$3000,$A2)) -> 0 | X56: =IF($A2="","",SUMIF('07_Pallet_Contents'!$A$2:$A$3000,$A2,'07_Pallet_Contents'!$D$2:$D$3000)) -> 0 | Y56: =IF($A2="","",SUMIF('07_Pallet_Contents'!$A$2:$A$3000,$A2,'07_Pallet_Contents'!$I$2:$I$3000)) -> 0 | Z56: =IF($A2="","",IF(COUNTIF('07_Pallet_Contents'!$A$2:$A$3000,$A2)>0,"Yes",""))
A57: PAL-0000056 | C57: WH-Z1-AisleC-Bay1-Level13 | D57: =IF($C57="","",IFERROR(LOOKUP(2,1/('03_Warehouse_Movements'!$C$2:$C$500=$A57),'03_Warehouse_Movements'!$E$2:$E$500),$C57)) -> WH-Z1-AisleC-Bay1-Level13 | E57: ACTIVE | F57: SAFE | H57: =IF(AND($F57="TEMP",$G57>0,$M57<>""),$M57+$G57,"") | I57: SAMPLE: Keyboards & Mice | J57: SAMPLE: replace with real notes / serials / constraints | K57: 46052 | L57: SAMPLE-TECH | M57: =IF($C57="","",IFERROR(LOOKUP(2,1/('03_Warehouse_Movements'!$C$2:$C$500=$A57),'03_Warehouse_Movements'!$A$2:$A$500),"")) | N57: =IF($C57="","",IFERROR(LOOKUP(2,1/('03_Warehouse_Movements'!$C$2:$C$500=$A57),'03_Warehouse_Movements'!$H$2:$H$500),"")) | O57: =A57 -> PAL-0000056 | W57: =IF($A2="","",COUNTIF('07_Pallet_Contents'!$A$2:$A$3000,$A2)) -> 0 | X57: =IF($A2="","",SUMIF('07_Pallet_Contents'!$A$2:$A$3000,$A2,'07_Pallet_Contents'!$D$2:$D$3000)) -> 0 | Y57: =IF($A2="","",SUMIF('07_Pallet_Contents'!$A$2:$A$3000,$A2,'07_Pallet_Contents'!$I$2:$I$3000)) -> 0 | Z57: =IF($A2="","",IF(COUNTIF('07_Pallet_Contents'!$A$2:$A$3000,$A2)>0,"Yes",""))
A58: PAL-0000057 | B58: OVERFLOW-SAMPLE-PO1056-CAT2-PAL057 | C58: WH-Z1-AisleC-Bay1-Level14 | D58: =IF($C58="","",IFERROR(LOOKUP(2,1/('03_Warehouse_Movements'!$C$2:$C$500=$A58),'03_Warehouse_Movements'!$E$2:$E$500),$C58)) -> WH-Z1-AisleC-Bay1-Level14 | E58: ACTIVE | F58: SAFE | H58: =IF(AND($F58="TEMP",$G58>0,$M58<>""),$M58+$G58,"") | I58: SAMPLE: Spare Parts | J58: SAMPLE: replace with real notes / serials / constraints | K58: 46052 | L58: SAMPLE-TECH | M58: =IF($C58="","",IFERROR(LOOKUP(2,1/('03_Warehouse_Movements'!$C$2:$C$500=$A58),'03_Warehouse_Movements'!$A$2:$A$500),"")) | N58: =IF($C58="","",IFERROR(LOOKUP(2,1/('03_Warehouse_Movements'!$C$2:$C$500=$A58),'03_Warehouse_Movements'!$H$2:$H$500),"")) | O58: =A58 -> PAL-0000057 | W58: =IF($A2="","",COUNTIF('07_Pallet_Contents'!$A$2:$A$3000,$A2)) -> 0 | X58: =IF($A2="","",SUMIF('07_Pallet_Contents'!$A$2:$A$3000,$A2,'07_Pallet_Contents'!$D$2:$D$3000)) -> 0 | Y58: =IF($A2="","",SUMIF('07_Pallet_Contents'!$A$2:$A$3000,$A2,'07_Pallet_Contents'!$I$2:$I$3000)) -> 0 | Z58: =IF($A2="","",IF(COUNTIF('07_Pallet_Contents'!$A$2:$A$3000,$A2)>0,"Yes",""))
A59: PAL-0000058 | C59: WH-Z1-AisleC-Bay1-Level15 | D59: =IF($C59="","",IFERROR(LOOKUP(2,1/('03_Warehouse_Movements'!$C$2:$C$500=$A59),'03_Warehouse_Movements'!$E$2:$E$500),$C59)) -> WH-Z1-AisleC-Bay1-Level15 | E59: ACTIVE | F59: SAFE | H59: =IF(AND($F59="TEMP",$G59>0,$M59<>""),$M59+$G59,"") | I59: SAMPLE: Power Supplies | J59: SAMPLE: replace with real notes / serials / constraints | K59: 46052 | L59: SAMPLE-TECH | M59: =IF($C59="","",IFERROR(LOOKUP(2,1/('03_Warehouse_Movements'!$C$2:$C$500=$A59),'03_Warehouse_Movements'!$A$2:$A$500),"")) | N59: =IF($C59="","",IFERROR(LOOKUP(2,1/('03_Warehouse_Movements'!$C$2:$C$500=$A59),'03_Warehouse_Movements'!$H$2:$H$500),"")) | O59: =A59 -> PAL-0000058 | W59: =IF($A2="","",COUNTIF('07_Pallet_Contents'!$A$2:$A$3000,$A2)) -> 0 | X59: =IF($A2="","",SUMIF('07_Pallet_Contents'!$A$2:$A$3000,$A2,'07_Pallet_Contents'!$D$2:$D$3000)) -> 0 | Y59: =IF($A2="","",SUMIF('07_Pallet_Contents'!$A$2:$A$3000,$A2,'07_Pallet_Contents'!$I$2:$I$3000)) -> 0 | Z59: =IF($A2="","",IF(COUNTIF('07_Pallet_Contents'!$A$2:$A$3000,$A2)>0,"Yes",""))
A60: PAL-0000059 | C60: WH-Z1-AisleC-Bay1-Level16 | D60: =IF($C60="","",IFERROR(LOOKUP(2,1/('03_Warehouse_Movements'!$C$2:$C$500=$A60),'03_Warehouse_Movements'!$E$2:$E$500),$C60)) -> WH-Z1-AisleC-Bay1-Level16 | E60: ACTIVE | F60: SAFE | H60: =IF(AND($F60="TEMP",$G60>0,$M60<>""),$M60+$G60,"") | I60: SAMPLE: Imaging Equipment | J60: SAMPLE: replace with real notes / serials / constraints | K60: 46052 | L60: SAMPLE-TECH | M60: =IF($C60="","",IFERROR(LOOKUP(2,1/('03_Warehouse_Movements'!$C$2:$C$500=$A60),'03_Warehouse_Movements'!$A$2:$A$500),"")) | N60: =IF($C60="","",IFERROR(LOOKUP(2,1/('03_Warehouse_Movements'!$C$2:$C$500=$A60),'03_Warehouse_Movements'!$H$2:$H$500),"")) | O60: =A60 -> PAL-0000059 | W60: =IF($A2="","",COUNTIF('07_Pallet_Contents'!$A$2:$A$3000,$A2)) -> 0 | X60: =IF($A2="","",SUMIF('07_Pallet_Contents'!$A$2:$A$3000,$A2,'07_Pallet_Contents'!$D$2:$D$3000)) -> 0 | Y60: =IF($A2="","",SUMIF('07_Pallet_Contents'!$A$2:$A$3000,$A2,'07_Pallet_Contents'!$I$2:$I$3000)) -> 0 | Z60: =IF($A2="","",IF(COUNTIF('07_Pallet_Contents'!$A$2:$A$3000,$A2)>0,"Yes",""))
A61: PAL-0000060 | C61: WH-Z1-AisleC-Bay1-Level17 | D61: =IF($C61="","",IFERROR(LOOKUP(2,1/('03_Warehouse_Movements'!$C$2:$C$500=$A61),'03_Warehouse_Movements'!$E$2:$E$500),$C61)) -> WH-Z1-AisleC-Bay1-Level17 | E61: ACTIVE | F61: SAFE | H61: =IF(AND($F61="TEMP",$G61>0,$M61<>""),$M61+$G61,"") | I61: SAMPLE: Misc Hardware | J61: SAMPLE: replace with real notes / serials / constraints | K61: 46052 | L61: SAMPLE-TECH | M61: =IF($C61="","",IFERROR(LOOKUP(2,1/('03_Warehouse_Movements'!$C$2:$C$500=$A61),'03_Warehouse_Movements'!$A$2:$A$500),"")) | N61: =IF($C61="","",IFERROR(LOOKUP(2,1/('03_Warehouse_Movements'!$C$2:$C$500=$A61),'03_Warehouse_Movements'!$H$2:$H$500),"")) | O61: =A61 -> PAL-0000060 | W61: =IF($A2="","",COUNTIF('07_Pallet_Contents'!$A$2:$A$3000,$A2)) -> 0 | X61: =IF($A2="","",SUMIF('07_Pallet_Contents'!$A$2:$A$3000,$A2,'07_Pallet_Contents'!$D$2:$D$3000)) -> 0 | Y61: =IF($A2="","",SUMIF('07_Pallet_Contents'!$A$2:$A$3000,$A2,'07_Pallet_Contents'!$I$2:$I$3000)) -> 0 | Z61: =IF($A2="","",IF(COUNTIF('07_Pallet_Contents'!$A$2:$A$3000,$A2)>0,"Yes",""))
A62: PAL-0000061 | D62: =IF($C62="","",IFERROR(LOOKUP(2,1/('03_Warehouse_Movements'!$C$2:$C$500=$A62),'03_Warehouse_Movements'!$E$2:$E$500),$C62)) | E62: ACTIVE | H62: =IF(AND($F62="TEMP",$G62>0,$M62<>""),$M62+$G62,"") | M62: =IF($C62="","",IFERROR(LOOKUP(2,1/('03_Warehouse_Movements'!$C$2:$C$500=$A62),'03_Warehouse_Movements'!$A$2:$A$500),"")) | N62: =IF($C62="","",IFERROR(LOOKUP(2,1/('03_Warehouse_Movements'!$C$2:$C$500=$A62),'03_Warehouse_Movements'!$H$2:$H$500),"")) | O62: =A62 -> PAL-0000061 | W62: =IF($A2="","",COUNTIF('07_Pallet_Contents'!$A$2:$A$3000,$A2)) -> 0 | X62: =IF($A2="","",SUMIF('07_Pallet_Contents'!$A$2:$A$3000,$A2,'07_Pallet_Contents'!$D$2:$D$3000)) -> 0 | Y62: =IF($A2="","",SUMIF('07_Pallet_Contents'!$A$2:$A$3000,$A2,'07_Pallet_Contents'!$I$2:$I$3000)) -> 0 | Z62: =IF($A2="","",IF(COUNTIF('07_Pallet_Contents'!$A$2:$A$3000,$A2)>0,"Yes",""))
A63: PAL-0000062 | D63: =IF($C63="","",IFERROR(LOOKUP(2,1/('03_Warehouse_Movements'!$C$2:$C$500=$A63),'03_Warehouse_Movements'!$E$2:$E$500),$C63)) | E63: ACTIVE | H63: =IF(AND($F63="TEMP",$G63>0,$M63<>""),$M63+$G63,"") | M63: =IF($C63="","",IFERROR(LOOKUP(2,1/('03_Warehouse_Movements'!$C$2:$C$500=$A63),'03_Warehouse_Movements'!$A$2:$A$500),"")) | N63: =IF($C63="","",IFERROR(LOOKUP(2,1/('03_Warehouse_Movements'!$C$2:$C$500=$A63),'03_Warehouse_Movements'!$H$2:$H$500),"")) | O63: =A63 -> PAL-0000062 | W63: =IF($A2="","",COUNTIF('07_Pallet_Contents'!$A$2:$A$3000,$A2)) -> 0 | X63: =IF($A2="","",SUMIF('07_Pallet_Contents'!$A$2:$A$3000,$A2,'07_Pallet_Contents'!$D$2:$D$3000)) -> 0 | Y63: =IF($A2="","",SUMIF('07_Pallet_Contents'!$A$2:$A$3000,$A2,'07_Pallet_Contents'!$I$2:$I$3000)) -> 0 | Z63: =IF($A2="","",IF(COUNTIF('07_Pallet_Contents'!$A$2:$A$3000,$A2)>0,"Yes",""))
A64: PAL-0000063 | D64: =IF($C64="","",IFERROR(LOOKUP(2,1/('03_Warehouse_Movements'!$C$2:$C$500=$A64),'03_Warehouse_Movements'!$E$2:$E$500),$C64)) | E64: ACTIVE | H64: =IF(AND($F64="TEMP",$G64>0,$M64<>""),$M64+$G64,"") | M64: =IF($C64="","",IFERROR(LOOKUP(2,1/('03_Warehouse_Movements'!$C$2:$C$500=$A64),'03_Warehouse_Movements'!$A$2:$A$500),"")) | N64: =IF($C64="","",IFERROR(LOOKUP(2,1/('03_Warehouse_Movements'!$C$2:$C$500=$A64),'03_Warehouse_Movements'!$H$2:$H$500),"")) | O64: =A64 -> PAL-0000063 | W64: =IF($A2="","",COUNTIF('07_Pallet_Contents'!$A$2:$A$3000,$A2)) -> 0 | X64: =IF($A2="","",SUMIF('07_Pallet_Contents'!$A$2:$A$3000,$A2,'07_Pallet_Contents'!$D$2:$D$3000)) -> 0 | Y64: =IF($A2="","",SUMIF('07_Pallet_Contents'!$A$2:$A$3000,$A2,'07_Pallet_Contents'!$I$2:$I$3000)) -> 0 | Z64: =IF($A2="","",IF(COUNTIF('07_Pallet_Contents'!$A$2:$A$3000,$A2)>0,"Yes",""))
A65: PAL-0000064 | D65: =IF($C65="","",IFERROR(LOOKUP(2,1/('03_Warehouse_Movements'!$C$2:$C$500=$A65),'03_Warehouse_Movements'!$E$2:$E$500),$C65)) | E65: ACTIVE | H65: =IF(AND($F65="TEMP",$G65>0,$M65<>""),$M65+$G65,"") | M65: =IF($C65="","",IFERROR(LOOKUP(2,1/('03_Warehouse_Movements'!$C$2:$C$500=$A65),'03_Warehouse_Movements'!$A$2:$A$500),"")) | N65: =IF($C65="","",IFERROR(LOOKUP(2,1/('03_Warehouse_Movements'!$C$2:$C$500=$A65),'03_Warehouse_Movements'!$H$2:$H$500),"")) | O65: =A65 -> PAL-0000064 | W65: =IF($A2="","",COUNTIF('07_Pallet_Contents'!$A$2:$A$3000,$A2)) -> 0 | X65: =IF($A2="","",SUMIF('07_Pallet_Contents'!$A$2:$A$3000,$A2,'07_Pallet_Contents'!$D$2:$D$3000)) -> 0 | Y65: =IF($A2="","",SUMIF('07_Pallet_Contents'!$A$2:$A$3000,$A2,'07_Pallet_Contents'!$I$2:$I$3000)) -> 0 | Z65: =IF($A2="","",IF(COUNTIF('07_Pallet_Contents'!$A$2:$A$3000,$A2)>0,"Yes",""))
A66: PAL-0000065 | D66: =IF($C66="","",IFERROR(LOOKUP(2,1/('03_Warehouse_Movements'!$C$2:$C$500=$A66),'03_Warehouse_Movements'!$E$2:$E$500),$C66)) | E66: ACTIVE | H66: =IF(AND($F66="TEMP",$G66>0,$M66<>""),$M66+$G66,"") | M66: =IF($C66="","",IFERROR(LOOKUP(2,1/('03_Warehouse_Movements'!$C$2:$C$500=$A66),'03_Warehouse_Movements'!$A$2:$A$500),"")) | N66: =IF($C66="","",IFERROR(LOOKUP(2,1/('03_Warehouse_Movements'!$C$2:$C$500=$A66),'03_Warehouse_Movements'!$H$2:$H$500),"")) | O66: =A66 -> PAL-0000065 | W66: =IF($A2="","",COUNTIF('07_Pallet_Contents'!$A$2:$A$3000,$A2)) -> 0 | X66: =IF($A2="","",SUMIF('07_Pallet_Contents'!$A$2:$A$3000,$A2,'07_Pallet_Contents'!$D$2:$D$3000)) -> 0 | Y66: =IF($A2="","",SUMIF('07_Pallet_Contents'!$A$2:$A$3000,$A2,'07_Pallet_Contents'!$I$2:$I$3000)) -> 0 | Z66: =IF($A2="","",IF(COUNTIF('07_Pallet_Contents'!$A$2:$A$3000,$A2)>0,"Yes",""))
A67: PAL-0000066 | D67: =IF($C67="","",IFERROR(LOOKUP(2,1/('03_Warehouse_Movements'!$C$2:$C$500=$A67),'03_Warehouse_Movements'!$E$2:$E$500),$C67)) | E67: ACTIVE | H67: =IF(AND($F67="TEMP",$G67>0,$M67<>""),$M67+$G67,"") | M67: =IF($C67="","",IFERROR(LOOKUP(2,1/('03_Warehouse_Movements'!$C$2:$C$500=$A67),'03_Warehouse_Movements'!$A$2:$A$500),"")) | N67: =IF($C67="","",IFERROR(LOOKUP(2,1/('03_Warehouse_Movements'!$C$2:$C$500=$A67),'03_Warehouse_Movements'!$H$2:$H$500),"")) | O67: =A67 -> PAL-0000066 | W67: =IF($A2="","",COUNTIF('07_Pallet_Contents'!$A$2:$A$3000,$A2)) -> 0 | X67: =IF($A2="","",SUMIF('07_Pallet_Contents'!$A$2:$A$3000,$A2,'07_Pallet_Contents'!$D$2:$D$3000)) -> 0 | Y67: =IF($A2="","",SUMIF('07_Pallet_Contents'!$A$2:$A$3000,$A2,'07_Pallet_Contents'!$I$2:$I$3000)) -> 0 | Z67: =IF($A2="","",IF(COUNTIF('07_Pallet_Contents'!$A$2:$A$3000,$A2)>0,"Yes",""))
A68: PAL-0000067 | D68: =IF($C68="","",IFERROR(LOOKUP(2,1/('03_Warehouse_Movements'!$C$2:$C$500=$A68),'03_Warehouse_Movements'!$E$2:$E$500),$C68)) | E68: ACTIVE | H68: =IF(AND($F68="TEMP",$G68>0,$M68<>""),$M68+$G68,"") | M68: =IF($C68="","",IFERROR(LOOKUP(2,1/('03_Warehouse_Movements'!$C$2:$C$500=$A68),'03_Warehouse_Movements'!$A$2:$A$500),"")) | N68: =IF($C68="","",IFERROR(LOOKUP(2,1/('03_Warehouse_Movements'!$C$2:$C$500=$A68),'03_Warehouse_Movements'!$H$2:$H$500),"")) | O68: =A68 -> PAL-0000067 | W68: =IF($A2="","",COUNTIF('07_Pallet_Contents'!$A$2:$A$3000,$A2)) -> 0 | X68: =IF($A2="","",SUMIF('07_Pallet_Contents'!$A$2:$A$3000,$A2,'07_Pallet_Contents'!$D$2:$D$3000)) -> 0 | Y68: =IF($A2="","",SUMIF('07_Pallet_Contents'!$A$2:$A$3000,$A2,'07_Pallet_Contents'!$I$2:$I$3000)) -> 0 | Z68: =IF($A2="","",IF(COUNTIF('07_Pallet_Contents'!$A$2:$A$3000,$A2)>0,"Yes",""))
A69: PAL-0000068 | D69: =IF($C69="","",IFERROR(LOOKUP(2,1/('03_Warehouse_Movements'!$C$2:$C$500=$A69),'03_Warehouse_Movements'!$E$2:$E$500),$C69)) | E69: ACTIVE | H69: =IF(AND($F69="TEMP",$G69>0,$M69<>""),$M69+$G69,"") | M69: =IF($C69="","",IFERROR(LOOKUP(2,1/('03_Warehouse_Movements'!$C$2:$C$500=$A69),'03_Warehouse_Movements'!$A$2:$A$500),"")) | N69: =IF($C69="","",IFERROR(LOOKUP(2,1/('03_Warehouse_Movements'!$C$2:$C$500=$A69),'03_Warehouse_Movements'!$H$2:$H$500),"")) | O69: =A69 -> PAL-0000068 | W69: =IF($A2="","",COUNTIF('07_Pallet_Contents'!$A$2:$A$3000,$A2)) -> 0 | X69: =IF($A2="","",SUMIF('07_Pallet_Contents'!$A$2:$A$3000,$A2,'07_Pallet_Contents'!$D$2:$D$3000)) -> 0 | Y69: =IF($A2="","",SUMIF('07_Pallet_Contents'!$A$2:$A$3000,$A2,'07_Pallet_Contents'!$I$2:$I$3000)) -> 0 | Z69: =IF($A2="","",IF(COUNTIF('07_Pallet_Contents'!$A$2:$A$3000,$A2)>0,"Yes",""))
A70: PAL-0000069 | D70: =IF($C70="","",IFERROR(LOOKUP(2,1/('03_Warehouse_Movements'!$C$2:$C$500=$A70),'03_Warehouse_Movements'!$E$2:$E$500),$C70)) | E70: ACTIVE | H70: =IF(AND($F70="TEMP",$G70>0,$M70<>""),$M70+$G70,"") | M70: =IF($C70="","",IFERROR(LOOKUP(2,1/('03_Warehouse_Movements'!$C$2:$C$500=$A70),'03_Warehouse_Movements'!$A$2:$A$500),"")) | N70: =IF($C70="","",IFERROR(LOOKUP(2,1/('03_Warehouse_Movements'!$C$2:$C$500=$A70),'03_Warehouse_Movements'!$H$2:$H$500),"")) | O70: =A70 -> PAL-0000069 | W70: =IF($A2="","",COUNTIF('07_Pallet_Contents'!$A$2:$A$3000,$A2)) -> 0 | X70: =IF($A2="","",SUMIF('07_Pallet_Contents'!$A$2:$A$3000,$A2,'07_Pallet_Contents'!$D$2:$D$3000)) -> 0 | Y70: =IF($A2="","",SUMIF('07_Pallet_Contents'!$A$2:$A$3000,$A2,'07_Pallet_Contents'!$I$2:$I$3000)) -> 0 | Z70: =IF($A2="","",IF(COUNTIF('07_Pallet_Contents'!$A$2:$A$3000,$A2)>0,"Yes",""))
A71: PAL-0000070 | D71: =IF($C71="","",IFERROR(LOOKUP(2,1/('03_Warehouse_Movements'!$C$2:$C$500=$A71),'03_Warehouse_Movements'!$E$2:$E$500),$C71)) | E71: ACTIVE | H71: =IF(AND($F71="TEMP",$G71>0,$M71<>""),$M71+$G71,"") | M71: =IF($C71="","",IFERROR(LOOKUP(2,1/('03_Warehouse_Movements'!$C$2:$C$500=$A71),'03_Warehouse_Movements'!$A$2:$A$500),"")) | N71: =IF($C71="","",IFERROR(LOOKUP(2,1/('03_Warehouse_Movements'!$C$2:$C$500=$A71),'03_Warehouse_Movements'!$H$2:$H$500),"")) | O71: =A71 -> PAL-0000070 | W71: =IF($A2="","",COUNTIF('07_Pallet_Contents'!$A$2:$A$3000,$A2)) -> 0 | X71: =IF($A2="","",SUMIF('07_Pallet_Contents'!$A$2:$A$3000,$A2,'07_Pallet_Contents'!$D$2:$D$3000)) -> 0 | Y71: =IF($A2="","",SUMIF('07_Pallet_Contents'!$A$2:$A$3000,$A2,'07_Pallet_Contents'!$I$2:$I$3000)) -> 0 | Z71: =IF($A2="","",IF(COUNTIF('07_Pallet_Contents'!$A$2:$A$3000,$A2)>0,"Yes",""))
A72: PAL-0000071 | D72: =IF($C72="","",IFERROR(LOOKUP(2,1/('03_Warehouse_Movements'!$C$2:$C$500=$A72),'03_Warehouse_Movements'!$E$2:$E$500),$C72)) | E72: ACTIVE | H72: =IF(AND($F72="TEMP",$G72>0,$M72<>""),$M72+$G72,"") | M72: =IF($C72="","",IFERROR(LOOKUP(2,1/('03_Warehouse_Movements'!$C$2:$C$500=$A72),'03_Warehouse_Movements'!$A$2:$A$500),"")) | N72: =IF($C72="","",IFERROR(LOOKUP(2,1/('03_Warehouse_Movements'!$C$2:$C$500=$A72),'03_Warehouse_Movements'!$H$2:$H$500),"")) | O72: =A72 -> PAL-0000071 | W72: =IF($A2="","",COUNTIF('07_Pallet_Contents'!$A$2:$A$3000,$A2)) -> 0 | X72: =IF($A2="","",SUMIF('07_Pallet_Contents'!$A$2:$A$3000,$A2,'07_Pallet_Contents'!$D$2:$D$3000)) -> 0 | Y72: =IF($A2="","",SUMIF('07_Pallet_Contents'!$A$2:$A$3000,$A2,'07_Pallet_Contents'!$I$2:$I$3000)) -> 0 | Z72: =IF($A2="","",IF(COUNTIF('07_Pallet_Contents'!$A$2:$A$3000,$A2)>0,"Yes",""))
A73: PAL-0000072 | D73: =IF($C73="","",IFERROR(LOOKUP(2,1/('03_Warehouse_Movements'!$C$2:$C$500=$A73),'03_Warehouse_Movements'!$E$2:$E$500),$C73)) | E73: ACTIVE | H73: =IF(AND($F73="TEMP",$G73>0,$M73<>""),$M73+$G73,"") | M73: =IF($C73="","",IFERROR(LOOKUP(2,1/('03_Warehouse_Movements'!$C$2:$C$500=$A73),'03_Warehouse_Movements'!$A$2:$A$500),"")) | N73: =IF($C73="","",IFERROR(LOOKUP(2,1/('03_Warehouse_Movements'!$C$2:$C$500=$A73),'03_Warehouse_Movements'!$H$2:$H$500),"")) | O73: =A73 -> PAL-0000072 | W73: =IF($A2="","",COUNTIF('07_Pallet_Contents'!$A$2:$A$3000,$A2)) -> 0 | X73: =IF($A2="","",SUMIF('07_Pallet_Contents'!$A$2:$A$3000,$A2,'07_Pallet_Contents'!$D$2:$D$3000)) -> 0 | Y73: =IF($A2="","",SUMIF('07_Pallet_Contents'!$A$2:$A$3000,$A2,'07_Pallet_Contents'!$I$2:$I$3000)) -> 0 | Z73: =IF($A2="","",IF(COUNTIF('07_Pallet_Contents'!$A$2:$A$3000,$A2)>0,"Yes",""))
A74: PAL-0000073 | D74: =IF($C74="","",IFERROR(LOOKUP(2,1/('03_Warehouse_Movements'!$C$2:$C$500=$A74),'03_Warehouse_Movements'!$E$2:$E$500),$C74)) | E74: ACTIVE | H74: =IF(AND($F74="TEMP",$G74>0,$M74<>""),$M74+$G74,"") | M74: =IF($C74="","",IFERROR(LOOKUP(2,1/('03_Warehouse_Movements'!$C$2:$C$500=$A74),'03_Warehouse_Movements'!$A$2:$A$500),"")) | N74: =IF($C74="","",IFERROR(LOOKUP(2,1/('03_Warehouse_Movements'!$C$2:$C$500=$A74),'03_Warehouse_Movements'!$H$2:$H$500),"")) | O74: =A74 -> PAL-0000073 | W74: =IF($A2="","",COUNTIF('07_Pallet_Contents'!$A$2:$A$3000,$A2)) -> 0 | X74: =IF($A2="","",SUMIF('07_Pallet_Contents'!$A$2:$A$3000,$A2,'07_Pallet_Contents'!$D$2:$D$3000)) -> 0 | Y74: =IF($A2="","",SUMIF('07_Pallet_Contents'!$A$2:$A$3000,$A2,'07_Pallet_Contents'!$I$2:$I$3000)) -> 0 | Z74: =IF($A2="","",IF(COUNTIF('07_Pallet_Contents'!$A$2:$A$3000,$A2)>0,"Yes",""))
A75: PAL-0000074 | D75: =IF($C75="","",IFERROR(LOOKUP(2,1/('03_Warehouse_Movements'!$C$2:$C$500=$A75),'03_Warehouse_Movements'!$E$2:$E$500),$C75)) | E75: ACTIVE | H75: =IF(AND($F75="TEMP",$G75>0,$M75<>""),$M75+$G75,"") | M75: =IF($C75="","",IFERROR(LOOKUP(2,1/('03_Warehouse_Movements'!$C$2:$C$500=$A75),'03_Warehouse_Movements'!$A$2:$A$500),"")) | N75: =IF($C75="","",IFERROR(LOOKUP(2,1/('03_Warehouse_Movements'!$C$2:$C$500=$A75),'03_Warehouse_Movements'!$H$2:$H$500),"")) | O75: =A75 -> PAL-0000074 | W75: =IF($A2="","",COUNTIF('07_Pallet_Contents'!$A$2:$A$3000,$A2)) -> 0 | X75: =IF($A2="","",SUMIF('07_Pallet_Contents'!$A$2:$A$3000,$A2,'07_Pallet_Contents'!$D$2:$D$3000)) -> 0 | Y75: =IF($A2="","",SUMIF('07_Pallet_Contents'!$A$2:$A$3000,$A2,'07_Pallet_Contents'!$I$2:$I$3000)) -> 0 | Z75: =IF($A2="","",IF(COUNTIF('07_Pallet_Contents'!$A$2:$A$3000,$A2)>0,"Yes",""))
A76: PAL-0000075 | D76: =IF($C76="","",IFERROR(LOOKUP(2,1/('03_Warehouse_Movements'!$C$2:$C$500=$A76),'03_Warehouse_Movements'!$E$2:$E$500),$C76)) | E76: ACTIVE | H76: =IF(AND($F76="TEMP",$G76>0,$M76<>""),$M76+$G76,"") | M76: =IF($C76="","",IFERROR(LOOKUP(2,1/('03_Warehouse_Movements'!$C$2:$C$500=$A76),'03_Warehouse_Movements'!$A$2:$A$500),"")) | N76: =IF($C76="","",IFERROR(LOOKUP(2,1/('03_Warehouse_Movements'!$C$2:$C$500=$A76),'03_Warehouse_Movements'!$H$2:$H$500),"")) | O76: =A76 -> PAL-0000075 | W76: =IF($A2="","",COUNTIF('07_Pallet_Contents'!$A$2:$A$3000,$A2)) -> 0 | X76: =IF($A2="","",SUMIF('07_Pallet_Contents'!$A$2:$A$3000,$A2,'07_Pallet_Contents'!$D$2:$D$3000)) -> 0 | Y76: =IF($A2="","",SUMIF('07_Pallet_Contents'!$A$2:$A$3000,$A2,'07_Pallet_Contents'!$I$2:$I$3000)) -> 0 | Z76: =IF($A2="","",IF(COUNTIF('07_Pallet_Contents'!$A$2:$A$3000,$A2)>0,"Yes",""))
A77: PAL-0000076 | D77: =IF($C77="","",IFERROR(LOOKUP(2,1/('03_Warehouse_Movements'!$C$2:$C$500=$A77),'03_Warehouse_Movements'!$E$2:$E$500),$C77)) | E77: ACTIVE | H77: =IF(AND($F77="TEMP",$G77>0,$M77<>""),$M77+$G77,"") | M77: =IF($C77="","",IFERROR(LOOKUP(2,1/('03_Warehouse_Movements'!$C$2:$C$500=$A77),'03_Warehouse_Movements'!$A$2:$A$500),"")) | N77: =IF($C77="","",IFERROR(LOOKUP(2,1/('03_Warehouse_Movements'!$C$2:$C$500=$A77),'03_Warehouse_Movements'!$H$2:$H$500),"")) | O77: =A77 -> PAL-0000076 | W77: =IF($A2="","",COUNTIF('07_Pallet_Contents'!$A$2:$A$3000,$A2)) -> 0 | X77: =IF($A2="","",SUMIF('07_Pallet_Contents'!$A$2:$A$3000,$A2,'07_Pallet_Contents'!$D$2:$D$3000)) -> 0 | Y77: =IF($A2="","",SUMIF('07_Pallet_Contents'!$A$2:$A$3000,$A2,'07_Pallet_Contents'!$I$2:$I$3000)) -> 0 | Z77: =IF($A2="","",IF(COUNTIF('07_Pallet_Contents'!$A$2:$A$3000,$A2)>0,"Yes",""))
A78: PAL-0000077 | D78: =IF($C78="","",IFERROR(LOOKUP(2,1/('03_Warehouse_Movements'!$C$2:$C$500=$A78),'03_Warehouse_Movements'!$E$2:$E$500),$C78)) | E78: ACTIVE | H78: =IF(AND($F78="TEMP",$G78>0,$M78<>""),$M78+$G78,"") | M78: =IF($C78="","",IFERROR(LOOKUP(2,1/('03_Warehouse_Movements'!$C$2:$C$500=$A78),'03_Warehouse_Movements'!$A$2:$A$500),"")) | N78: =IF($C78="","",IFERROR(LOOKUP(2,1/('03_Warehouse_Movements'!$C$2:$C$500=$A78),'03_Warehouse_Movements'!$H$2:$H$500),"")) | O78: =A78 -> PAL-0000077 | W78: =IF($A2="","",COUNTIF('07_Pallet_Contents'!$A$2:$A$3000,$A2)) -> 0 | X78: =IF($A2="","",SUMIF('07_Pallet_Contents'!$A$2:$A$3000,$A2,'07_Pallet_Contents'!$D$2:$D$3000)) -> 0 | Y78: =IF($A2="","",SUMIF('07_Pallet_Contents'!$A$2:$A$3000,$A2,'07_Pallet_Contents'!$I$2:$I$3000)) -> 0 | Z78: =IF($A2="","",IF(COUNTIF('07_Pallet_Contents'!$A$2:$A$3000,$A2)>0,"Yes",""))
A79: PAL-0000078 | D79: =IF($C79="","",IFERROR(LOOKUP(2,1/('03_Warehouse_Movements'!$C$2:$C$500=$A79),'03_Warehouse_Movements'!$E$2:$E$500),$C79)) | E79: ACTIVE | H79: =IF(AND($F79="TEMP",$G79>0,$M79<>""),$M79+$G79,"") | M79: =IF($C79="","",IFERROR(LOOKUP(2,1/('03_Warehouse_Movements'!$C$2:$C$500=$A79),'03_Warehouse_Movements'!$A$2:$A$500),"")) | N79: =IF($C79="","",IFERROR(LOOKUP(2,1/('03_Warehouse_Movements'!$C$2:$C$500=$A79),'03_Warehouse_Movements'!$H$2:$H$500),"")) | O79: =A79 -> PAL-0000078 | W79: =IF($A2="","",COUNTIF('07_Pallet_Contents'!$A$2:$A$3000,$A2)) -> 0 | X79: =IF($A2="","",SUMIF('07_Pallet_Contents'!$A$2:$A$3000,$A2,'07_Pallet_Contents'!$D$2:$D$3000)) -> 0 | Y79: =IF($A2="","",SUMIF('07_Pallet_Contents'!$A$2:$A$3000,$A2,'07_Pallet_Contents'!$I$2:$I$3000)) -> 0 | Z79: =IF($A2="","",IF(COUNTIF('07_Pallet_Contents'!$A$2:$A$3000,$A2)>0,"Yes",""))
A80: PAL-0000079 | D80: =IF($C80="","",IFERROR(LOOKUP(2,1/('03_Warehouse_Movements'!$C$2:$C$500=$A80),'03_Warehouse_Movements'!$E$2:$E$500),$C80)) | E80: ACTIVE | H80: =IF(AND($F80="TEMP",$G80>0,$M80<>""),$M80+$G80,"") | M80: =IF($C80="","",IFERROR(LOOKUP(2,1/('03_Warehouse_Movements'!$C$2:$C$500=$A80),'03_Warehouse_Movements'!$A$2:$A$500),"")) | N80: =IF($C80="","",IFERROR(LOOKUP(2,1/('03_Warehouse_Movements'!$C$2:$C$500=$A80),'03_Warehouse_Movements'!$H$2:$H$500),"")) | O80: =A80 -> PAL-0000079 | W80: =IF($A2="","",COUNTIF('07_Pallet_Contents'!$A$2:$A$3000,$A2)) -> 0 | X80: =IF($A2="","",SUMIF('07_Pallet_Contents'!$A$2:$A$3000,$A2,'07_Pallet_Contents'!$D$2:$D$3000)) -> 0 | Y80: =IF($A2="","",SUMIF('07_Pallet_Contents'!$A$2:$A$3000,$A2,'07_Pallet_Contents'!$I$2:$I$3000)) -> 0 | Z80: =IF($A2="","",IF(COUNTIF('07_Pallet_Contents'!$A$2:$A$3000,$A2)>0,"Yes",""))
A81: PAL-0000080 | D81: =IF($C81="","",IFERROR(LOOKUP(2,1/('03_Warehouse_Movements'!$C$2:$C$500=$A81),'03_Warehouse_Movements'!$E$2:$E$500),$C81)) | E81: ACTIVE | H81: =IF(AND($F81="TEMP",$G81>0,$M81<>""),$M81+$G81,"") | M81: =IF($C81="","",IFERROR(LOOKUP(2,1/('03_Warehouse_Movements'!$C$2:$C$500=$A81),'03_Warehouse_Movements'!$A$2:$A$500),"")) | N81: =IF($C81="","",IFERROR(LOOKUP(2,1/('03_Warehouse_Movements'!$C$2:$C$500=$A81),'03_Warehouse_Movements'!$H$2:$H$500),"")) | O81: =A81 -> PAL-0000080 | W81: =IF($A2="","",COUNTIF('07_Pallet_Contents'!$A$2:$A$3000,$A2)) -> 0 | X81: =IF($A2="","",SUMIF('07_Pallet_Contents'!$A$2:$A$3000,$A2,'07_Pallet_Contents'!$D$2:$D$3000)) -> 0 | Y81: =IF($A2="","",SUMIF('07_Pallet_Contents'!$A$2:$A$3000,$A2,'07_Pallet_Contents'!$I$2:$I$3000)) -> 0 | Z81: =IF($A2="","",IF(COUNTIF('07_Pallet_Contents'!$A$2:$A$3000,$A2)>0,"Yes",""))
A82: PAL-0000081 | D82: =IF($C82="","",IFERROR(LOOKUP(2,1/('03_Warehouse_Movements'!$C$2:$C$500=$A82),'03_Warehouse_Movements'!$E$2:$E$500),$C82)) | E82: ACTIVE | H82: =IF(AND($F82="TEMP",$G82>0,$M82<>""),$M82+$G82,"") | M82: =IF($C82="","",IFERROR(LOOKUP(2,1/('03_Warehouse_Movements'!$C$2:$C$500=$A82),'03_Warehouse_Movements'!$A$2:$A$500),"")) | N82: =IF($C82="","",IFERROR(LOOKUP(2,1/('03_Warehouse_Movements'!$C$2:$C$500=$A82),'03_Warehouse_Movements'!$H$2:$H$500),"")) | O82: =A82 -> PAL-0000081 | W82: =IF($A2="","",COUNTIF('07_Pallet_Contents'!$A$2:$A$3000,$A2)) -> 0 | X82: =IF($A2="","",SUMIF('07_Pallet_Contents'!$A$2:$A$3000,$A2,'07_Pallet_Contents'!$D$2:$D$3000)) -> 0 | Y82: =IF($A2="","",SUMIF('07_Pallet_Contents'!$A$2:$A$3000,$A2,'07_Pallet_Contents'!$I$2:$I$3000)) -> 0 | Z82: =IF($A2="","",IF(COUNTIF('07_Pallet_Contents'!$A$2:$A$3000,$A2)>0,"Yes",""))
A83: PAL-0000082 | D83: =IF($C83="","",IFERROR(LOOKUP(2,1/('03_Warehouse_Movements'!$C$2:$C$500=$A83),'03_Warehouse_Movements'!$E$2:$E$500),$C83)) | E83: ACTIVE | H83: =IF(AND($F83="TEMP",$G83>0,$M83<>""),$M83+$G83,"") | M83: =IF($C83="","",IFERROR(LOOKUP(2,1/('03_Warehouse_Movements'!$C$2:$C$500=$A83),'03_Warehouse_Movements'!$A$2:$A$500),"")) | N83: =IF($C83="","",IFERROR(LOOKUP(2,1/('03_Warehouse_Movements'!$C$2:$C$500=$A83),'03_Warehouse_Movements'!$H$2:$H$500),"")) | O83: =A83 -> PAL-0000082 | W83: =IF($A2="","",COUNTIF('07_Pallet_Contents'!$A$2:$A$3000,$A2)) -> 0 | X83: =IF($A2="","",SUMIF('07_Pallet_Contents'!$A$2:$A$3000,$A2,'07_Pallet_Contents'!$D$2:$D$3000)) -> 0 | Y83: =IF($A2="","",SUMIF('07_Pallet_Contents'!$A$2:$A$3000,$A2,'07_Pallet_Contents'!$I$2:$I$3000)) -> 0 | Z83: =IF($A2="","",IF(COUNTIF('07_Pallet_Contents'!$A$2:$A$3000,$A2)>0,"Yes",""))
A84: PAL-0000083 | D84: =IF($C84="","",IFERROR(LOOKUP(2,1/('03_Warehouse_Movements'!$C$2:$C$500=$A84),'03_Warehouse_Movements'!$E$2:$E$500),$C84)) | E84: ACTIVE | H84: =IF(AND($F84="TEMP",$G84>0,$M84<>""),$M84+$G84,"") | M84: =IF($C84="","",IFERROR(LOOKUP(2,1/('03_Warehouse_Movements'!$C$2:$C$500=$A84),'03_Warehouse_Movements'!$A$2:$A$500),"")) | N84: =IF($C84="","",IFERROR(LOOKUP(2,1/('03_Warehouse_Movements'!$C$2:$C$500=$A84),'03_Warehouse_Movements'!$H$2:$H$500),"")) | O84: =A84 -> PAL-0000083 | W84: =IF($A2="","",COUNTIF('07_Pallet_Contents'!$A$2:$A$3000,$A2)) -> 0 | X84: =IF($A2="","",SUMIF('07_Pallet_Contents'!$A$2:$A$3000,$A2,'07_Pallet_Contents'!$D$2:$D$3000)) -> 0 | Y84: =IF($A2="","",SUMIF('07_Pallet_Contents'!$A$2:$A$3000,$A2,'07_Pallet_Contents'!$I$2:$I$3000)) -> 0 | Z84: =IF($A2="","",IF(COUNTIF('07_Pallet_Contents'!$A$2:$A$3000,$A2)>0,"Yes",""))
A85: PAL-0000084 | D85: =IF($C85="","",IFERROR(LOOKUP(2,1/('03_Warehouse_Movements'!$C$2:$C$500=$A85),'03_Warehouse_Movements'!$E$2:$E$500),$C85)) | E85: ACTIVE | H85: =IF(AND($F85="TEMP",$G85>0,$M85<>""),$M85+$G85,"") | M85: =IF($C85="","",IFERROR(LOOKUP(2,1/('03_Warehouse_Movements'!$C$2:$C$500=$A85),'03_Warehouse_Movements'!$A$2:$A$500),"")) | N85: =IF($C85="","",IFERROR(LOOKUP(2,1/('03_Warehouse_Movements'!$C$2:$C$500=$A85),'03_Warehouse_Movements'!$H$2:$H$500),"")) | O85: =A85 -> PAL-0000084 | W85: =IF($A2="","",COUNTIF('07_Pallet_Contents'!$A$2:$A$3000,$A2)) -> 0 | X85: =IF($A2="","",SUMIF('07_Pallet_Contents'!$A$2:$A$3000,$A2,'07_Pallet_Contents'!$D$2:$D$3000)) -> 0 | Y85: =IF($A2="","",SUMIF('07_Pallet_Contents'!$A$2:$A$3000,$A2,'07_Pallet_Contents'!$I$2:$I$3000)) -> 0 | Z85: =IF($A2="","",IF(COUNTIF('07_Pallet_Contents'!$A$2:$A$3000,$A2)>0,"Yes",""))
A86: PAL-0000085 | D86: =IF($C86="","",IFERROR(LOOKUP(2,1/('03_Warehouse_Movements'!$C$2:$C$500=$A86),'03_Warehouse_Movements'!$E$2:$E$500),$C86)) | E86: ACTIVE | H86: =IF(AND($F86="TEMP",$G86>0,$M86<>""),$M86+$G86,"") | M86: =IF($C86="","",IFERROR(LOOKUP(2,1/('03_Warehouse_Movements'!$C$2:$C$500=$A86),'03_Warehouse_Movements'!$A$2:$A$500),"")) | N86: =IF($C86="","",IFERROR(LOOKUP(2,1/('03_Warehouse_Movements'!$C$2:$C$500=$A86),'03_Warehouse_Movements'!$H$2:$H$500),"")) | O86: =A86 -> PAL-0000085 | W86: =IF($A2="","",COUNTIF('07_Pallet_Contents'!$A$2:$A$3000,$A2)) -> 0 | X86: =IF($A2="","",SUMIF('07_Pallet_Contents'!$A$2:$A$3000,$A2,'07_Pallet_Contents'!$D$2:$D$3000)) -> 0 | Y86: =IF($A2="","",SUMIF('07_Pallet_Contents'!$A$2:$A$3000,$A2,'07_Pallet_Contents'!$I$2:$I$3000)) -> 0 | Z86: =IF($A2="","",IF(COUNTIF('07_Pallet_Contents'!$A$2:$A$3000,$A2)>0,"Yes",""))
A87: PAL-0000086 | D87: =IF($C87="","",IFERROR(LOOKUP(2,1/('03_Warehouse_Movements'!$C$2:$C$500=$A87),'03_Warehouse_Movements'!$E$2:$E$500),$C87)) | E87: ACTIVE | H87: =IF(AND($F87="TEMP",$G87>0,$M87<>""),$M87+$G87,"") | M87: =IF($C87="","",IFERROR(LOOKUP(2,1/('03_Warehouse_Movements'!$C$2:$C$500=$A87),'03_Warehouse_Movements'!$A$2:$A$500),"")) | N87: =IF($C87="","",IFERROR(LOOKUP(2,1/('03_Warehouse_Movements'!$C$2:$C$500=$A87),'03_Warehouse_Movements'!$H$2:$H$500),"")) | O87: =A87 -> PAL-0000086 | W87: =IF($A2="","",COUNTIF('07_Pallet_Contents'!$A$2:$A$3000,$A2)) -> 0 | X87: =IF($A2="","",SUMIF('07_Pallet_Contents'!$A$2:$A$3000,$A2,'07_Pallet_Contents'!$D$2:$D$3000)) -> 0 | Y87: =IF($A2="","",SUMIF('07_Pallet_Contents'!$A$2:$A$3000,$A2,'07_Pallet_Contents'!$I$2:$I$3000)) -> 0 | Z87: =IF($A2="","",IF(COUNTIF('07_Pallet_Contents'!$A$2:$A$3000,$A2)>0,"Yes",""))
A88: PAL-0000087 | D88: =IF($C88="","",IFERROR(LOOKUP(2,1/('03_Warehouse_Movements'!$C$2:$C$500=$A88),'03_Warehouse_Movements'!$E$2:$E$500),$C88)) | E88: ACTIVE | H88: =IF(AND($F88="TEMP",$G88>0,$M88<>""),$M88+$G88,"") | M88: =IF($C88="","",IFERROR(LOOKUP(2,1/('03_Warehouse_Movements'!$C$2:$C$500=$A88),'03_Warehouse_Movements'!$A$2:$A$500),"")) | N88: =IF($C88="","",IFERROR(LOOKUP(2,1/('03_Warehouse_Movements'!$C$2:$C$500=$A88),'03_Warehouse_Movements'!$H$2:$H$500),"")) | O88: =A88 -> PAL-0000087 | W88: =IF($A2="","",COUNTIF('07_Pallet_Contents'!$A$2:$A$3000,$A2)) -> 0 | X88: =IF($A2="","",SUMIF('07_Pallet_Contents'!$A$2:$A$3000,$A2,'07_Pallet_Contents'!$D$2:$D$3000)) -> 0 | Y88: =IF($A2="","",SUMIF('07_Pallet_Contents'!$A$2:$A$3000,$A2,'07_Pallet_Contents'!$I$2:$I$3000)) -> 0 | Z88: =IF($A2="","",IF(COUNTIF('07_Pallet_Contents'!$A$2:$A$3000,$A2)>0,"Yes",""))
A89: PAL-0000088 | D89: =IF($C89="","",IFERROR(LOOKUP(2,1/('03_Warehouse_Movements'!$C$2:$C$500=$A89),'03_Warehouse_Movements'!$E$2:$E$500),$C89)) | E89: ACTIVE | H89: =IF(AND($F89="TEMP",$G89>0,$M89<>""),$M89+$G89,"") | M89: =IF($C89="","",IFERROR(LOOKUP(2,1/('03_Warehouse_Movements'!$C$2:$C$500=$A89),'03_Warehouse_Movements'!$A$2:$A$500),"")) | N89: =IF($C89="","",IFERROR(LOOKUP(2,1/('03_Warehouse_Movements'!$C$2:$C$500=$A89),'03_Warehouse_Movements'!$H$2:$H$500),"")) | O89: =A89 -> PAL-0000088 | W89: =IF($A2="","",COUNTIF('07_Pallet_Contents'!$A$2:$A$3000,$A2)) -> 0 | X89: =IF($A2="","",SUMIF('07_Pallet_Contents'!$A$2:$A$3000,$A2,'07_Pallet_Contents'!$D$2:$D$3000)) -> 0 | Y89: =IF($A2="","",SUMIF('07_Pallet_Contents'!$A$2:$A$3000,$A2,'07_Pallet_Contents'!$I$2:$I$3000)) -> 0 | Z89: =IF($A2="","",IF(COUNTIF('07_Pallet_Contents'!$A$2:$A$3000,$A2)>0,"Yes",""))
A90: PAL-0000089 | D90: =IF($C90="","",IFERROR(LOOKUP(2,1/('03_Warehouse_Movements'!$C$2:$C$500=$A90),'03_Warehouse_Movements'!$E$2:$E$500),$C90)) | E90: ACTIVE | H90: =IF(AND($F90="TEMP",$G90>0,$M90<>""),$M90+$G90,"") | M90: =IF($C90="","",IFERROR(LOOKUP(2,1/('03_Warehouse_Movements'!$C$2:$C$500=$A90),'03_Warehouse_Movements'!$A$2:$A$500),"")) | N90: =IF($C90="","",IFERROR(LOOKUP(2,1/('03_Warehouse_Movements'!$C$2:$C$500=$A90),'03_Warehouse_Movements'!$H$2:$H$500),"")) | O90: =A90 -> PAL-0000089 | W90: =IF($A2="","",COUNTIF('07_Pallet_Contents'!$A$2:$A$3000,$A2)) -> 0 | X90: =IF($A2="","",SUMIF('07_Pallet_Contents'!$A$2:$A$3000,$A2,'07_Pallet_Contents'!$D$2:$D$3000)) -> 0 | Y90: =IF($A2="","",SUMIF('07_Pallet_Contents'!$A$2:$A$3000,$A2,'07_Pallet_Contents'!$I$2:$I$3000)) -> 0 | Z90: =IF($A2="","",IF(COUNTIF('07_Pallet_Contents'!$A$2:$A$3000,$A2)>0,"Yes",""))
A91: PAL-0000090 | D91: =IF($C91="","",IFERROR(LOOKUP(2,1/('03_Warehouse_Movements'!$C$2:$C$500=$A91),'03_Warehouse_Movements'!$E$2:$E$500),$C91)) | E91: ACTIVE | H91: =IF(AND($F91="TEMP",$G91>0,$M91<>""),$M91+$G91,"") | M91: =IF($C91="","",IFERROR(LOOKUP(2,1/('03_Warehouse_Movements'!$C$2:$C$500=$A91),'03_Warehouse_Movements'!$A$2:$A$500),"")) | N91: =IF($C91="","",IFERROR(LOOKUP(2,1/('03_Warehouse_Movements'!$C$2:$C$500=$A91),'03_Warehouse_Movements'!$H$2:$H$500),"")) | O91: =A91 -> PAL-0000090 | W91: =IF($A2="","",COUNTIF('07_Pallet_Contents'!$A$2:$A$3000,$A2)) -> 0 | X91: =IF($A2="","",SUMIF('07_Pallet_Contents'!$A$2:$A$3000,$A2,'07_Pallet_Contents'!$D$2:$D$3000)) -> 0 | Y91: =IF($A2="","",SUMIF('07_Pallet_Contents'!$A$2:$A$3000,$A2,'07_Pallet_Contents'!$I$2:$I$3000)) -> 0 | Z91: =IF($A2="","",IF(COUNTIF('07_Pallet_Contents'!$A$2:$A$3000,$A2)>0,"Yes",""))
A92: PAL-0000091 | D92: =IF($C92="","",IFERROR(LOOKUP(2,1/('03_Warehouse_Movements'!$C$2:$C$500=$A92),'03_Warehouse_Movements'!$E$2:$E$500),$C92)) | E92: ACTIVE | H92: =IF(AND($F92="TEMP",$G92>0,$M92<>""),$M92+$G92,"") | M92: =IF($C92="","",IFERROR(LOOKUP(2,1/('03_Warehouse_Movements'!$C$2:$C$500=$A92),'03_Warehouse_Movements'!$A$2:$A$500),"")) | N92: =IF($C92="","",IFERROR(LOOKUP(2,1/('03_Warehouse_Movements'!$C$2:$C$500=$A92),'03_Warehouse_Movements'!$H$2:$H$500),"")) | O92: =A92 -> PAL-0000091 | W92: =IF($A2="","",COUNTIF('07_Pallet_Contents'!$A$2:$A$3000,$A2)) -> 0 | X92: =IF($A2="","",SUMIF('07_Pallet_Contents'!$A$2:$A$3000,$A2,'07_Pallet_Contents'!$D$2:$D$3000)) -> 0 | Y92: =IF($A2="","",SUMIF('07_Pallet_Contents'!$A$2:$A$3000,$A2,'07_Pallet_Contents'!$I$2:$I$3000)) -> 0 | Z92: =IF($A2="","",IF(COUNTIF('07_Pallet_Contents'!$A$2:$A$3000,$A2)>0,"Yes",""))
A93: PAL-0000092 | D93: =IF($C93="","",IFERROR(LOOKUP(2,1/('03_Warehouse_Movements'!$C$2:$C$500=$A93),'03_Warehouse_Movements'!$E$2:$E$500),$C93)) | E93: ACTIVE | H93: =IF(AND($F93="TEMP",$G93>0,$M93<>""),$M93+$G93,"") | M93: =IF($C93="","",IFERROR(LOOKUP(2,1/('03_Warehouse_Movements'!$C$2:$C$500=$A93),'03_Warehouse_Movements'!$A$2:$A$500),"")) | N93: =IF($C93="","",IFERROR(LOOKUP(2,1/('03_Warehouse_Movements'!$C$2:$C$500=$A93),'03_Warehouse_Movements'!$H$2:$H$500),"")) | O93: =A93 -> PAL-0000092 | W93: =IF($A2="","",COUNTIF('07_Pallet_Contents'!$A$2:$A$3000,$A2)) -> 0 | X93: =IF($A2="","",SUMIF('07_Pallet_Contents'!$A$2:$A$3000,$A2,'07_Pallet_Contents'!$D$2:$D$3000)) -> 0 | Y93: =IF($A2="","",SUMIF('07_Pallet_Contents'!$A$2:$A$3000,$A2,'07_Pallet_Contents'!$I$2:$I$3000)) -> 0 | Z93: =IF($A2="","",IF(COUNTIF('07_Pallet_Contents'!$A$2:$A$3000,$A2)>0,"Yes",""))
A94: PAL-0000093 | D94: =IF($C94="","",IFERROR(LOOKUP(2,1/('03_Warehouse_Movements'!$C$2:$C$500=$A94),'03_Warehouse_Movements'!$E$2:$E$500),$C94)) | E94: ACTIVE | H94: =IF(AND($F94="TEMP",$G94>0,$M94<>""),$M94+$G94,"") | M94: =IF($C94="","",IFERROR(LOOKUP(2,1/('03_Warehouse_Movements'!$C$2:$C$500=$A94),'03_Warehouse_Movements'!$A$2:$A$500),"")) | N94: =IF($C94="","",IFERROR(LOOKUP(2,1/('03_Warehouse_Movements'!$C$2:$C$500=$A94),'03_Warehouse_Movements'!$H$2:$H$500),"")) | O94: =A94 -> PAL-0000093 | W94: =IF($A2="","",COUNTIF('07_Pallet_Contents'!$A$2:$A$3000,$A2)) -> 0 | X94: =IF($A2="","",SUMIF('07_Pallet_Contents'!$A$2:$A$3000,$A2,'07_Pallet_Contents'!$D$2:$D$3000)) -> 0 | Y94: =IF($A2="","",SUMIF('07_Pallet_Contents'!$A$2:$A$3000,$A2,'07_Pallet_Contents'!$I$2:$I$3000)) -> 0 | Z94: =IF($A2="","",IF(COUNTIF('07_Pallet_Contents'!$A$2:$A$3000,$A2)>0,"Yes",""))
A95: PAL-0000094 | D95: =IF($C95="","",IFERROR(LOOKUP(2,1/('03_Warehouse_Movements'!$C$2:$C$500=$A95),'03_Warehouse_Movements'!$E$2:$E$500),$C95)) | E95: ACTIVE | H95: =IF(AND($F95="TEMP",$G95>0,$M95<>""),$M95+$G95,"") | M95: =IF($C95="","",IFERROR(LOOKUP(2,1/('03_Warehouse_Movements'!$C$2:$C$500=$A95),'03_Warehouse_Movements'!$A$2:$A$500),"")) | N95: =IF($C95="","",IFERROR(LOOKUP(2,1/('03_Warehouse_Movements'!$C$2:$C$500=$A95),'03_Warehouse_Movements'!$H$2:$H$500),"")) | O95: =A95 -> PAL-0000094 | W95: =IF($A2="","",COUNTIF('07_Pallet_Contents'!$A$2:$A$3000,$A2)) -> 0 | X95: =IF($A2="","",SUMIF('07_Pallet_Contents'!$A$2:$A$3000,$A2,'07_Pallet_Contents'!$D$2:$D$3000)) -> 0 | Y95: =IF($A2="","",SUMIF('07_Pallet_Contents'!$A$2:$A$3000,$A2,'07_Pallet_Contents'!$I$2:$I$3000)) -> 0 | Z95: =IF($A2="","",IF(COUNTIF('07_Pallet_Contents'!$A$2:$A$3000,$A2)>0,"Yes",""))
A96: PAL-0000095 | D96: =IF($C96="","",IFERROR(LOOKUP(2,1/('03_Warehouse_Movements'!$C$2:$C$500=$A96),'03_Warehouse_Movements'!$E$2:$E$500),$C96)) | E96: ACTIVE | H96: =IF(AND($F96="TEMP",$G96>0,$M96<>""),$M96+$G96,"") | M96: =IF($C96="","",IFERROR(LOOKUP(2,1/('03_Warehouse_Movements'!$C$2:$C$500=$A96),'03_Warehouse_Movements'!$A$2:$A$500),"")) | N96: =IF($C96="","",IFERROR(LOOKUP(2,1/('03_Warehouse_Movements'!$C$2:$C$500=$A96),'03_Warehouse_Movements'!$H$2:$H$500),"")) | O96: =A96 -> PAL-0000095 | W96: =IF($A2="","",COUNTIF('07_Pallet_Contents'!$A$2:$A$3000,$A2)) -> 0 | X96: =IF($A2="","",SUMIF('07_Pallet_Contents'!$A$2:$A$3000,$A2,'07_Pallet_Contents'!$D$2:$D$3000)) -> 0 | Y96: =IF($A2="","",SUMIF('07_Pallet_Contents'!$A$2:$A$3000,$A2,'07_Pallet_Contents'!$I$2:$I$3000)) -> 0 | Z96: =IF($A2="","",IF(COUNTIF('07_Pallet_Contents'!$A$2:$A$3000,$A2)>0,"Yes",""))
A97: PAL-0000096 | D97: =IF($C97="","",IFERROR(LOOKUP(2,1/('03_Warehouse_Movements'!$C$2:$C$500=$A97),'03_Warehouse_Movements'!$E$2:$E$500),$C97)) | E97: ACTIVE | H97: =IF(AND($F97="TEMP",$G97>0,$M97<>""),$M97+$G97,"") | M97: =IF($C97="","",IFERROR(LOOKUP(2,1/('03_Warehouse_Movements'!$C$2:$C$500=$A97),'03_Warehouse_Movements'!$A$2:$A$500),"")) | N97: =IF($C97="","",IFERROR(LOOKUP(2,1/('03_Warehouse_Movements'!$C$2:$C$500=$A97),'03_Warehouse_Movements'!$H$2:$H$500),"")) | O97: =A97 -> PAL-0000096 | W97: =IF($A2="","",COUNTIF('07_Pallet_Contents'!$A$2:$A$3000,$A2)) -> 0 | X97: =IF($A2="","",SUMIF('07_Pallet_Contents'!$A$2:$A$3000,$A2,'07_Pallet_Contents'!$D$2:$D$3000)) -> 0 | Y97: =IF($A2="","",SUMIF('07_Pallet_Contents'!$A$2:$A$3000,$A2,'07_Pallet_Contents'!$I$2:$I$3000)) -> 0 | Z97: =IF($A2="","",IF(COUNTIF('07_Pallet_Contents'!$A$2:$A$3000,$A2)>0,"Yes",""))
A98: PAL-0000097 | D98: =IF($C98="","",IFERROR(LOOKUP(2,1/('03_Warehouse_Movements'!$C$2:$C$500=$A98),'03_Warehouse_Movements'!$E$2:$E$500),$C98)) | E98: ACTIVE | H98: =IF(AND($F98="TEMP",$G98>0,$M98<>""),$M98+$G98,"") | M98: =IF($C98="","",IFERROR(LOOKUP(2,1/('03_Warehouse_Movements'!$C$2:$C$500=$A98),'03_Warehouse_Movements'!$A$2:$A$500),"")) | N98: =IF($C98="","",IFERROR(LOOKUP(2,1/('03_Warehouse_Movements'!$C$2:$C$500=$A98),'03_Warehouse_Movements'!$H$2:$H$500),"")) | O98: =A98 -> PAL-0000097 | W98: =IF($A2="","",COUNTIF('07_Pallet_Contents'!$A$2:$A$3000,$A2)) -> 0 | X98: =IF($A2="","",SUMIF('07_Pallet_Contents'!$A$2:$A$3000,$A2,'07_Pallet_Contents'!$D$2:$D$3000)) -> 0 | Y98: =IF($A2="","",SUMIF('07_Pallet_Contents'!$A$2:$A$3000,$A2,'07_Pallet_Contents'!$I$2:$I$3000)) -> 0 | Z98: =IF($A2="","",IF(COUNTIF('07_Pallet_Contents'!$A$2:$A$3000,$A2)>0,"Yes",""))
A99: PAL-0000098 | D99: =IF($C99="","",IFERROR(LOOKUP(2,1/('03_Warehouse_Movements'!$C$2:$C$500=$A99),'03_Warehouse_Movements'!$E$2:$E$500),$C99)) | E99: ACTIVE | H99: =IF(AND($F99="TEMP",$G99>0,$M99<>""),$M99+$G99,"") | M99: =IF($C99="","",IFERROR(LOOKUP(2,1/('03_Warehouse_Movements'!$C$2:$C$500=$A99),'03_Warehouse_Movements'!$A$2:$A$500),"")) | N99: =IF($C99="","",IFERROR(LOOKUP(2,1/('03_Warehouse_Movements'!$C$2:$C$500=$A99),'03_Warehouse_Movements'!$H$2:$H$500),"")) | O99: =A99 -> PAL-0000098 | W99: =IF($A2="","",COUNTIF('07_Pallet_Contents'!$A$2:$A$3000,$A2)) -> 0 | X99: =IF($A2="","",SUMIF('07_Pallet_Contents'!$A$2:$A$3000,$A2,'07_Pallet_Contents'!$D$2:$D$3000)) -> 0 | Y99: =IF($A2="","",SUMIF('07_Pallet_Contents'!$A$2:$A$3000,$A2,'07_Pallet_Contents'!$I$2:$I$3000)) -> 0 | Z99: =IF($A2="","",IF(COUNTIF('07_Pallet_Contents'!$A$2:$A$3000,$A2)>0,"Yes",""))
A100: PAL-0000099 | D100: =IF($C100="","",IFERROR(LOOKUP(2,1/('03_Warehouse_Movements'!$C$2:$C$500=$A100),'03_Warehouse_Movements'!$E$2:$E$500),$C100)) | E100: ACTIVE | H100: =IF(AND($F100="TEMP",$G100>0,$M100<>""),$M100+$G100,"") | M100: =IF($C100="","",IFERROR(LOOKUP(2,1/('03_Warehouse_Movements'!$C$2:$C$500=$A100),'03_Warehouse_Movements'!$A$2:$A$500),"")) | N100: =IF($C100="","",IFERROR(LOOKUP(2,1/('03_Warehouse_Movements'!$C$2:$C$500=$A100),'03_Warehouse_Movements'!$H$2:$H$500),"")) | O100: =A100 -> PAL-0000099 | W100: =IF($A2="","",COUNTIF('07_Pallet_Contents'!$A$2:$A$3000,$A2)) -> 0 | X100: =IF($A2="","",SUMIF('07_Pallet_Contents'!$A$2:$A$3000,$A2,'07_Pallet_Contents'!$D$2:$D$3000)) -> 0 | Y100: =IF($A2="","",SUMIF('07_Pallet_Contents'!$A$2:$A$3000,$A2,'07_Pallet_Contents'!$I$2:$I$3000)) -> 0 | Z100: =IF($A2="","",IF(COUNTIF('07_Pallet_Contents'!$A$2:$A$3000,$A2)>0,"Yes",""))
...

Sheet 02_Warehouse_Locations
A1: LocationCode | B1: Zone | C1: Aisle | D1: Position/Slot | E1: LocationType | F1: AccessRating(1-5) | G1: TTL_Days | H1: QR_Payload | I1: Notes | J1: DisplayLabel (AUTO) | K1: AisleNum (AUTO) | L1: SlotNum (AUTO) | M1: LevelNum (AUTO) | N1: PrismNode (AUTO) | O1: GridCol (AUTO) | P1: GridRow (AUTO) | Q1: GridNode (AUTO)
A2: WH-STAGE-IN | B2: WH | E2: STAGE_IN | F2: 1 | G2: 0 | H2: =A2 -> WH-STAGE-IN | I2: Inbound staging | J2: =IF($I2<>"",$I2,$A2) -> Inbound staging | K2: =IF($C2="","",IF(LEN($C2)=1,CODE(UPPER($C2))-64,IFERROR(VALUE(MID($C2,2,99)),""))) | L2: =IF($D2="","",IFERROR(VALUE($D2),"")) | M2: =IFERROR(VALUE(MID($A2,FIND("Level",$A2)+5,99)),IF($E2="AISLE_FLOOR",0,IF($E2="OVERFLOW",0,IF($E2="ENDCAP",0,"")))) | N2: =IF(AND($B2<>"",$C2<>"",ISNUMBER(--$D2)), $B2&": "&LEFT($C2,1)&TEXT(--$D2,"00"), IF($I2<>"",$I2,$A2)) -> Inbound staging | O2: =IF(AND($C2<>"",ISNUMBER(--$D2)),LEFT($C2,1),"") | P2: =IF(ISNUMBER(--$D2),--$D2,"") -> 0 | Q2: =IF(AND($O2<>"",$P2<>""),$O2&TEXT($P2,"00"),"")
A3: WH-STAGE-OUT | B3: WH | E3: STAGE_OUT | F3: 1 | G3: 0 | H3: =A3 -> WH-STAGE-OUT | I3: Outbound / ship staging | J3: =IF($I3<>"",$I3,$A3) -> Outbound / ship staging | K3: =IF($C3="","",IF(LEN($C3)=1,CODE(UPPER($C3))-64,IFERROR(VALUE(MID($C3,2,99)),""))) | L3: =IF($D3="","",IFERROR(VALUE($D3),"")) | M3: =IFERROR(VALUE(MID($A3,FIND("Level",$A3)+5,99)),IF($E3="AISLE_FLOOR",0,IF($E3="OVERFLOW",0,IF($E3="ENDCAP",0,"")))) | N3: =IF(AND($B3<>"",$C3<>"",ISNUMBER(--$D3)), $B3&": "&LEFT($C3,1)&TEXT(--$D3,"00"), IF($I3<>"",$I3,$A3)) -> Outbound / ship staging | O3: =IF(AND($C3<>"",ISNUMBER(--$D3)),LEFT($C3,1),"") | P3: =IF(ISNUMBER(--$D3),--$D3,"") -> 0 | Q3: =IF(AND($O3<>"",$P3<>""),$O3&TEXT($P3,"00"),"")
A4: WH-QUARANTINE | B4: WH | E4: QUARANTINE | F4: 2 | G4: 0 | H4: =A4 -> WH-QUARANTINE | I4: Damaged/unknown hold | J4: =IF($I4<>"",$I4,$A4) -> Damaged/unknown hold | K4: =IF($C4="","",IF(LEN($C4)=1,CODE(UPPER($C4))-64,IFERROR(VALUE(MID($C4,2,99)),""))) | L4: =IF($D4="","",IFERROR(VALUE($D4),"")) | M4: =IFERROR(VALUE(MID($A4,FIND("Level",$A4)+5,99)),IF($E4="AISLE_FLOOR",0,IF($E4="OVERFLOW",0,IF($E4="ENDCAP",0,"")))) | N4: =IF(AND($B4<>"",$C4<>"",ISNUMBER(--$D4)), $B4&": "&LEFT($C4,1)&TEXT(--$D4,"00"), IF($I4<>"",$I4,$A4)) -> Damaged/unknown hold | O4: =IF(AND($C4<>"",ISNUMBER(--$D4)),LEFT($C4,1),"") | P4: =IF(ISNUMBER(--$D4),--$D4,"") -> 0 | Q4: =IF(AND($O4<>"",$P4<>""),$O4&TEXT($P4,"00"),"")
A5: WH-Z1-A01-ENDCAP-L | B5: Z1 | C5: A01 | D5: L | E5: ENDCAP | F5: 1 | G5: 2 | H5: =A5 -> WH-Z1-A01-ENDCAP-L | I5: Endcap left | J5: =IF($I5<>"",$I5,$A5) -> Endcap left | K5: =IF($C5="","",IF(LEN($C5)=1,CODE(UPPER($C5))-64,IFERROR(VALUE(MID($C5,2,99)),""))) -> 1 | L5: =IF($D5="","",IFERROR(VALUE($D5),"")) | M5: =IFERROR(VALUE(MID($A5,FIND("Level",$A5)+5,99)),IF($E5="AISLE_FLOOR",0,IF($E5="OVERFLOW",0,IF($E5="ENDCAP",0,"")))) -> 0 | N5: =IF(AND($B5<>"",$C5<>"",ISNUMBER(--$D5)), $B5&": "&LEFT($C5,1)&TEXT(--$D5,"00"), IF($I5<>"",$I5,$A5)) -> Endcap left | O5: =IF(AND($C5<>"",ISNUMBER(--$D5)),LEFT($C5,1),"") | P5: =IF(ISNUMBER(--$D5),--$D5,"") | Q5: =IF(AND($O5<>"",$P5<>""),$O5&TEXT($P5,"00"),"")
A6: WH-Z1-AisleA-Bay1-Level1 | B6: Z1 | C6: A | D6: 1 | E6: AISLE_FLOOR | F6: 4 | G6: 2 | H6: =A6 -> WH-Z1-AisleA-Bay1-Level1 | I6: Between rows segment 01 | J6: =IF($I6<>"",$I6,$A6) -> Between rows segment 01 | K6: =IF($C6="","",IF(LEN($C6)=1,CODE(UPPER($C6))-64,IFERROR(VALUE(MID($C6,2,99)),""))) -> 1 | L6: =IF($D6="","",IFERROR(VALUE($D6),"")) -> 1 | M6: =IFERROR(VALUE(MID($A6,FIND("Level",$A6)+5,99)),IF($E6="AISLE_FLOOR",0,IF($E6="OVERFLOW",0,IF($E6="ENDCAP",0,"")))) -> 1 | N6: =IF(AND($B6<>"",$C6<>"",ISNUMBER(--$D6)), $B6&": "&LEFT($C6,1)&TEXT(--$D6,"00"), IF($I6<>"",$I6,$A6)) -> Z1: A01 | O6: =IF(AND($C6<>"",ISNUMBER(--$D6)),LEFT($C6,1),"") -> A | P6: =IF(ISNUMBER(--$D6),--$D6,"") -> 1 | Q6: =IF(AND($O6<>"",$P6<>""),$O6&TEXT($P6,"00"),"") -> A01
A7: WH-Z1-AisleA-Bay1-Level2 | B7: Z1 | C7: A | D7: 1 | E7: AISLE_FLOOR | F7: 4 | G7: 2 | H7: =A7 -> WH-Z1-AisleA-Bay1-Level2 | I7: Between rows segment 02 | J7: =IF($I7<>"",$I7,$A7) -> Between rows segment 02 | K7: =IF($C7="","",IF(LEN($C7)=1,CODE(UPPER($C7))-64,IFERROR(VALUE(MID($C7,2,99)),""))) -> 1 | L7: =IF($D7="","",IFERROR(VALUE($D7),"")) -> 1 | M7: =IFERROR(VALUE(MID($A7,FIND("Level",$A7)+5,99)),IF($E7="AISLE_FLOOR",0,IF($E7="OVERFLOW",0,IF($E7="ENDCAP",0,"")))) -> 2 | N7: =IF(AND($B7<>"",$C7<>"",ISNUMBER(--$D7)), $B7&": "&LEFT($C7,1)&TEXT(--$D7,"00"), IF($I7<>"",$I7,$A7)) -> Z1: A01 | O7: =IF(AND($C7<>"",ISNUMBER(--$D7)),LEFT($C7,1),"") -> A | P7: =IF(ISNUMBER(--$D7),--$D7,"") -> 1 | Q7: =IF(AND($O7<>"",$P7<>""),$O7&TEXT($P7,"00"),"") -> A01
A8: WH-Z1-A01-OVERFLOW-01 | B8: Z1 | C8: A01 | D8: 01 | E8: OVERFLOW | F8: 3 | G8: 7 | H8: =A8 -> WH-Z1-A01-OVERFLOW-01 | I8: Overflow slot 01 | J8: =IF($I8<>"",$I8,$A8) -> Overflow slot 01 | K8: =IF($C8="","",IF(LEN($C8)=1,CODE(UPPER($C8))-64,IFERROR(VALUE(MID($C8,2,99)),""))) -> 1 | L8: =IF($D8="","",IFERROR(VALUE($D8),"")) -> 1 | M8: =IFERROR(VALUE(MID($A8,FIND("Level",$A8)+5,99)),IF($E8="AISLE_FLOOR",0,IF($E8="OVERFLOW",0,IF($E8="ENDCAP",0,"")))) -> 0 | N8: =IF(AND($B8<>"",$C8<>"",ISNUMBER(--$D8)), $B8&": "&LEFT($C8,1)&TEXT(--$D8,"00"), IF($I8<>"",$I8,$A8)) -> Z1: A01 | O8: =IF(AND($C8<>"",ISNUMBER(--$D8)),LEFT($C8,1),"") -> A | P8: =IF(ISNUMBER(--$D8),--$D8,"") -> 1 | Q8: =IF(AND($O8<>"",$P8<>""),$O8&TEXT($P8,"00"),"") -> A01
A9: CHRIS_OVERFLOW_A_ZONE1 | B9: CHRIS | E9: OVERFLOW | F9: 3 | G9: 0 | H9: =A9 -> CHRIS_OVERFLOW_A_ZONE1 | I9: Custom location code from Warehouse Ledger (details TBD). | J9: =IF($I9<>"",$I9,$A9) -> Custom location code from Warehouse Ledger (details TBD). | K9: =IF($C9="","",IF(LEN($C9)=1,CODE(UPPER($C9))-64,IFERROR(VALUE(MID($C9,2,99)),""))) | L9: =IF($D9="","",IFERROR(VALUE($D9),"")) | M9: =IFERROR(VALUE(MID($A9,FIND("Level",$A9)+5,99)),IF($E9="AISLE_FLOOR",0,IF($E9="OVERFLOW",0,IF($E9="ENDCAP",0,"")))) -> 0 | N9: =IF(AND($B9<>"",$C9<>"",ISNUMBER(--$D9)), $B9&": "&LEFT($C9,1)&TEXT(--$D9,"00"), IF($I9<>"",$I9,$A9)) -> Custom location code from Warehouse Ledger (details TBD). | O9: =IF(AND($C9<>"",ISNUMBER(--$D9)),LEFT($C9,1),"") | P9: =IF(ISNUMBER(--$D9),--$D9,"") -> 0 | Q9: =IF(AND($O9<>"",$P9<>""),$O9&TEXT($P9,"00"),"")
A10: WH-Z1-AisleA-Bay1-Level3 | B10: Z1 | C10: A | D10: 1 | E10: AISLE_FLOOR | F10: 4 | G10: 2 | H10: =A10 -> WH-Z1-AisleA-Bay1-Level3 | I10: SAMPLE: Grid A03 | J10: =IF($I10<>"",$I10,$A10) -> SAMPLE: Grid A03 | K10: =IF($C10="","",IF(LEN($C10)=1,CODE(UPPER($C10))-64,IFERROR(VALUE(MID($C10,2,99)),""))) -> 1 | L10: =IF($D10="","",IFERROR(VALUE($D10),"")) -> 1 | M10: =IFERROR(VALUE(MID($A10,FIND("Level",$A10)+5,99)),IF($E10="AISLE_FLOOR",0,IF($E10="OVERFLOW",0,IF($E10="ENDCAP",0,"")))) -> 3 | N10: =IF(AND($B10<>"",$C10<>"",ISNUMBER(--$D10)), $B10&": "&LEFT($C10,1)&TEXT(--$D10,"00"), IF($I10<>"",$I10,$A10)) -> Z1: A01 | O10: =IF(AND($C10<>"",ISNUMBER(--$D10)),LEFT($C10,1),"") -> A | P10: =IF(ISNUMBER(--$D10),--$D10,"") -> 1 | Q10: =IF(AND($O10<>"",$P10<>""),$O10&TEXT($P10,"00"),"") -> A01
A11: WH-Z1-AisleA-Bay1-Level4 | B11: Z1 | C11: A | D11: 1 | E11: AISLE_FLOOR | F11: 4 | G11: 2 | H11: =A11 -> WH-Z1-AisleA-Bay1-Level4 | I11: SAMPLE: Grid A04 | J11: =IF($I11<>"",$I11,$A11) -> SAMPLE: Grid A04 | K11: =IF($C11="","",IF(LEN($C11)=1,CODE(UPPER($C11))-64,IFERROR(VALUE(MID($C11,2,99)),""))) -> 1 | L11: =IF($D11="","",IFERROR(VALUE($D11),"")) -> 1 | M11: =IFERROR(VALUE(MID($A11,FIND("Level",$A11)+5,99)),IF($E11="AISLE_FLOOR",0,IF($E11="OVERFLOW",0,IF($E11="ENDCAP",0,"")))) -> 4 | N11: =IF(AND($B11<>"",$C11<>"",ISNUMBER(--$D11)), $B11&": "&LEFT($C11,1)&TEXT(--$D11,"00"), IF($I11<>"",$I11,$A11)) -> Z1: A01 | O11: =IF(AND($C11<>"",ISNUMBER(--$D11)),LEFT($C11,1),"") -> A | P11: =IF(ISNUMBER(--$D11),--$D11,"") -> 1 | Q11: =IF(AND($O11<>"",$P11<>""),$O11&TEXT($P11,"00"),"") -> A01
A12: WH-Z1-AisleA-Bay1-Level5 | B12: Z1 | C12: A | D12: 1 | E12: AISLE_FLOOR | F12: 4 | G12: 2 | H12: =A12 -> WH-Z1-AisleA-Bay1-Level5 | I12: SAMPLE: Grid A05 | J12: =IF($I12<>"",$I12,$A12) -> SAMPLE: Grid A05 | K12: =IF($C12="","",IF(LEN($C12)=1,CODE(UPPER($C12))-64,IFERROR(VALUE(MID($C12,2,99)),""))) -> 1 | L12: =IF($D12="","",IFERROR(VALUE($D12),"")) -> 1 | M12: =IFERROR(VALUE(MID($A12,FIND("Level",$A12)+5,99)),IF($E12="AISLE_FLOOR",0,IF($E12="OVERFLOW",0,IF($E12="ENDCAP",0,"")))) -> 5 | N12: =IF(AND($B12<>"",$C12<>"",ISNUMBER(--$D12)), $B12&": "&LEFT($C12,1)&TEXT(--$D12,"00"), IF($I12<>"",$I12,$A12)) -> Z1: A01 | O12: =IF(AND($C12<>"",ISNUMBER(--$D12)),LEFT($C12,1),"") -> A | P12: =IF(ISNUMBER(--$D12),--$D12,"") -> 1 | Q12: =IF(AND($O12<>"",$P12<>""),$O12&TEXT($P12,"00"),"") -> A01
A13: WH-Z1-AisleA-Bay1-Level6 | B13: Z1 | C13: A | D13: 1 | E13: AISLE_FLOOR | F13: 4 | G13: 2 | H13: =A13 -> WH-Z1-AisleA-Bay1-Level6 | I13: SAMPLE: Grid A06 | J13: =IF($I13<>"",$I13,$A13) -> SAMPLE: Grid A06 | K13: =IF($C13="","",IF(LEN($C13)=1,CODE(UPPER($C13))-64,IFERROR(VALUE(MID($C13,2,99)),""))) -> 1 | L13: =IF($D13="","",IFERROR(VALUE($D13),"")) -> 1 | M13: =IFERROR(VALUE(MID($A13,FIND("Level",$A13)+5,99)),IF($E13="AISLE_FLOOR",0,IF($E13="OVERFLOW",0,IF($E13="ENDCAP",0,"")))) -> 6 | N13: =IF(AND($B13<>"",$C13<>"",ISNUMBER(--$D13)), $B13&": "&LEFT($C13,1)&TEXT(--$D13,"00"), IF($I13<>"",$I13,$A13)) -> Z1: A01 | O13: =IF(AND($C13<>"",ISNUMBER(--$D13)),LEFT($C13,1),"") -> A | P13: =IF(ISNUMBER(--$D13),--$D13,"") -> 1 | Q13: =IF(AND($O13<>"",$P13<>""),$O13&TEXT($P13,"00"),"") -> A01
A14: WH-Z1-AisleA-Bay1-Level7 | B14: Z1 | C14: A | D14: 1 | E14: AISLE_FLOOR | F14: 4 | G14: 2 | H14: =A14 -> WH-Z1-AisleA-Bay1-Level7 | I14: SAMPLE: Grid A07 | J14: =IF($I14<>"",$I14,$A14) -> SAMPLE: Grid A07 | K14: =IF($C14="","",IF(LEN($C14)=1,CODE(UPPER($C14))-64,IFERROR(VALUE(MID($C14,2,99)),""))) -> 1 | L14: =IF($D14="","",IFERROR(VALUE($D14),"")) -> 1 | M14: =IFERROR(VALUE(MID($A14,FIND("Level",$A14)+5,99)),IF($E14="AISLE_FLOOR",0,IF($E14="OVERFLOW",0,IF($E14="ENDCAP",0,"")))) -> 7 | N14: =IF(AND($B14<>"",$C14<>"",ISNUMBER(--$D14)), $B14&": "&LEFT($C14,1)&TEXT(--$D14,"00"), IF($I14<>"",$I14,$A14)) -> Z1: A01 | O14: =IF(AND($C14<>"",ISNUMBER(--$D14)),LEFT($C14,1),"") -> A | P14: =IF(ISNUMBER(--$D14),--$D14,"") -> 1 | Q14: =IF(AND($O14<>"",$P14<>""),$O14&TEXT($P14,"00"),"") -> A01
A15: WH-Z1-AisleA-Bay1-Level8 | B15: Z1 | C15: A | D15: 1 | E15: AISLE_FLOOR | F15: 4 | G15: 2 | H15: =A15 -> WH-Z1-AisleA-Bay1-Level8 | I15: SAMPLE: Grid A08 | J15: =IF($I15<>"",$I15,$A15) -> SAMPLE: Grid A08 | K15: =IF($C15="","",IF(LEN($C15)=1,CODE(UPPER($C15))-64,IFERROR(VALUE(MID($C15,2,99)),""))) -> 1 | L15: =IF($D15="","",IFERROR(VALUE($D15),"")) -> 1 | M15: =IFERROR(VALUE(MID($A15,FIND("Level",$A15)+5,99)),IF($E15="AISLE_FLOOR",0,IF($E15="OVERFLOW",0,IF($E15="ENDCAP",0,"")))) -> 8 | N15: =IF(AND($B15<>"",$C15<>"",ISNUMBER(--$D15)), $B15&": "&LEFT($C15,1)&TEXT(--$D15,"00"), IF($I15<>"",$I15,$A15)) -> Z1: A01 | O15: =IF(AND($C15<>"",ISNUMBER(--$D15)),LEFT($C15,1),"") -> A | P15: =IF(ISNUMBER(--$D15),--$D15,"") -> 1 | Q15: =IF(AND($O15<>"",$P15<>""),$O15&TEXT($P15,"00"),"") -> A01
A16: WH-Z1-AisleA-Bay1-Level9 | B16: Z1 | C16: A | D16: 1 | E16: AISLE_FLOOR | F16: 4 | G16: 2 | H16: =A16 -> WH-Z1-AisleA-Bay1-Level9 | I16: SAMPLE: Grid A09 | J16: =IF($I16<>"",$I16,$A16) -> SAMPLE: Grid A09 | K16: =IF($C16="","",IF(LEN($C16)=1,CODE(UPPER($C16))-64,IFERROR(VALUE(MID($C16,2,99)),""))) -> 1 | L16: =IF($D16="","",IFERROR(VALUE($D16),"")) -> 1 | M16: =IFERROR(VALUE(MID($A16,FIND("Level",$A16)+5,99)),IF($E16="AISLE_FLOOR",0,IF($E16="OVERFLOW",0,IF($E16="ENDCAP",0,"")))) -> 9 | N16: =IF(AND($B16<>"",$C16<>"",ISNUMBER(--$D16)), $B16&": "&LEFT($C16,1)&TEXT(--$D16,"00"), IF($I16<>"",$I16,$A16)) -> Z1: A01 | O16: =IF(AND($C16<>"",ISNUMBER(--$D16)),LEFT($C16,1),"") -> A | P16: =IF(ISNUMBER(--$D16),--$D16,"") -> 1 | Q16: =IF(AND($O16<>"",$P16<>""),$O16&TEXT($P16,"00"),"") -> A01
A17: WH-Z1-AisleA-Bay1-Level10 | B17: Z1 | C17: A | D17: 1 | E17: AISLE_FLOOR | F17: 4 | G17: 2 | H17: =A17 -> WH-Z1-AisleA-Bay1-Level10 | I17: SAMPLE: Grid A10 | J17: =IF($I17<>"",$I17,$A17) -> SAMPLE: Grid A10 | K17: =IF($C17="","",IF(LEN($C17)=1,CODE(UPPER($C17))-64,IFERROR(VALUE(MID($C17,2,99)),""))) -> 1 | L17: =IF($D17="","",IFERROR(VALUE($D17),"")) -> 1 | M17: =IFERROR(VALUE(MID($A17,FIND("Level",$A17)+5,99)),IF($E17="AISLE_FLOOR",0,IF($E17="OVERFLOW",0,IF($E17="ENDCAP",0,"")))) -> 10 | N17: =IF(AND($B17<>"",$C17<>"",ISNUMBER(--$D17)), $B17&": "&LEFT($C17,1)&TEXT(--$D17,"00"), IF($I17<>"",$I17,$A17)) -> Z1: A01 | O17: =IF(AND($C17<>"",ISNUMBER(--$D17)),LEFT($C17,1),"") -> A | P17: =IF(ISNUMBER(--$D17),--$D17,"") -> 1 | Q17: =IF(AND($O17<>"",$P17<>""),$O17&TEXT($P17,"00"),"") -> A01
A18: WH-Z1-AisleA-Bay1-Level11 | B18: Z1 | C18: A | D18: 1 | E18: AISLE_FLOOR | F18: 4 | G18: 2 | H18: =A18 -> WH-Z1-AisleA-Bay1-Level11 | I18: SAMPLE: Grid A11 | J18: =IF($I18<>"",$I18,$A18) -> SAMPLE: Grid A11 | K18: =IF($C18="","",IF(LEN($C18)=1,CODE(UPPER($C18))-64,IFERROR(VALUE(MID($C18,2,99)),""))) -> 1 | L18: =IF($D18="","",IFERROR(VALUE($D18),"")) -> 1 | M18: =IFERROR(VALUE(MID($A18,FIND("Level",$A18)+5,99)),IF($E18="AISLE_FLOOR",0,IF($E18="OVERFLOW",0,IF($E18="ENDCAP",0,"")))) -> 11 | N18: =IF(AND($B18<>"",$C18<>"",ISNUMBER(--$D18)), $B18&": "&LEFT($C18,1)&TEXT(--$D18,"00"), IF($I18<>"",$I18,$A18)) -> Z1: A01 | O18: =IF(AND($C18<>"",ISNUMBER(--$D18)),LEFT($C18,1),"") -> A | P18: =IF(ISNUMBER(--$D18),--$D18,"") -> 1 | Q18: =IF(AND($O18<>"",$P18<>""),$O18&TEXT($P18,"00"),"") -> A01
A19: WH-Z1-AisleA-Bay1-Level12 | B19: Z1 | C19: A | D19: 1 | E19: AISLE_FLOOR | F19: 4 | G19: 2 | H19: =A19 -> WH-Z1-AisleA-Bay1-Level12 | I19: SAMPLE: Grid A12 | J19: =IF($I19<>"",$I19,$A19) -> SAMPLE: Grid A12 | K19: =IF($C19="","",IF(LEN($C19)=1,CODE(UPPER($C19))-64,IFERROR(VALUE(MID($C19,2,99)),""))) -> 1 | L19: =IF($D19="","",IFERROR(VALUE($D19),"")) -> 1 | M19: =IFERROR(VALUE(MID($A19,FIND("Level",$A19)+5,99)),IF($E19="AISLE_FLOOR",0,IF($E19="OVERFLOW",0,IF($E19="ENDCAP",0,"")))) -> 12 | N19: =IF(AND($B19<>"",$C19<>"",ISNUMBER(--$D19)), $B19&": "&LEFT($C19,1)&TEXT(--$D19,"00"), IF($I19<>"",$I19,$A19)) -> Z1: A01 | O19: =IF(AND($C19<>"",ISNUMBER(--$D19)),LEFT($C19,1),"") -> A | P19: =IF(ISNUMBER(--$D19),--$D19,"") -> 1 | Q19: =IF(AND($O19<>"",$P19<>""),$O19&TEXT($P19,"00"),"") -> A01
A20: WH-Z1-AisleA-Bay1-Level13 | B20: Z1 | C20: A | D20: 1 | E20: AISLE_FLOOR | F20: 4 | G20: 2 | H20: =A20 -> WH-Z1-AisleA-Bay1-Level13 | I20: SAMPLE: Grid A13 | J20: =IF($I20<>"",$I20,$A20) -> SAMPLE: Grid A13 | K20: =IF($C20="","",IF(LEN($C20)=1,CODE(UPPER($C20))-64,IFERROR(VALUE(MID($C20,2,99)),""))) -> 1 | L20: =IF($D20="","",IFERROR(VALUE($D20),"")) -> 1 | M20: =IFERROR(VALUE(MID($A20,FIND("Level",$A20)+5,99)),IF($E20="AISLE_FLOOR",0,IF($E20="OVERFLOW",0,IF($E20="ENDCAP",0,"")))) -> 13 | N20: =IF(AND($B20<>"",$C20<>"",ISNUMBER(--$D20)), $B20&": "&LEFT($C20,1)&TEXT(--$D20,"00"), IF($I20<>"",$I20,$A20)) -> Z1: A01 | O20: =IF(AND($C20<>"",ISNUMBER(--$D20)),LEFT($C20,1),"") -> A | P20: =IF(ISNUMBER(--$D20),--$D20,"") -> 1 | Q20: =IF(AND($O20<>"",$P20<>""),$O20&TEXT($P20,"00"),"") -> A01
A21: WH-Z1-AisleA-Bay1-Level14 | B21: Z1 | C21: A | D21: 1 | E21: AISLE_FLOOR | F21: 4 | G21: 2 | H21: =A21 -> WH-Z1-AisleA-Bay1-Level14 | I21: SAMPLE: Grid A14 | J21: =IF($I21<>"",$I21,$A21) -> SAMPLE: Grid A14 | K21: =IF($C21="","",IF(LEN($C21)=1,CODE(UPPER($C21))-64,IFERROR(VALUE(MID($C21,2,99)),""))) -> 1 | L21: =IF($D21="","",IFERROR(VALUE($D21),"")) -> 1 | M21: =IFERROR(VALUE(MID($A21,FIND("Level",$A21)+5,99)),IF($E21="AISLE_FLOOR",0,IF($E21="OVERFLOW",0,IF($E21="ENDCAP",0,"")))) -> 14 | N21: =IF(AND($B21<>"",$C21<>"",ISNUMBER(--$D21)), $B21&": "&LEFT($C21,1)&TEXT(--$D21,"00"), IF($I21<>"",$I21,$A21)) -> Z1: A01 | O21: =IF(AND($C21<>"",ISNUMBER(--$D21)),LEFT($C21,1),"") -> A | P21: =IF(ISNUMBER(--$D21),--$D21,"") -> 1 | Q21: =IF(AND($O21<>"",$P21<>""),$O21&TEXT($P21,"00"),"") -> A01
... A127: WH-Z1-AisleF-Bay1-Level20 | B127: Z1 | C127: F | D127: 1 | E127: AISLE_FLOOR | F127: 4 | G127: 2 | H127: =A127 -> WH-Z1-AisleF-Bay1-Level20 | I127: SAMPLE: Grid F20 | J127: =IF($I127<>"",$I127,$A127) -> SAMPLE: Grid F20 | K127: =IF($C127="","",IF(LEN($C127)=1,CODE(UPPER($C127))-64,IFERROR(VALUE(MID($C127,2,99)),""))) -> 6 | L127: =IF($D127="","",IFERROR(VALUE($D127),"")) -> 1 | M127: =IFERROR(VALUE(MID($A127,FIND("Level",$A127)+5,99)),IF($E127="AISLE_FLOOR",0,IF($E127="OVERFLOW",0,IF($E127="ENDCAP",0,"")))) -> 20 | N127: =IF(AND($B127<>"",$C127<>"",ISNUMBER(--$D127)), $B127&": "&LEFT($C127,1)&TEXT(--$D127,"00"), IF($I127<>"",$I127,$A127)) -> Z1: F01 | O127: =IF(AND($C127<>"",ISNUMBER(--$D127)),LEFT($C127,1),"") -> F | P127: =IF(ISNUMBER(--$D127),--$D127,"") -> 1 | Q127: =IF(AND($O127<>"",$P127<>""),$O127&TEXT($P127,"00"),"") -> F01
A128: WH-DISPOSAL | B128: WH | E128: DISPOSAL | F128: 3 | H128: =A128 -> WH-DISPOSAL | I128: SAMPLE: Retire destination | J128: =IF($I128<>"",$I128,$A128) -> SAMPLE: Retire destination | K128: =IF($C128="","",IF(LEN($C128)=1,CODE(UPPER($C128))-64,IFERROR(VALUE(MID($C128,2,99)),""))) | L128: =IF($D128="","",IFERROR(VALUE($D128),"")) | M128: =IFERROR(VALUE(MID($A128,FIND("Level",$A128)+5,99)),IF($E128="AISLE_FLOOR",0,IF($E128="OVERFLOW",0,IF($E128="ENDCAP",0,"")))) | N128: =IF(AND($B128<>"",$C128<>"",ISNUMBER(--$D128)), $B128&": "&LEFT($C128,1)&TEXT(--$D128,"00"), IF($I128<>"",$I128,$A128)) -> SAMPLE: Retire destination | O128: =IF(AND($C128<>"",ISNUMBER(--$D128)),LEFT($C128,1),"") | P128: =IF(ISNUMBER(--$D128),--$D128,"") -> 0 | Q128: =IF(AND($O128<>"",$P128<>""),$O128&TEXT($P128,"00"),"")
A129: WH-OUTBOUND | B129: WH | E129: OUTBOUND | F129: 3 | H129: =A129 -> WH-OUTBOUND | I129: SAMPLE: Ship destination | J129: =IF($I129<>"",$I129,$A129) -> SAMPLE: Ship destination | K129: =IF($C129="","",IF(LEN($C129)=1,CODE(UPPER($C129))-64,IFERROR(VALUE(MID($C129,2,99)),""))) | L129: =IF($D129="","",IFERROR(VALUE($D129),"")) | M129: =IFERROR(VALUE(MID($A129,FIND("Level",$A129)+5,99)),IF($E129="AISLE_FLOOR",0,IF($E129="OVERFLOW",0,IF($E129="ENDCAP",0,"")))) | N129: =IF(AND($B129<>"",$C129<>"",ISNUMBER(--$D129)), $B129&": "&LEFT($C129,1)&TEXT(--$D129,"00"), IF($I129<>"",$I129,$A129)) -> SAMPLE: Ship destination | O129: =IF(AND($C129<>"",ISNUMBER(--$D129)),LEFT($C129,1),"") | P129: =IF(ISNUMBER(--$D129),--$D129,"") -> 0 | Q129: =IF(AND($O129<>"",$P129<>""),$O129&TEXT($P129,"00"),"")
A130: CHRIS_OVERFLOW_A_ZONE3 | B130: CHRIS | E130: OVERFLOW | F130: 3 | G130: 7 | H130: =A130 -> CHRIS_OVERFLOW_A_ZONE3 | I130: Custom location code from Warehouse Ledger (details TBD). | J130: =IF($I130<>"",$I130,$A130) -> Custom location code from Warehouse Ledger (details TBD). | K130: =IF($C130="","",IF(LEN($C130)=1,CODE(UPPER($C130))-64,IFERROR(VALUE(MID($C130,2,99)),""))) | L130: =IF($D130="","",IFERROR(VALUE($D130),"")) | M130: =IFERROR(VALUE(MID($A130,FIND("Level",$A130)+5,99)),IF($E130="AISLE_FLOOR",0,IF($E130="OVERFLOW",0,IF($E130="ENDCAP",0,"")))) -> 0 | N130: =IF(AND($B130<>"",$C130<>"",ISNUMBER(--$D130)), $B130&": "&LEFT($C130,1)&TEXT(--$D130,"00"), IF($I130<>"",$I130,$A130)) -> Custom location code from Warehouse Ledger (details TBD). | O130: =IF(AND($C130<>"",ISNUMBER(--$D130)),LEFT($C130,1),"") | P130: =IF(ISNUMBER(--$D130),--$D130,"") -> 0 | Q130: =IF(AND($O130<>"",$P130<>""),$O130&TEXT($P130,"00"),"")
A131: WH-Z1-AisleO-Bay3-Level2 | B131: Z1 | C131: O | D131: 3 | E131: AISLE_FLOOR | F131: 4 | G131: 2 | H131: =A131 -> WH-Z1-AisleO-Bay3-Level2 | I131: From Warehouse Ledger naming standard. | J131: =IF($I131<>"",$I131,$A131) -> From Warehouse Ledger naming standard. | K131: =IF($C131="","",IF(LEN($C131)=1,CODE(UPPER($C131))-64,IFERROR(VALUE(MID($C131,2,99)),""))) -> 15 | L131: =IF($D131="","",IFERROR(VALUE($D131),"")) -> 3 | M131: =IFERROR(VALUE(MID($A131,FIND("Level",$A131)+5,99)),IF($E131="AISLE_FLOOR",0,IF($E131="OVERFLOW",0,IF($E131="ENDCAP",0,"")))) -> 2 | N131: =IF(AND($B131<>"",$C131<>"",ISNUMBER(--$D131)), $B131&": "&LEFT($C131,1)&TEXT(--$D131,"00"), IF($I131<>"",$I131,$A131)) -> Z1: O03 | O131: =IF(AND($C131<>"",ISNUMBER(--$D131)),LEFT($C131,1),"") -> O | P131: =IF(ISNUMBER(--$D131),--$D131,"") -> 3 | Q131: =IF(AND($O131<>"",$P131<>""),$O131&TEXT($P131,"00"),"") -> O03
A132: WH-Z1-AisleO-Bay10-Level1 | B132: Z1 | E132: OVERFLOW | F132: 3 | G132: 7 | H132: =A132 -> WH-Z1-AisleO-Bay10-Level1 | I132: Zone 1 non-overflow section (naming standard). | J132: =IF($I132<>"",$I132,$A132) -> Zone 1 non-overflow section (naming standard). | K132: =IF($C132="","",IF(LEN($C132)=1,CODE(UPPER($C132))-64,IFERROR(VALUE(MID($C132,2,99)),""))) | L132: =IF($D132="","",IFERROR(VALUE($D132),"")) | M132: =IFERROR(VALUE(MID($A132,FIND("Level",$A132)+5,99)),IF($E132="AISLE_FLOOR",0,IF($E132="OVERFLOW",0,IF($E132="ENDCAP",0,"")))) -> 1 | N132: =IF(AND($B132<>"",$C132<>"",ISNUMBER(--$D132)), $B132&": "&LEFT($C132,1)&TEXT(--$D132,"00"), IF($I132<>"",$I132,$A132)) -> Zone 1 non-overflow section (naming standard). | O132: =IF(AND($C132<>"",ISNUMBER(--$D132)),LEFT($C132,1),"") | P132: =IF(ISNUMBER(--$D132),--$D132,"") -> 0 | Q132: =IF(AND($O132<>"",$P132<>""),$O132&TEXT($P132,"00"),"")
A133: WH-Z1-AisleO-Bay7-Level1 | H133: =#REF! -> #REF! | J133: =IF($I133<>"",$I133,#REF!) -> #REF! | K133: =IF($C133="","",IF(LEN($C133)=1,CODE(UPPER($C133))-64,IFERROR(VALUE(MID($C133,2,99)),""))) | L133: =IF($D133="","",IFERROR(VALUE($D133),"")) | M133: =IFERROR(VALUE(MID(#REF!,FIND("Level",#REF!)+5,99)),IF($E133="AISLE_FLOOR",0,IF($E133="OVERFLOW",0,IF($E133="ENDCAP",0,"")))) | N133: =IF(AND($B133<>"",$C133<>"",ISNUMBER(--$D133)), $B133&": "&LEFT($C133,1)&TEXT(--$D133,"00"), IF($I133<>"",$I133,#REF!)) -> #REF! | O133: =IF(AND($C133<>"",ISNUMBER(--$D133)),LEFT($C133,1),"") | P133: =IF(ISNUMBER(--$D133),--$D133,"") -> 0 | Q133: =IF(AND($O133<>"",$P133<>""),$O133&TEXT($P133,"00"),"")
H134: =A134 -> 0 | J134: =IF($I134<>"",$I134,$A134) -> 0 | K134: =IF($C134="","",IF(LEN($C134)=1,CODE(UPPER($C134))-64,IFERROR(VALUE(MID($C134,2,99)),""))) | L134: =IF($D134="","",IFERROR(VALUE($D134),"")) | M134: =IFERROR(VALUE(MID($A134,FIND("Level",$A134)+5,99)),IF($E134="AISLE_FLOOR",0,IF($E134="OVERFLOW",0,IF($E134="ENDCAP",0,"")))) | N134: =IF(AND($B134<>"",$C134<>"",ISNUMBER(--$D134)), $B134&": "&LEFT($C134,1)&TEXT(--$D134,"00"), IF($I134<>"",$I134,$A134)) -> 0 | O134: =IF(AND($C134<>"",ISNUMBER(--$D134)),LEFT($C134,1),"") | P134: =IF(ISNUMBER(--$D134),--$D134,"") -> 0 | Q134: =IF(AND($O134<>"",$P134<>""),$O134&TEXT($P134,"00"),"")
H135: =A135 -> 0 | J135: =IF($I135<>"",$I135,$A135) -> 0 | K135: =IF($C135="","",IF(LEN($C135)=1,CODE(UPPER($C135))-64,IFERROR(VALUE(MID($C135,2,99)),""))) | L135: =IF($D135="","",IFERROR(VALUE($D135),"")) | M135: =IFERROR(VALUE(MID($A135,FIND("Level",$A135)+5,99)),IF($E135="AISLE_FLOOR",0,IF($E135="OVERFLOW",0,IF($E135="ENDCAP",0,"")))) | N135: =IF(AND($B135<>"",$C135<>"",ISNUMBER(--$D135)), $B135&": "&LEFT($C135,1)&TEXT(--$D135,"00"), IF($I135<>"",$I135,$A135)) -> 0 | O135: =IF(AND($C135<>"",ISNUMBER(--$D135)),LEFT($C135,1),"") | P135: =IF(ISNUMBER(--$D135),--$D135,"") -> 0 | Q135: =IF(AND($O135<>"",$P135<>""),$O135&TEXT($P135,"00"),"")
H136: =A136 -> 0 | J136: =IF($I136<>"",$I136,$A136) -> 0 | K136: =IF($C136="","",IF(LEN($C136)=1,CODE(UPPER($C136))-64,IFERROR(VALUE(MID($C136,2,99)),""))) | L136: =IF($D136="","",IFERROR(VALUE($D136),"")) | M136: =IFERROR(VALUE(MID($A136,FIND("Level",$A136)+5,99)),IF($E136="AISLE_FLOOR",0,IF($E136="OVERFLOW",0,IF($E136="ENDCAP",0,"")))) | N136: =IF(AND($B136<>"",$C136<>"",ISNUMBER(--$D136)), $B136&": "&LEFT($C136,1)&TEXT(--$D136,"00"), IF($I136<>"",$I136,$A136)) -> 0 | O136: =IF(AND($C136<>"",ISNUMBER(--$D136)),LEFT($C136,1),"") | P136: =IF(ISNUMBER(--$D136),--$D136,"") -> 0 | Q136: =IF(AND($O136<>"",$P136<>""),$O136&TEXT($P136,"00"),"")
H137: =A137 -> 0 | J137: =IF($I137<>"",$I137,$A137) -> 0 | K137: =IF($C137="","",IF(LEN($C137)=1,CODE(UPPER($C137))-64,IFERROR(VALUE(MID($C137,2,99)),""))) | L137: =IF($D137="","",IFERROR(VALUE($D137),"")) | M137: =IFERROR(VALUE(MID($A137,FIND("Level",$A137)+5,99)),IF($E137="AISLE_FLOOR",0,IF($E137="OVERFLOW",0,IF($E137="ENDCAP",0,"")))) | N137: =IF(AND($B137<>"",$C137<>"",ISNUMBER(--$D137)), $B137&": "&LEFT($C137,1)&TEXT(--$D137,"00"), IF($I137<>"",$I137,$A137)) -> 0 | O137: =IF(AND($C137<>"",ISNUMBER(--$D137)),LEFT($C137,1),"") | P137: =IF(ISNUMBER(--$D137),--$D137,"") -> 0 | Q137: =IF(AND($O137<>"",$P137<>""),$O137&TEXT($P137,"00"),"")
H138: =A138 -> 0 | J138: =IF($I138<>"",$I138,$A138) -> 0 | K138: =IF($C138="","",IF(LEN($C138)=1,CODE(UPPER($C138))-64,IFERROR(VALUE(MID($C138,2,99)),""))) | L138: =IF($D138="","",IFERROR(VALUE($D138),"")) | M138: =IFERROR(VALUE(MID($A138,FIND("Level",$A138)+5,99)),IF($E138="AISLE_FLOOR",0,IF($E138="OVERFLOW",0,IF($E138="ENDCAP",0,"")))) | N138: =IF(AND($B138<>"",$C138<>"",ISNUMBER(--$D138)), $B138&": "&LEFT($C138,1)&TEXT(--$D138,"00"), IF($I138<>"",$I138,$A138)) -> 0 | O138: =IF(AND($C138<>"",ISNUMBER(--$D138)),LEFT($C138,1),"") | P138: =IF(ISNUMBER(--$D138),--$D138,"") -> 0 | Q138: =IF(AND($O138<>"",$P138<>""),$O138&TEXT($P138,"00"),"")
H139: =A139 -> 0 | J139: =IF($I139<>"",$I139,$A139) -> 0 | K139: =IF($C139="","",IF(LEN($C139)=1,CODE(UPPER($C139))-64,IFERROR(VALUE(MID($C139,2,99)),""))) | L139: =IF($D139="","",IFERROR(VALUE($D139),"")) | M139: =IFERROR(VALUE(MID($A139,FIND("Level",$A139)+5,99)),IF($E139="AISLE_FLOOR",0,IF($E139="OVERFLOW",0,IF($E139="ENDCAP",0,"")))) | N139: =IF(AND($B139<>"",$C139<>"",ISNUMBER(--$D139)), $B139&": "&LEFT($C139,1)&TEXT(--$D139,"00"), IF($I139<>"",$I139,$A139)) -> 0 | O139: =IF(AND($C139<>"",ISNUMBER(--$D139)),LEFT($C139,1),"") | P139: =IF(ISNUMBER(--$D139),--$D139,"") -> 0 | Q139: =IF(AND($O139<>"",$P139<>""),$O139&TEXT($P139,"00"),"")
H140: =A140 -> 0 | J140: =IF($I140<>"",$I140,$A140) -> 0 | K140: =IF($C140="","",IF(LEN($C140)=1,CODE(UPPER($C140))-64,IFERROR(VALUE(MID($C140,2,99)),""))) | L140: =IF($D140="","",IFERROR(VALUE($D140),"")) | M140: =IFERROR(VALUE(MID($A140,FIND("Level",$A140)+5,99)),IF($E140="AISLE_FLOOR",0,IF($E140="OVERFLOW",0,IF($E140="ENDCAP",0,"")))) | N140: =IF(AND($B140<>"",$C140<>"",ISNUMBER(--$D140)), $B140&": "&LEFT($C140,1)&TEXT(--$D140,"00"), IF($I140<>"",$I140,$A140)) -> 0 | O140: =IF(AND($C140<>"",ISNUMBER(--$D140)),LEFT($C140,1),"") | P140: =IF(ISNUMBER(--$D140),--$D140,"") -> 0 | Q140: =IF(AND($O140<>"",$P140<>""),$O140&TEXT($P140,"00"),"")
H141: =A141 -> 0 | J141: =IF($I141<>"",$I141,$A141) -> 0 | K141: =IF($C141="","",IF(LEN($C141)=1,CODE(UPPER($C141))-64,IFERROR(VALUE(MID($C141,2,99)),""))) | L141: =IF($D141="","",IFERROR(VALUE($D141),"")) | M141: =IFERROR(VALUE(MID($A141,FIND("Level",$A141)+5,99)),IF($E141="AISLE_FLOOR",0,IF($E141="OVERFLOW",0,IF($E141="ENDCAP",0,"")))) | N141: =IF(AND($B141<>"",$C141<>"",ISNUMBER(--$D141)), $B141&": "&LEFT($C141,1)&TEXT(--$D141,"00"), IF($I141<>"",$I141,$A141)) -> 0 | O141: =IF(AND($C141<>"",ISNUMBER(--$D141)),LEFT($C141,1),"") | P141: =IF(ISNUMBER(--$D141),--$D141,"") -> 0 | Q141: =IF(AND($O141<>"",$P141<>""),$O141&TEXT($P141,"00"),"")
H142: =A142 -> 0 | J142: =IF($I142<>"",$I142,$A142) -> 0 | K142: =IF($C142="","",IF(LEN($C142)=1,CODE(UPPER($C142))-64,IFERROR(VALUE(MID($C142,2,99)),""))) | L142: =IF($D142="","",IFERROR(VALUE($D142),"")) | M142: =IFERROR(VALUE(MID($A142,FIND("Level",$A142)+5,99)),IF($E142="AISLE_FLOOR",0,IF($E142="OVERFLOW",0,IF($E142="ENDCAP",0,"")))) | N142: =IF(AND($B142<>"",$C142<>"",ISNUMBER(--$D142)), $B142&": "&LEFT($C142,1)&TEXT(--$D142,"00"), IF($I142<>"",$I142,$A142)) -> 0 | O142: =IF(AND($C142<>"",ISNUMBER(--$D142)),LEFT($C142,1),"") | P142: =IF(ISNUMBER(--$D142),--$D142,"") -> 0 | Q142: =IF(AND($O142<>"",$P142<>""),$O142&TEXT($P142,"00"),"")
H143: =A143 -> 0 | J143: =IF($I143<>"",$I143,$A143) -> 0 | K143: =IF($C143="","",IF(LEN($C143)=1,CODE(UPPER($C143))-64,IFERROR(VALUE(MID($C143,2,99)),""))) | L143: =IF($D143="","",IFERROR(VALUE($D143),"")) | M143: =IFERROR(VALUE(MID($A143,FIND("Level",$A143)+5,99)),IF($E143="AISLE_FLOOR",0,IF($E143="OVERFLOW",0,IF($E143="ENDCAP",0,"")))) | N143: =IF(AND($B143<>"",$C143<>"",ISNUMBER(--$D143)), $B143&": "&LEFT($C143,1)&TEXT(--$D143,"00"), IF($I143<>"",$I143,$A143)) -> 0 | O143: =IF(AND($C143<>"",ISNUMBER(--$D143)),LEFT($C143,1),"") | P143: =IF(ISNUMBER(--$D143),--$D143,"") -> 0 | Q143: =IF(AND($O143<>"",$P143<>""),$O143&TEXT($P143,"00"),"")
H144: =A144 -> 0 | J144: =IF($I144<>"",$I144,$A144) -> 0 | K144: =IF($C144="","",IF(LEN($C144)=1,CODE(UPPER($C144))-64,IFERROR(VALUE(MID($C144,2,99)),""))) | L144: =IF($D144="","",IFERROR(VALUE($D144),"")) | M144: =IFERROR(VALUE(MID($A144,FIND("Level",$A144)+5,99)),IF($E144="AISLE_FLOOR",0,IF($E144="OVERFLOW",0,IF($E144="ENDCAP",0,"")))) | N144: =IF(AND($B144<>"",$C144<>"",ISNUMBER(--$D144)), $B144&": "&LEFT($C144,1)&TEXT(--$D144,"00"), IF($I144<>"",$I144,$A144)) -> 0 | O144: =IF(AND($C144<>"",ISNUMBER(--$D144)),LEFT($C144,1),"") | P144: =IF(ISNUMBER(--$D144),--$D144,"") -> 0 | Q144: =IF(AND($O144<>"",$P144<>""),$O144&TEXT($P144,"00"),"")
H145: =A145 -> 0 | J145: =IF($I145<>"",$I145,$A145) -> 0 | K145: =IF($C145="","",IF(LEN($C145)=1,CODE(UPPER($C145))-64,IFERROR(VALUE(MID($C145,2,99)),""))) | L145: =IF($D145="","",IFERROR(VALUE($D145),"")) | M145: =IFERROR(VALUE(MID($A145,FIND("Level",$A145)+5,99)),IF($E145="AISLE_FLOOR",0,IF($E145="OVERFLOW",0,IF($E145="ENDCAP",0,"")))) | N145: =IF(AND($B145<>"",$C145<>"",ISNUMBER(--$D145)), $B145&": "&LEFT($C145,1)&TEXT(--$D145,"00"), IF($I145<>"",$I145,$A145)) -> 0 | O145: =IF(AND($C145<>"",ISNUMBER(--$D145)),LEFT($C145,1),"") | P145: =IF(ISNUMBER(--$D145),--$D145,"") -> 0 | Q145: =IF(AND($O145<>"",$P145<>""),$O145&TEXT($P145,"00"),"")
... H500: =A500 -> 0 | J500: =IF($I500<>"",$I500,$A500) -> 0 | K500: =IF($C500="","",IF(LEN($C500)=1,CODE(UPPER($C500))-64,IFERROR(VALUE(MID($C500,2,99)),""))) | L500: =IF($D500="","",IFERROR(VALUE($D500),"")) | M500: =IFERROR(VALUE(MID($A500,FIND("Level",$A500)+5,99)),IF($E500="AISLE_FLOOR",0,IF($E500="OVERFLOW",0,IF($E500="ENDCAP",0,"")))) | N500: =IF(AND($B500<>"",$C500<>"",ISNUMBER(--$D500)), $B500&": "&LEFT($C500,1)&TEXT(--$D500,"00"), IF($I500<>"",$I500,$A500)) -> 0 | O500: =IF(AND($C500<>"",ISNUMBER(--$D500)),LEFT($C500,1),"") | P500: =IF(ISNUMBER(--$D500),--$D500,"") -> 0 | Q500: =IF(AND($O500<>"",$P500<>""),$O500&TEXT($P500,"00"),"")
H501: =A501 -> 0 | J501: =IF($I501<>"",$I501,$A501) -> 0 | K501: =IF($C501="","",IFERROR(VALUE(MID($C501,2,99)),"")) | L501: =IF($D501="","",IFERROR(VALUE($D501),"")) | M501: =IF($E501="AISLE_FLOOR",0,IF($E501="OVERFLOW",0,IF($E501="ENDCAP",0,""))) | N501: =IF(AND($B501<>"",$C501<>"",ISNUMBER(--$D501)), $B501&": "&LEFT($C501,1)&TEXT(--$D501,"00"), IF($I501<>"",$I501,$A501)) -> 0 | O501: =IF(AND($C501<>"",ISNUMBER(--$D501)),LEFT($C501,1),"") | P501: =IF(ISNUMBER(--$D501),--$D501,"") -> 0 | Q501: =IF(AND($O501<>"",$P501<>""),$O501&TEXT($P501,"00"),"")

Sheet 03_Warehouse_Movements
A1: Timestamp | B1: Action | C1: PalletID | D1: FromLocation (AUTO) | E1: ToLocation | F1: Item | G1: Qty | H1: ByWho | I1: Ref(PO/Wave/WO) | J1: Notes
A2: 46052.375 | B2: RECEIVE | C2: PAL001 | D2: =IF($C2="","",IFERROR(LOOKUP(2,1/($C$2:INDEX($C:$C,ROW()-1)=$C2),$E$2:INDEX($E:$E,ROW()-1)),IFERROR(VLOOKUP($C2,'01_Warehouse_Ledger'!$A$2:$C$2002,3,FALSE),""))) -> WH-Z1-A01-AISLE-FLOOR-02 | E2: WH-Z1-A01-AISLE-FLOOR-02 | H2: SAMPLE-TECH | I2: SAMPLE-REF-PAL001 | J2: SAMPLE: initial receipt
A3: 46052.38 | B3: RECEIVE | C3: PAL002 | D3: =IF($C3="","",IFERROR(LOOKUP(2,1/($C$2:INDEX($C:$C,ROW()-1)=$C3),$E$2:INDEX($E:$E,ROW()-1)),IFERROR(VLOOKUP($C3,'01_Warehouse_Ledger'!$A$2:$C$2002,3,FALSE),""))) | E3: WH-STAGE-IN | H3: SAMPLE-TECH | I3: SAMPLE-REF-PAL002 | J3: SAMPLE: initial receipt
A4: 46052.385 | B4: RECEIVE | C4: PAL003 | D4: =IF($C4="","",IFERROR(LOOKUP(2,1/($C$2:INDEX($C:$C,ROW()-1)=$C4),$E$2:INDEX($E:$E,ROW()-1)),IFERROR(VLOOKUP($C4,'01_Warehouse_Ledger'!$A$2:$C$2002,3,FALSE),""))) | E4: CHRIS_OVERFLOW_A_ZONE1 | H4: SAMPLE-TECH | I4: SAMPLE-REF-PAL003 | J4: SAMPLE: initial receipt
A5: 46052.39 | B5: RECEIVE | C5: PAL004 | D5: =IF($C5="","",IFERROR(LOOKUP(2,1/($C$2:INDEX($C:$C,ROW()-1)=$C5),$E$2:INDEX($E:$E,ROW()-1)),IFERROR(VLOOKUP($C5,'01_Warehouse_Ledger'!$A$2:$C$2002,3,FALSE),""))) | E5: CHRIS_OVERFLOW_A_ZONE1 | H5: SAMPLE-TECH | I5: SAMPLE-REF-PAL004 | J5: SAMPLE: initial receipt
A6: 46052.394 | B6: RECEIVE | C6: PAL005 | D6: =IF($C6="","",IFERROR(LOOKUP(2,1/($C$2:INDEX($C:$C,ROW()-1)=$C6),$E$2:INDEX($E:$E,ROW()-1)),IFERROR(VLOOKUP($C6,'01_Warehouse_Ledger'!$A$2:$C$2002,3,FALSE),""))) | E6: WH-Z1-A01-AISLE-FLOOR-01 | H6: SAMPLE-TECH | I6: SAMPLE-REF-PAL005 | J6: SAMPLE: initial receipt
A7: 46052.399 | B7: RECEIVE | C7: PAL006 | D7: =IF($C7="","",IFERROR(LOOKUP(2,1/($C$2:INDEX($C:$C,ROW()-1)=$C7),$E$2:INDEX($E:$E,ROW()-1)),IFERROR(VLOOKUP($C7,'01_Warehouse_Ledger'!$A$2:$C$2002,3,FALSE),""))) | E7: WH-Z1-A01-AISLE-FLOOR-03 | H7: SAMPLE-TECH | I7: SAMPLE-REF-PAL006 | J7: SAMPLE: initial receipt
A8: 46052.404 | B8: RECEIVE | C8: PAL007 | D8: =IF($C8="","",IFERROR(LOOKUP(2,1/($C$2:INDEX($C:$C,ROW()-1)=$C8),$E$2:INDEX($E:$E,ROW()-1)),IFERROR(VLOOKUP($C8,'01_Warehouse_Ledger'!$A$2:$C$2002,3,FALSE),""))) | E8: WH-Z1-A01-AISLE-FLOOR-04 | H8: SAMPLE-TECH | I8: SAMPLE-REF-PAL007 | J8: SAMPLE: initial receipt
A9: 46052.409 | B9: RECEIVE | C9: PAL008 | D9: =IF($C9="","",IFERROR(LOOKUP(2,1/($C$2:INDEX($C:$C,ROW()-1)=$C9),$E$2:INDEX($E:$E,ROW()-1)),IFERROR(VLOOKUP($C9,'01_Warehouse_Ledger'!$A$2:$C$2002,3,FALSE),""))) | E9: WH-Z1-A01-AISLE-FLOOR-05 | H9: SAMPLE-TECH | I9: SAMPLE-REF-PAL008 | J9: SAMPLE: initial receipt
A10: 46052.414 | B10: RECEIVE | C10: PAL009 | D10: =IF($C10="","",IFERROR(LOOKUP(2,1/($C$2:INDEX($C:$C,ROW()-1)=$C10),$E$2:INDEX($E:$E,ROW()-1)),IFERROR(VLOOKUP($C10,'01_Warehouse_Ledger'!$A$2:$C$2002,3,FALSE),""))) | E10: WH-Z1-A01-AISLE-FLOOR-06 | H10: SAMPLE-TECH | I10: SAMPLE-REF-PAL009 | J10: SAMPLE: initial receipt
A11: 46052.419 | B11: RECEIVE | C11: PAL010 | D11: =IF($C11="","",IFERROR(LOOKUP(2,1/($C$2:INDEX($C:$C,ROW()-1)=$C11),$E$2:INDEX($E:$E,ROW()-1)),IFERROR(VLOOKUP($C11,'01_Warehouse_Ledger'!$A$2:$C$2002,3,FALSE),""))) | E11: WH-Z1-A01-AISLE-FLOOR-07 | H11: SAMPLE-TECH | I11: SAMPLE-REF-PAL010 | J11: SAMPLE: initial receipt
A12: 46052.424 | B12: RECEIVE | C12: PAL011 | D12: =IF($C12="","",IFERROR(LOOKUP(2,1/($C$2:INDEX($C:$C,ROW()-1)=$C12),$E$2:INDEX($E:$E,ROW()-1)),IFERROR(VLOOKUP($C12,'01_Warehouse_Ledger'!$A$2:$C$2002,3,FALSE),""))) | E12: WH-Z1-A01-AISLE-FLOOR-08 | H12: SAMPLE-TECH | I12: SAMPLE-REF-PAL011 | J12: SAMPLE: initial receipt
A13: 46052.428 | B13: RECEIVE | C13: PAL012 | D13: =IF($C13="","",IFERROR(LOOKUP(2,1/($C$2:INDEX($C:$C,ROW()-1)=$C13),$E$2:INDEX($E:$E,ROW()-1)),IFERROR(VLOOKUP($C13,'01_Warehouse_Ledger'!$A$2:$C$2002,3,FALSE),""))) | E13: WH-Z1-A01-AISLE-FLOOR-09 | H13: SAMPLE-TECH | I13: SAMPLE-REF-PAL012 | J13: SAMPLE: initial receipt
... A69: 46052.662 | B69: RECEIVE | C69: PAL060 | D69: =IF($C69="","",IFERROR(LOOKUP(2,1/($C$2:INDEX($C:$C,ROW()-1)=$C69),$E$2:INDEX($E:$E,ROW()-1)),IFERROR(VLOOKUP($C69,'01_Warehouse_Ledger'!$A$2:$C$2002,3,FALSE),""))) | E69: WH-Z1-C01-AISLE-FLOOR-17 | H69: SAMPLE-TECH | I69: SAMPLE-REF-PAL060 | J69: SAMPLE: initial receipt
D70: =IF($C70="","",IFERROR(LOOKUP(2,1/($C$2:INDEX($C:$C,ROW()-1)=$C70),$E$2:INDEX($E:$E,ROW()-1)),IFERROR(VLOOKUP($C70,'01_Warehouse_Ledger'!$A$2:$C$2002,3,FALSE),"")))
D71: =IF($C71="","",IFERROR(LOOKUP(2,1/($C$2:INDEX($C:$C,ROW()-1)=$C71),$E$2:INDEX($E:$E,ROW()-1)),IFERROR(VLOOKUP($C71,'01_Warehouse_Ledger'!$A$2:$C$2002,3,FALSE),"")))
D72: =IF($C72="","",IFERROR(LOOKUP(2,1/($C$2:INDEX($C:$C,ROW()-1)=$C72),$E$2:INDEX($E:$E,ROW()-1)),IFERROR(VLOOKUP($C72,'01_Warehouse_Ledger'!$A$2:$C$2002,3,FALSE),"")))
D73: =IF($C73="","",IFERROR(LOOKUP(2,1/($C$2:INDEX($C:$C,ROW()-1)=$C73),$E$2:INDEX($E:$E,ROW()-1)),IFERROR(VLOOKUP($C73,'01_Warehouse_Ledger'!$A$2:$C$2002,3,FALSE),"")))
D74: =IF($C74="","",IFERROR(LOOKUP(2,1/($C$2:INDEX($C:$C,ROW()-1)=$C74),$E$2:INDEX($E:$E,ROW()-1)),IFERROR(VLOOKUP($C74,'01_Warehouse_Ledger'!$A$2:$C$2002,3,FALSE),"")))
D75: =IF($C75="","",IFERROR(LOOKUP(2,1/($C$2:INDEX($C:$C,ROW()-1)=$C75),$E$2:INDEX($E:$E,ROW()-1)),IFERROR(VLOOKUP($C75,'01_Warehouse_Ledger'!$A$2:$C$2002,3,FALSE),"")))
D76: =IF($C76="","",IFERROR(LOOKUP(2,1/($C$2:INDEX($C:$C,ROW()-1)=$C76),$E$2:INDEX($E:$E,ROW()-1)),IFERROR(VLOOKUP($C76,'01_Warehouse_Ledger'!$A$2:$C$2002,3,FALSE),"")))
D77: =IF($C77="","",IFERROR(LOOKUP(2,1/($C$2:INDEX($C:$C,ROW()-1)=$C77),$E$2:INDEX($E:$E,ROW()-1)),IFERROR(VLOOKUP($C77,'01_Warehouse_Ledger'!$A$2:$C$2002,3,FALSE),"")))
D78: =IF($C78="","",IFERROR(LOOKUP(2,1/($C$2:INDEX($C:$C,ROW()-1)=$C78),$E$2:INDEX($E:$E,ROW()-1)),IFERROR(VLOOKUP($C78,'01_Warehouse_Ledger'!$A$2:$C$2002,3,FALSE),"")))
D79: =IF($C79="","",IFERROR(LOOKUP(2,1/($C$2:INDEX($C:$C,ROW()-1)=$C79),$E$2:INDEX($E:$E,ROW()-1)),IFERROR(VLOOKUP($C79,'01_Warehouse_Ledger'!$A$2:$C$2002,3,FALSE),"")))
D80: =IF($C80="","",IFERROR(LOOKUP(2,1/($C$2:INDEX($C:$C,ROW()-1)=$C80),$E$2:INDEX($E:$E,ROW()-1)),IFERROR(VLOOKUP($C80,'01_Warehouse_Ledger'!$A$2:$C$2002,3,FALSE),"")))
D81: =IF($C81="","",IFERROR(LOOKUP(2,1/($C$2:INDEX($C:$C,ROW()-1)=$C81),$E$2:INDEX($E:$E,ROW()-1)),IFERROR(VLOOKUP($C81,'01_Warehouse_Ledger'!$A$2:$C$2002,3,FALSE),"")))
... D500: =IF($C500="","",IFERROR(LOOKUP(2,1/($C$2:INDEX($C:$C,ROW()-1)=$C500),$E$2:INDEX($E:$E,ROW()-1)),IFERROR(VLOOKUP($C500,'01_Warehouse_Ledger'!$A$2:$C$2002,3,FALSE),"")))

Sheet 04_Label_Export
A1: LabelType | B1: HumanText | C1: QRPayload | D1: Notes
A2: --LOCATIONS--
A3: LOCATION | B3: =IF('02_Warehouse_Locations'!A2="","",'02_Warehouse_Locations'!A2) -> WH-STAGE-IN | C3: =IF(B3="","",B3) -> WH-STAGE-IN | D3: Location label (rack/floor/zone).
A4: LOCATION | B4: =IF('02_Warehouse_Locations'!A3="","",'02_Warehouse_Locations'!A3) -> WH-STAGE-OUT | C4: =IF(B4="","",B4) -> WH-STAGE-OUT | D4: Location label (rack/floor/zone).
A5: LOCATION | B5: =IF('02_Warehouse_Locations'!A4="","",'02_Warehouse_Locations'!A4) -> WH-QUARANTINE | C5: =IF(B5="","",B5) -> WH-QUARANTINE | D5: Location label (rack/floor/zone).
A6: LOCATION | B6: =IF('02_Warehouse_Locations'!A5="","",'02_Warehouse_Locations'!A5) -> WH-Z1-A01-ENDCAP-L | C6: =IF(B6="","",B6) -> WH-Z1-A01-ENDCAP-L | D6: Location label (rack/floor/zone).
A7: LOCATION | B7: =IF('02_Warehouse_Locations'!A6="","",'02_Warehouse_Locations'!A6) -> WH-Z1-AisleA-Bay1-Level1 | C7: =IF(B7="","",B7) -> WH-Z1-AisleA-Bay1-Level1 | D7: Location label (rack/floor/zone).
A8: LOCATION | B8: =IF('02_Warehouse_Locations'!A7="","",'02_Warehouse_Locations'!A7) -> WH-Z1-AisleA-Bay1-Level2 | C8: =IF(B8="","",B8) -> WH-Z1-AisleA-Bay1-Level2 | D8: Location label (rack/floor/zone).
A9: LOCATION | B9: =IF('02_Warehouse_Locations'!A8="","",'02_Warehouse_Locations'!A8) -> WH-Z1-A01-OVERFLOW-01 | C9: =IF(B9="","",B9) -> WH-Z1-A01-OVERFLOW-01 | D9: Location label (rack/floor/zone).
A10: LOCATION | B10: =IF('02_Warehouse_Locations'!A9="","",'02_Warehouse_Locations'!A9) -> CHRIS_OVERFLOW_A_ZONE1 | C10: =IF(B10="","",B10) -> CHRIS_OVERFLOW_A_ZONE1 | D10: Location label (rack/floor/zone).
A11: LOCATION | B11: =IF('02_Warehouse_Locations'!A10="","",'02_Warehouse_Locations'!A10) -> WH-Z1-AisleA-Bay1-Level3 | C11: =IF(B11="","",B11) -> WH-Z1-AisleA-Bay1-Level3 | D11: Location label (rack/floor/zone).
A12: LOCATION | B12: =IF('02_Warehouse_Locations'!A11="","",'02_Warehouse_Locations'!A11) -> WH-Z1-AisleA-Bay1-Level4 | C12: =IF(B12="","",B12) -> WH-Z1-AisleA-Bay1-Level4 | D12: Location label (rack/floor/zone).
A13: LOCATION | B13: =IF('02_Warehouse_Locations'!A12="","",'02_Warehouse_Locations'!A12) -> WH-Z1-AisleA-Bay1-Level5 | C13: =IF(B13="","",B13) -> WH-Z1-AisleA-Bay1-Level5 | D13: Location label (rack/floor/zone).
A14: LOCATION | B14: =IF('02_Warehouse_Locations'!A13="","",'02_Warehouse_Locations'!A13) -> WH-Z1-AisleA-Bay1-Level6 | C14: =IF(B14="","",B14) -> WH-Z1-AisleA-Bay1-Level6 | D14: Location label (rack/floor/zone).
... A133: LOCATION | B133: =IF('02_Warehouse_Locations'!A132="","",'02_Warehouse_Locations'!A132) -> WH-Z1-AisleO-Bay10-Level1 | C133: =IF(B133="","",B133) -> WH-Z1-AisleO-Bay10-Level1 | D133: Location label (rack/floor/zone).
A134: LOCATION | B134: =IF('02_Warehouse_Locations'!#REF!="","",'02_Warehouse_Locations'!#REF!) -> #REF! | C134: =IF(B134="","",B134) -> #REF! | D134: Location label (rack/floor/zone).
A135: LOCATION | B135: =IF('02_Warehouse_Locations'!A134="","",'02_Warehouse_Locations'!A134) | C135: =IF(B135="","",B135) | D135: Location label (rack/floor/zone).
A136: LOCATION | B136: =IF('02_Warehouse_Locations'!A135="","",'02_Warehouse_Locations'!A135) | C136: =IF(B136="","",B136) | D136: Location label (rack/floor/zone).
A137: LOCATION | B137: =IF('02_Warehouse_Locations'!A136="","",'02_Warehouse_Locations'!A136) | C137: =IF(B137="","",B137) | D137: Location label (rack/floor/zone).
A138: LOCATION | B138: =IF('02_Warehouse_Locations'!A137="","",'02_Warehouse_Locations'!A137) | C138: =IF(B138="","",B138) | D138: Location label (rack/floor/zone).
A139: LOCATION | B139: =IF('02_Warehouse_Locations'!A138="","",'02_Warehouse_Locations'!A138) | C139: =IF(B139="","",B139) | D139: Location label (rack/floor/zone).
A140: LOCATION | B140: =IF('02_Warehouse_Locations'!A139="","",'02_Warehouse_Locations'!A139) | C140: =IF(B140="","",B140) | D140: Location label (rack/floor/zone).
A141: LOCATION | B141: =IF('02_Warehouse_Locations'!A140="","",'02_Warehouse_Locations'!A140) | C141: =IF(B141="","",B141) | D141: Location label (rack/floor/zone).
A142: LOCATION | B142: =IF('02_Warehouse_Locations'!A141="","",'02_Warehouse_Locations'!A141) | C142: =IF(B142="","",B142) | D142: Location label (rack/floor/zone).
A143: LOCATION | B143: =IF('02_Warehouse_Locations'!A142="","",'02_Warehouse_Locations'!A142) | C143: =IF(B143="","",B143) | D143: Location label (rack/floor/zone).
A144: LOCATION | B144: =IF('02_Warehouse_Locations'!A143="","",'02_Warehouse_Locations'!A143) | C144: =IF(B144="","",B144) | D144: Location label (rack/floor/zone).
A145: LOCATION | B145: =IF('02_Warehouse_Locations'!A144="","",'02_Warehouse_Locations'!A144) | C145: =IF(B145="","",B145) | D145: Location label (rack/floor/zone).
A146: LOCATION | B146: =IF('02_Warehouse_Locations'!A145="","",'02_Warehouse_Locations'!A145) | C146: =IF(B146="","",B146) | D146: Location label (rack/floor/zone).
... A502: LOCATION | B502: =IF('02_Warehouse_Locations'!A501="","",'02_Warehouse_Locations'!A501) | C502: =IF(B502="","",B502) | D502: Location label (rack/floor/zone).
A505: --PALLETS--
A506: PALLET | B506: =IF('01_Warehouse_Ledger'!$A$2="","",'01_Warehouse_Ledger'!$A$2&IF('01_Warehouse_Ledger'!$B$2<>""," | "&'01_Warehouse_Ledger'!$B$2,"")) -> PAL-0000001 | OVERFLOW-RICH-CYBERNETS-CFAM-CCMC | C506: =IF('01_Warehouse_Ledger'!$A$2="","",'01_Warehouse_Ledger'!$A$2) -> PAL-0000001 | D506: Pallet tag (stick on pallet).
A507: PALLET | B507: =IF('01_Warehouse_Ledger'!$A$3="","",'01_Warehouse_Ledger'!$A$3&IF('01_Warehouse_Ledger'!$B$3<>""," | "&'01_Warehouse_Ledger'!$B$3,"")) -> PAL-0000002 | C507: =IF('01_Warehouse_Ledger'!$A$3="","",'01_Warehouse_Ledger'!$A$3) -> PAL-0000002 | D507: Pallet tag (stick on pallet).
A508: PALLET | B508: =IF('01_Warehouse_Ledger'!$A$4="","",'01_Warehouse_Ledger'!$A$4&IF('01_Warehouse_Ledger'!$B$4<>""," | "&'01_Warehouse_Ledger'!$B$4,"")) -> PAL-0000003 | OVERFLOW-CHRIS-UMAIR_TICKETS- | C508: =IF('01_Warehouse_Ledger'!$A$4="","",'01_Warehouse_Ledger'!$A$4) -> PAL-0000003 | D508: Pallet tag (stick on pallet).
A509: PALLET | B509: =IF('01_Warehouse_Ledger'!$A$5="","",'01_Warehouse_Ledger'!$A$5&IF('01_Warehouse_Ledger'!$B$5<>""," | "&'01_Warehouse_Ledger'!$B$5,"")) -> PAL-0000004 | WH-Z1-AisleO-Bay10-Level1 | C509: =IF('01_Warehouse_Ledger'!$A$5="","",'01_Warehouse_Ledger'!$A$5) -> PAL-0000004 | D509: Pallet tag (stick on pallet).
A510: PALLET | B510: =IF('01_Warehouse_Ledger'!$A$6="","",'01_Warehouse_Ledger'!$A$6&IF('01_Warehouse_Ledger'!$B$6<>""," | "&'01_Warehouse_Ledger'!$B$6,"")) -> PAL-0000005 | Northwell Capsule & GCX | C510: =IF('01_Warehouse_Ledger'!$A$6="","",'01_Warehouse_Ledger'!$A$6) -> PAL-0000005 | D510: Pallet tag (stick on pallet).
A511: PALLET | B511: =IF('01_Warehouse_Ledger'!$A$7="","",'01_Warehouse_Ledger'!$A$7&IF('01_Warehouse_Ledger'!$B$7<>""," | "&'01_Warehouse_Ledger'!$B$7,"")) -> PAL-0000006 | C511: =IF('01_Warehouse_Ledger'!$A$7="","",'01_Warehouse_Ledger'!$A$7) -> PAL-0000006 | D511: Pallet tag (stick on pallet).
A512: PALLET | B512: =IF('01_Warehouse_Ledger'!$A$8="","",'01_Warehouse_Ledger'!$A$8&IF('01_Warehouse_Ledger'!$B$8<>""," | "&'01_Warehouse_Ledger'!$B$8,"")) -> PAL-0000007 | C512: =IF('01_Warehouse_Ledger'!$A$8="","",'01_Warehouse_Ledger'!$A$8) -> PAL-0000007 | D512: Pallet tag (stick on pallet).
A513: PALLET | B513: =IF('01_Warehouse_Ledger'!$A$9="","",'01_Warehouse_Ledger'!$A$9&IF('01_Warehouse_Ledger'!$B$9<>""," | "&'01_Warehouse_Ledger'!$B$9,"")) -> PAL-0000008 | OVERFLOW-SAMPLE-PO1007-CAT3-PAL008 | C513: =IF('01_Warehouse_Ledger'!$A$9="","",'01_Warehouse_Ledger'!$A$9) -> PAL-0000008 | D513: Pallet tag (stick on pallet).
A514: PALLET | B514: =IF('01_Warehouse_Ledger'!$A$10="","",'01_Warehouse_Ledger'!$A$10&IF('01_Warehouse_Ledger'!$B$10<>""," | "&'01_Warehouse_Ledger'!$B$10,"")) -> PAL-0000009 | C514: =IF('01_Warehouse_Ledger'!$A$10="","",'01_Warehouse_Ledger'!$A$10) -> PAL-0000009 | D514: Pallet tag (stick on pallet).
A515: PALLET | B515: =IF('01_Warehouse_Ledger'!$A$11="","",'01_Warehouse_Ledger'!$A$11&IF('01_Warehouse_Ledger'!$B$11<>""," | "&'01_Warehouse_Ledger'!$B$11,"")) -> PAL-0000010 | C515: =IF('01_Warehouse_Ledger'!$A$11="","",'01_Warehouse_Ledger'!$A$11) -> PAL-0000010 | D515: Pallet tag (stick on pallet).
A516: PALLET | B516: =IF('01_Warehouse_Ledger'!$A$12="","",'01_Warehouse_Ledger'!$A$12&IF('01_Warehouse_Ledger'!$B$12<>""," | "&'01_Warehouse_Ledger'!$B$12,"")) -> PAL-0000011 | C516: =IF('01_Warehouse_Ledger'!$A$12="","",'01_Warehouse_Ledger'!$A$12) -> PAL-0000011 | D516: Pallet tag (stick on pallet).
A517: PALLET | B517: =IF('01_Warehouse_Ledger'!$A$13="","",'01_Warehouse_Ledger'!$A$13&IF('01_Warehouse_Ledger'!$B$13<>""," | "&'01_Warehouse_Ledger'!$B$13,"")) -> PAL-0000012 | C517: =IF('01_Warehouse_Ledger'!$A$13="","",'01_Warehouse_Ledger'!$A$13) -> PAL-0000012 | D517: Pallet tag (stick on pallet).
A518: PALLET | B518: =IF('01_Warehouse_Ledger'!$A$14="","",'01_Warehouse_Ledger'!$A$14&IF('01_Warehouse_Ledger'!$B$14<>""," | "&'01_Warehouse_Ledger'!$B$14,"")) -> PAL-0000013 | C518: =IF('01_Warehouse_Ledger'!$A$14="","",'01_Warehouse_Ledger'!$A$14) -> PAL-0000013 | D518: Pallet tag (stick on pallet).
A519: PALLET | B519: =IF('01_Warehouse_Ledger'!$A$15="","",'01_Warehouse_Ledger'!$A$15&IF('01_Warehouse_Ledger'!$B$15<>""," | "&'01_Warehouse_Ledger'!$B$15,"")) -> PAL-0000014 | C519: =IF('01_Warehouse_Ledger'!$A$15="","",'01_Warehouse_Ledger'!$A$15) -> PAL-0000014 | D519: Pallet tag (stick on pallet).
A520: PALLET | B520: =IF('01_Warehouse_Ledger'!$A$16="","",'01_Warehouse_Ledger'!$A$16&IF('01_Warehouse_Ledger'!$B$16<>""," | "&'01_Warehouse_Ledger'!$B$16,"")) -> PAL-0000015 | OVERFLOW-SAMPLE-PO1014-CAT5-PAL015 | C520: =IF('01_Warehouse_Ledger'!$A$16="","",'01_Warehouse_Ledger'!$A$16) -> PAL-0000015 | D520: Pallet tag (stick on pallet).
A521: PALLET | B521: =IF('01_Warehouse_Ledger'!$A$17="","",'01_Warehouse_Ledger'!$A$17&IF('01_Warehouse_Ledger'!$B$17<>""," | "&'01_Warehouse_Ledger'!$B$17,"")) -> PAL-0000016 | C521: =IF('01_Warehouse_Ledger'!$A$17="","",'01_Warehouse_Ledger'!$A$17) -> PAL-0000016 | D521: Pallet tag (stick on pallet).
A522: PALLET | B522: =IF('01_Warehouse_Ledger'!$A$18="","",'01_Warehouse_Ledger'!$A$18&IF('01_Warehouse_Ledger'!$B$18<>""," | "&'01_Warehouse_Ledger'!$B$18,"")) -> PAL-0000017 | C522: =IF('01_Warehouse_Ledger'!$A$18="","",'01_Warehouse_Ledger'!$A$18) -> PAL-0000017 | D522: Pallet tag (stick on pallet).
A523: PALLET | B523: =IF('01_Warehouse_Ledger'!$A$19="","",'01_Warehouse_Ledger'!$A$19&IF('01_Warehouse_Ledger'!$B$19<>""," | "&'01_Warehouse_Ledger'!$B$19,"")) -> PAL-0000018 | C523: =IF('01_Warehouse_Ledger'!$A$19="","",'01_Warehouse_Ledger'!$A$19) -> PAL-0000018 | D523: Pallet tag (stick on pallet).
A524: PALLET | B524: =IF('01_Warehouse_Ledger'!$A$20="","",'01_Warehouse_Ledger'!$A$20&IF('01_Warehouse_Ledger'!$B$20<>""," | "&'01_Warehouse_Ledger'!$B$20,"")) -> PAL-0000019 | C524: =IF('01_Warehouse_Ledger'!$A$20="","",'01_Warehouse_Ledger'!$A$20) -> PAL-0000019 | D524: Pallet tag (stick on pallet).
A525: PALLET | B525: =IF('01_Warehouse_Ledger'!$A$21="","",'01_Warehouse_Ledger'!$A$21&IF('01_Warehouse_Ledger'!$B$21<>""," | "&'01_Warehouse_Ledger'!$B$21,"")) -> PAL-0000020 | C525: =IF('01_Warehouse_Ledger'!$A$21="","",'01_Warehouse_Ledger'!$A$21) -> PAL-0000020 | D525: Pallet tag (stick on pallet).
A526: PALLET | B526: =IF('01_Warehouse_Ledger'!$A$22="","",'01_Warehouse_Ledger'!$A$22&IF('01_Warehouse_Ledger'!$B$22<>""," | "&'01_Warehouse_Ledger'!$B$22,"")) -> PAL-0000021 | C526: =IF('01_Warehouse_Ledger'!$A$22="","",'01_Warehouse_Ledger'!$A$22) -> PAL-0000021 | D526: Pallet tag (stick on pallet).
A527: PALLET | B527: =IF('01_Warehouse_Ledger'!$A$23="","",'01_Warehouse_Ledger'!$A$23&IF('01_Warehouse_Ledger'!$B$23<>""," | "&'01_Warehouse_Ledger'!$B$23,"")) -> PAL-0000022 | OVERFLOW-SAMPLE-PO1021-CAT2-PAL022 | C527: =IF('01_Warehouse_Ledger'!$A$23="","",'01_Warehouse_Ledger'!$A$23) -> PAL-0000022 | D527: Pallet tag (stick on pallet).
A528: PALLET | B528: =IF('01_Warehouse_Ledger'!$A$24="","",'01_Warehouse_Ledger'!$A$24&IF('01_Warehouse_Ledger'!$B$24<>""," | "&'01_Warehouse_Ledger'!$B$24,"")) -> PAL-0000023 | C528: =IF('01_Warehouse_Ledger'!$A$24="","",'01_Warehouse_Ledger'!$A$24) -> PAL-0000023 | D528: Pallet tag (stick on pallet).
A529: PALLET | B529: =IF('01_Warehouse_Ledger'!$A$25="","",'01_Warehouse_Ledger'!$A$25&IF('01_Warehouse_Ledger'!$B$25<>""," | "&'01_Warehouse_Ledger'!$B$25,"")) -> PAL-0000024 | C529: =IF('01_Warehouse_Ledger'!$A$25="","",'01_Warehouse_Ledger'!$A$25) -> PAL-0000024 | D529: Pallet tag (stick on pallet).
A530: PALLET | B530: =IF('01_Warehouse_Ledger'!$A$26="","",'01_Warehouse_Ledger'!$A$26&IF('01_Warehouse_Ledger'!$B$26<>""," | "&'01_Warehouse_Ledger'!$B$26,"")) -> PAL-0000025 | C530: =IF('01_Warehouse_Ledger'!$A$26="","",'01_Warehouse_Ledger'!$A$26) -> PAL-0000025 | D530: Pallet tag (stick on pallet).
A531: PALLET | B531: =IF('01_Warehouse_Ledger'!$A$27="","",'01_Warehouse_Ledger'!$A$27&IF('01_Warehouse_Ledger'!$B$27<>""," | "&'01_Warehouse_Ledger'!$B$27,"")) -> PAL-0000026 | C531: =IF('01_Warehouse_Ledger'!$A$27="","",'01_Warehouse_Ledger'!$A$27) -> PAL-0000026 | D531: Pallet tag (stick on pallet).
A532: PALLET | B532: =IF('01_Warehouse_Ledger'!$A$28="","",'01_Warehouse_Ledger'!$A$28&IF('01_Warehouse_Ledger'!$B$28<>""," | "&'01_Warehouse_Ledger'!$B$28,"")) -> PAL-0000027 | C532: =IF('01_Warehouse_Ledger'!$A$28="","",'01_Warehouse_Ledger'!$A$28) -> PAL-0000027 | D532: Pallet tag (stick on pallet).
A533: PALLET | B533: =IF('01_Warehouse_Ledger'!$A$29="","",'01_Warehouse_Ledger'!$A$29&IF('01_Warehouse_Ledger'!$B$29<>""," | "&'01_Warehouse_Ledger'!$B$29,"")) -> PAL-0000028 | C533: =IF('01_Warehouse_Ledger'!$A$29="","",'01_Warehouse_Ledger'!$A$29) -> PAL-0000028 | D533: Pallet tag (stick on pallet).
A534: PALLET | B534: =IF('01_Warehouse_Ledger'!$A$30="","",'01_Warehouse_Ledger'!$A$30&IF('01_Warehouse_Ledger'!$B$30<>""," | "&'01_Warehouse_Ledger'!$B$30,"")) -> PAL-0000029 | OVERFLOW-SAMPLE-PO1028-CAT4-PAL029 | C534: =IF('01_Warehouse_Ledger'!$A$30="","",'01_Warehouse_Ledger'!$A$30) -> PAL-0000029 | D534: Pallet tag (stick on pallet).
A535: PALLET | B535: =IF('01_Warehouse_Ledger'!$A$31="","",'01_Warehouse_Ledger'!$A$31&IF('01_Warehouse_Ledger'!$B$31<>""," | "&'01_Warehouse_Ledger'!$B$31,"")) -> PAL-0000030 | C535: =IF('01_Warehouse_Ledger'!$A$31="","",'01_Warehouse_Ledger'!$A$31) -> PAL-0000030 | D535: Pallet tag (stick on pallet).
A536: PALLET | B536: =IF('01_Warehouse_Ledger'!$A$32="","",'01_Warehouse_Ledger'!$A$32&IF('01_Warehouse_Ledger'!$B$32<>""," | "&'01_Warehouse_Ledger'!$B$32,"")) -> PAL-0000031 | C536: =IF('01_Warehouse_Ledger'!$A$32="","",'01_Warehouse_Ledger'!$A$32) -> PAL-0000031 | D536: Pallet tag (stick on pallet).
A537: PALLET | B537: =IF('01_Warehouse_Ledger'!$A$33="","",'01_Warehouse_Ledger'!$A$33&IF('01_Warehouse_Ledger'!$B$33<>""," | "&'01_Warehouse_Ledger'!$B$33,"")) -> PAL-0000032 | C537: =IF('01_Warehouse_Ledger'!$A$33="","",'01_Warehouse_Ledger'!$A$33) -> PAL-0000032 | D537: Pallet tag (stick on pallet).
A538: PALLET | B538: =IF('01_Warehouse_Ledger'!$A$34="","",'01_Warehouse_Ledger'!$A$34&IF('01_Warehouse_Ledger'!$B$34<>""," | "&'01_Warehouse_Ledger'!$B$34,"")) -> PAL-0000033 | C538: =IF('01_Warehouse_Ledger'!$A$34="","",'01_Warehouse_Ledger'!$A$34) -> PAL-0000033 | D538: Pallet tag (stick on pallet).
A539: PALLET | B539: =IF('01_Warehouse_Ledger'!$A$35="","",'01_Warehouse_Ledger'!$A$35&IF('01_Warehouse_Ledger'!$B$35<>""," | "&'01_Warehouse_Ledger'!$B$35,"")) -> PAL-0000034 | C539: =IF('01_Warehouse_Ledger'!$A$35="","",'01_Warehouse_Ledger'!$A$35) -> PAL-0000034 | D539: Pallet tag (stick on pallet).
A540: PALLET | B540: =IF('01_Warehouse_Ledger'!$A$36="","",'01_Warehouse_Ledger'!$A$36&IF('01_Warehouse_Ledger'!$B$36<>""," | "&'01_Warehouse_Ledger'!$B$36,"")) -> PAL-0000035 | C540: =IF('01_Warehouse_Ledger'!$A$36="","",'01_Warehouse_Ledger'!$A$36) -> PAL-0000035 | D540: Pallet tag (stick on pallet).
A541: PALLET | B541: =IF('01_Warehouse_Ledger'!$A$37="","",'01_Warehouse_Ledger'!$A$37&IF('01_Warehouse_Ledger'!$B$37<>""," | "&'01_Warehouse_Ledger'!$B$37,"")) -> PAL-0000036 | OVERFLOW-SAMPLE-PO1035-CAT1-PAL036 | C541: =IF('01_Warehouse_Ledger'!$A$37="","",'01_Warehouse_Ledger'!$A$37) -> PAL-0000036 | D541: Pallet tag (stick on pallet).
A542: PALLET | B542: =IF('01_Warehouse_Ledger'!$A$38="","",'01_Warehouse_Ledger'!$A$38&IF('01_Warehouse_Ledger'!$B$38<>""," | "&'01_Warehouse_Ledger'!$B$38,"")) -> PAL-0000037 | C542: =IF('01_Warehouse_Ledger'!$A$38="","",'01_Warehouse_Ledger'!$A$38) -> PAL-0000037 | D542: Pallet tag (stick on pallet).
A543: PALLET | B543: =IF('01_Warehouse_Ledger'!$A$39="","",'01_Warehouse_Ledger'!$A$39&IF('01_Warehouse_Ledger'!$B$39<>""," | "&'01_Warehouse_Ledger'!$B$39,"")) -> PAL-0000038 | C543: =IF('01_Warehouse_Ledger'!$A$39="","",'01_Warehouse_Ledger'!$A$39) -> PAL-0000038 | D543: Pallet tag (stick on pallet).
A544: PALLET | B544: =IF('01_Warehouse_Ledger'!$A$40="","",'01_Warehouse_Ledger'!$A$40&IF('01_Warehouse_Ledger'!$B$40<>""," | "&'01_Warehouse_Ledger'!$B$40,"")) -> PAL-0000039 | C544: =IF('01_Warehouse_Ledger'!$A$40="","",'01_Warehouse_Ledger'!$A$40) -> PAL-0000039 | D544: Pallet tag (stick on pallet).
A545: PALLET | B545: =IF('01_Warehouse_Ledger'!$A$41="","",'01_Warehouse_Ledger'!$A$41&IF('01_Warehouse_Ledger'!$B$41<>""," | "&'01_Warehouse_Ledger'!$B$41,"")) -> PAL-0000040 | C545: =IF('01_Warehouse_Ledger'!$A$41="","",'01_Warehouse_Ledger'!$A$41) -> PAL-0000040 | D545: Pallet tag (stick on pallet).
A546: PALLET | B546: =IF('01_Warehouse_Ledger'!$A$42="","",'01_Warehouse_Ledger'!$A$42&IF('01_Warehouse_Ledger'!$B$42<>""," | "&'01_Warehouse_Ledger'!$B$42,"")) -> PAL-0000041 | C546: =IF('01_Warehouse_Ledger'!$A$42="","",'01_Warehouse_Ledger'!$A$42) -> PAL-0000041 | D546: Pallet tag (stick on pallet).
A547: PALLET | B547: =IF('01_Warehouse_Ledger'!$A$43="","",'01_Warehouse_Ledger'!$A$43&IF('01_Warehouse_Ledger'!$B$43<>""," | "&'01_Warehouse_Ledger'!$B$43,"")) -> PAL-0000042 | C547: =IF('01_Warehouse_Ledger'!$A$43="","",'01_Warehouse_Ledger'!$A$43) -> PAL-0000042 | D547: Pallet tag (stick on pallet).
A548: PALLET | B548: =IF('01_Warehouse_Ledger'!$A$44="","",'01_Warehouse_Ledger'!$A$44&IF('01_Warehouse_Ledger'!$B$44<>""," | "&'01_Warehouse_Ledger'!$B$44,"")) -> PAL-0000043 | OVERFLOW-SAMPLE-PO1042-CAT3-PAL043 | C548: =IF('01_Warehouse_Ledger'!$A$44="","",'01_Warehouse_Ledger'!$A$44) -> PAL-0000043 | D548: Pallet tag (stick on pallet).
A549: PALLET | B549: =IF('01_Warehouse_Ledger'!$A$45="","",'01_Warehouse_Ledger'!$A$45&IF('01_Warehouse_Ledger'!$B$45<>""," | "&'01_Warehouse_Ledger'!$B$45,"")) -> PAL-0000044 | C549: =IF('01_Warehouse_Ledger'!$A$45="","",'01_Warehouse_Ledger'!$A$45) -> PAL-0000044 | D549: Pallet tag (stick on pallet).
A550: PALLET | B550: =IF('01_Warehouse_Ledger'!$A$46="","",'01_Warehouse_Ledger'!$A$46&IF('01_Warehouse_Ledger'!$B$46<>""," | "&'01_Warehouse_Ledger'!$B$46,"")) -> PAL-0000045 | C550: =IF('01_Warehouse_Ledger'!$A$46="","",'01_Warehouse_Ledger'!$A$46) -> PAL-0000045 | D550: Pallet tag (stick on pallet).
A551: PALLET | B551: =IF('01_Warehouse_Ledger'!$A$47="","",'01_Warehouse_Ledger'!$A$47&IF('01_Warehouse_Ledger'!$B$47<>""," | "&'01_Warehouse_Ledger'!$B$47,"")) -> PAL-0000046 | C551: =IF('01_Warehouse_Ledger'!$A$47="","",'01_Warehouse_Ledger'!$A$47) -> PAL-0000046 | D551: Pallet tag (stick on pallet).
A552: PALLET | B552: =IF('01_Warehouse_Ledger'!$A$48="","",'01_Warehouse_Ledger'!$A$48&IF('01_Warehouse_Ledger'!$B$48<>""," | "&'01_Warehouse_Ledger'!$B$48,"")) -> PAL-0000047 | C552: =IF('01_Warehouse_Ledger'!$A$48="","",'01_Warehouse_Ledger'!$A$48) -> PAL-0000047 | D552: Pallet tag (stick on pallet).
A553: PALLET | B553: =IF('01_Warehouse_Ledger'!$A$49="","",'01_Warehouse_Ledger'!$A$49&IF('01_Warehouse_Ledger'!$B$49<>""," | "&'01_Warehouse_Ledger'!$B$49,"")) -> PAL-0000048 | C553: =IF('01_Warehouse_Ledger'!$A$49="","",'01_Warehouse_Ledger'!$A$49) -> PAL-0000048 | D553: Pallet tag (stick on pallet).
A554: PALLET | B554: =IF('01_Warehouse_Ledger'!$A$50="","",'01_Warehouse_Ledger'!$A$50&IF('01_Warehouse_Ledger'!$B$50<>""," | "&'01_Warehouse_Ledger'!$B$50,"")) -> PAL-0000049 | C554: =IF('01_Warehouse_Ledger'!$A$50="","",'01_Warehouse_Ledger'!$A$50) -> PAL-0000049 | D554: Pallet tag (stick on pallet).
A555: PALLET | B555: =IF('01_Warehouse_Ledger'!$A$51="","",'01_Warehouse_Ledger'!$A$51&IF('01_Warehouse_Ledger'!$B$51<>""," | "&'01_Warehouse_Ledger'!$B$51,"")) -> PAL-0000050 | OVERFLOW-SAMPLE-PO1049-CAT5-PAL050 | C555: =IF('01_Warehouse_Ledger'!$A$51="","",'01_Warehouse_Ledger'!$A$51) -> PAL-0000050 | D555: Pallet tag (stick on pallet).
A556: PALLET | B556: =IF('01_Warehouse_Ledger'!$A$52="","",'01_Warehouse_Ledger'!$A$52&IF('01_Warehouse_Ledger'!$B$52<>""," | "&'01_Warehouse_Ledger'!$B$52,"")) -> PAL-0000051 | C556: =IF('01_Warehouse_Ledger'!$A$52="","",'01_Warehouse_Ledger'!$A$52) -> PAL-0000051 | D556: Pallet tag (stick on pallet).
A557: PALLET | B557: =IF('01_Warehouse_Ledger'!$A$53="","",'01_Warehouse_Ledger'!$A$53&IF('01_Warehouse_Ledger'!$B$53<>""," | "&'01_Warehouse_Ledger'!$B$53,"")) -> PAL-0000052 | C557: =IF('01_Warehouse_Ledger'!$A$53="","",'01_Warehouse_Ledger'!$A$53) -> PAL-0000052 | D557: Pallet tag (stick on pallet).
A558: PALLET | B558: =IF('01_Warehouse_Ledger'!$A$54="","",'01_Warehouse_Ledger'!$A$54&IF('01_Warehouse_Ledger'!$B$54<>""," | "&'01_Warehouse_Ledger'!$B$54,"")) -> PAL-0000053 | C558: =IF('01_Warehouse_Ledger'!$A$54="","",'01_Warehouse_Ledger'!$A$54) -> PAL-0000053 | D558: Pallet tag (stick on pallet).
A559: PALLET | B559: =IF('01_Warehouse_Ledger'!$A$55="","",'01_Warehouse_Ledger'!$A$55&IF('01_Warehouse_Ledger'!$B$55<>""," | "&'01_Warehouse_Ledger'!$B$55,"")) -> PAL-0000054 | C559: =IF('01_Warehouse_Ledger'!$A$55="","",'01_Warehouse_Ledger'!$A$55) -> PAL-0000054 | D559: Pallet tag (stick on pallet).
A560: PALLET | B560: =IF('01_Warehouse_Ledger'!$A$56="","",'01_Warehouse_Ledger'!$A$56&IF('01_Warehouse_Ledger'!$B$56<>""," | "&'01_Warehouse_Ledger'!$B$56,"")) -> PAL-0000055 | C560: =IF('01_Warehouse_Ledger'!$A$56="","",'01_Warehouse_Ledger'!$A$56) -> PAL-0000055 | D560: Pallet tag (stick on pallet).
A561: PALLET | B561: =IF('01_Warehouse_Ledger'!$A$57="","",'01_Warehouse_Ledger'!$A$57&IF('01_Warehouse_Ledger'!$B$57<>""," | "&'01_Warehouse_Ledger'!$B$57,"")) -> PAL-0000056 | C561: =IF('01_Warehouse_Ledger'!$A$57="","",'01_Warehouse_Ledger'!$A$57) -> PAL-0000056 | D561: Pallet tag (stick on pallet).
A562: PALLET | B562: =IF('01_Warehouse_Ledger'!$A$58="","",'01_Warehouse_Ledger'!$A$58&IF('01_Warehouse_Ledger'!$B$58<>""," | "&'01_Warehouse_Ledger'!$B$58,"")) -> PAL-0000057 | OVERFLOW-SAMPLE-PO1056-CAT2-PAL057 | C562: =IF('01_Warehouse_Ledger'!$A$58="","",'01_Warehouse_Ledger'!$A$58) -> PAL-0000057 | D562: Pallet tag (stick on pallet).
A563: PALLET | B563: =IF('01_Warehouse_Ledger'!$A$59="","",'01_Warehouse_Ledger'!$A$59&IF('01_Warehouse_Ledger'!$B$59<>""," | "&'01_Warehouse_Ledger'!$B$59,"")) -> PAL-0000058 | C563: =IF('01_Warehouse_Ledger'!$A$59="","",'01_Warehouse_Ledger'!$A$59) -> PAL-0000058 | D563: Pallet tag (stick on pallet).
A564: PALLET | B564: =IF('01_Warehouse_Ledger'!$A$60="","",'01_Warehouse_Ledger'!$A$60&IF('01_Warehouse_Ledger'!$B$60<>""," | "&'01_Warehouse_Ledger'!$B$60,"")) -> PAL-0000059 | C564: =IF('01_Warehouse_Ledger'!$A$60="","",'01_Warehouse_Ledger'!$A$60) -> PAL-0000059 | D564: Pallet tag (stick on pallet).
A565: PALLET | B565: =IF('01_Warehouse_Ledger'!$A$61="","",'01_Warehouse_Ledger'!$A$61&IF('01_Warehouse_Ledger'!$B$61<>""," | "&'01_Warehouse_Ledger'!$B$61,"")) -> PAL-0000060 | C565: =IF('01_Warehouse_Ledger'!$A$61="","",'01_Warehouse_Ledger'!$A$61) -> PAL-0000060 | D565: Pallet tag (stick on pallet).
A566: PALLET | B566: =IF('01_Warehouse_Ledger'!$A$62="","",'01_Warehouse_Ledger'!$A$62&IF('01_Warehouse_Ledger'!$B$62<>""," | "&'01_Warehouse_Ledger'!$B$62,"")) -> PAL-0000061 | C566: =IF('01_Warehouse_Ledger'!$A$62="","",'01_Warehouse_Ledger'!$A$62) -> PAL-0000061 | D566: Pallet tag (stick on pallet).
A567: PALLET | B567: =IF('01_Warehouse_Ledger'!$A$63="","",'01_Warehouse_Ledger'!$A$63&IF('01_Warehouse_Ledger'!$B$63<>""," | "&'01_Warehouse_Ledger'!$B$63,"")) -> PAL-0000062 | C567: =IF('01_Warehouse_Ledger'!$A$63="","",'01_Warehouse_Ledger'!$A$63) -> PAL-0000062 | D567: Pallet tag (stick on pallet).
A568: PALLET | B568: =IF('01_Warehouse_Ledger'!$A$64="","",'01_Warehouse_Ledger'!$A$64&IF('01_Warehouse_Ledger'!$B$64<>""," | "&'01_Warehouse_Ledger'!$B$64,"")) -> PAL-0000063 | C568: =IF('01_Warehouse_Ledger'!$A$64="","",'01_Warehouse_Ledger'!$A$64) -> PAL-0000063 | D568: Pallet tag (stick on pallet).
A569: PALLET | B569: =IF('01_Warehouse_Ledger'!$A$65="","",'01_Warehouse_Ledger'!$A$65&IF('01_Warehouse_Ledger'!$B$65<>""," | "&'01_Warehouse_Ledger'!$B$65,"")) -> PAL-0000064 | C569: =IF('01_Warehouse_Ledger'!$A$65="","",'01_Warehouse_Ledger'!$A$65) -> PAL-0000064 | D569: Pallet tag (stick on pallet).
A570: PALLET | B570: =IF('01_Warehouse_Ledger'!$A$66="","",'01_Warehouse_Ledger'!$A$66&IF('01_Warehouse_Ledger'!$B$66<>""," | "&'01_Warehouse_Ledger'!$B$66,"")) -> PAL-0000065 | C570: =IF('01_Warehouse_Ledger'!$A$66="","",'01_Warehouse_Ledger'!$A$66) -> PAL-0000065 | D570: Pallet tag (stick on pallet).
A571: PALLET | B571: =IF('01_Warehouse_Ledger'!$A$67="","",'01_Warehouse_Ledger'!$A$67&IF('01_Warehouse_Ledger'!$B$67<>""," | "&'01_Warehouse_Ledger'!$B$67,"")) -> PAL-0000066 | C571: =IF('01_Warehouse_Ledger'!$A$67="","",'01_Warehouse_Ledger'!$A$67) -> PAL-0000066 | D571: Pallet tag (stick on pallet).
A572: PALLET | B572: =IF('01_Warehouse_Ledger'!$A$68="","",'01_Warehouse_Ledger'!$A$68&IF('01_Warehouse_Ledger'!$B$68<>""," | "&'01_Warehouse_Ledger'!$B$68,"")) -> PAL-0000067 | C572: =IF('01_Warehouse_Ledger'!$A$68="","",'01_Warehouse_Ledger'!$A$68) -> PAL-0000067 | D572: Pallet tag (stick on pallet).
A573: PALLET | B573: =IF('01_Warehouse_Ledger'!$A$69="","",'01_Warehouse_Ledger'!$A$69&IF('01_Warehouse_Ledger'!$B$69<>""," | "&'01_Warehouse_Ledger'!$B$69,"")) -> PAL-0000068 | C573: =IF('01_Warehouse_Ledger'!$A$69="","",'01_Warehouse_Ledger'!$A$69) -> PAL-0000068 | D573: Pallet tag (stick on pallet).
A574: PALLET | B574: =IF('01_Warehouse_Ledger'!$A$70="","",'01_Warehouse_Ledger'!$A$70&IF('01_Warehouse_Ledger'!$B$70<>""," | "&'01_Warehouse_Ledger'!$B$70,"")) -> PAL-0000069 | C574: =IF('01_Warehouse_Ledger'!$A$70="","",'01_Warehouse_Ledger'!$A$70) -> PAL-0000069 | D574: Pallet tag (stick on pallet).
A575: PALLET | B575: =IF('01_Warehouse_Ledger'!$A$71="","",'01_Warehouse_Ledger'!$A$71&IF('01_Warehouse_Ledger'!$B$71<>""," | "&'01_Warehouse_Ledger'!$B$71,"")) -> PAL-0000070 | C575: =IF('01_Warehouse_Ledger'!$A$71="","",'01_Warehouse_Ledger'!$A$71) -> PAL-0000070 | D575: Pallet tag (stick on pallet).
...

Sheet 05_Scan_Lookup
A1: SCAN / FIND (Pallet → Location → Prism Node)
A3: Scan PalletID here: | D3: Tip: click B3, scan QR, press Enter.
A5: PalletCallSign | B5: =IFERROR(INDEX('01_Warehouse_Ledger'!$B$2:$B$2002,MATCH($B$3,'01_Warehouse_Ledger'!$A$2:$A$2002,0)),"")
A6: CurrentLocationCode | B6: =IFERROR(INDEX('01_Warehouse_Ledger'!$D$2:$D$2002,MATCH($B$3,'01_Warehouse_Ledger'!$A$2:$A$2002,0)),"")
A7: LocationDisplayLabel | B7: =IFERROR(INDEX('02_Warehouse_Locations'!$J$2:$J$501,MATCH($B$6,'02_Warehouse_Locations'!$A$2:$A$501,0)),"")
A8: Zone | B8: =IFERROR(INDEX('02_Warehouse_Locations'!$B$2:$B$501,MATCH($B$6,'02_Warehouse_Locations'!$A$2:$A$501,0)),"")
A9: Aisle | B9: =IFERROR(INDEX('02_Warehouse_Locations'!$C$2:$C$501,MATCH($B$6,'02_Warehouse_Locations'!$A$2:$A$501,0)),"")
A10: Slot | B10: =IFERROR(INDEX('02_Warehouse_Locations'!$D$2:$D$501,MATCH($B$6,'02_Warehouse_Locations'!$A$2:$A$501,0)),"")
A11: LocationType | B11: =IFERROR(INDEX('02_Warehouse_Locations'!$E$2:$E$501,MATCH($B$6,'02_Warehouse_Locations'!$A$2:$A$501,0)),"")
A12: PrismNode | B12: =IFERROR(INDEX('02_Warehouse_Locations'!$N$2:$N$501,MATCH($B$6,'02_Warehouse_Locations'!$A$2:$A$501,0)),"")
A13: GridCol (AUTO) | B13: =IFERROR(INDEX('02_Warehouse_Locations'!$O$2:$O$501,MATCH($B$6,'02_Warehouse_Locations'!$A$2:$A$501,0)),"")
A14: GridRow (AUTO) | B14: =IFERROR(INDEX('02_Warehouse_Locations'!$P$2:$P$501,MATCH($B$6,'02_Warehouse_Locations'!$A$2:$A$501,0)),"")
A15: GridNode (AUTO) | B15: =IFERROR(INDEX('02_Warehouse_Locations'!$Q$2:$Q$501,MATCH($B$6,'02_Warehouse_Locations'!$A$2:$A$501,0)),"")

Sheet 06_Warehouse_Map
A1: WAREHOUSE GRID MAP (Column Letter x Row #)
A2: SelectedCol | B2: =IFERROR('05_Scan_Lookup'!$B$13,"")
A3: SelectedRow | B3: =IFERROR('05_Scan_Lookup'!$B$14,"")
A4: SelectedLevelNum | B4: =IFERROR(INDEX('02_Warehouse_Locations'!$M$2:$M$501,MATCH('05_Scan_Lookup'!$B$6,'02_Warehouse_Locations'!$A$2:$A$501,0)),"")
A5: Rows → | B5: Columns →
A6: Aisle ↓ / Slot → | B6: A | C6: B | D6: C | E6: D | F6: E | G6: F | H6: G | I6: H | J6: I | K6: J | L6: K | M6: L | N6: 13 | O6: 14 | P6: 15 | Q6: 16 | R6: 17 | S6: 18 | T6: 19 | U6: 20
A7: 1 | B7: =IF(AND(B6=$B$2,A7=$B$3),"●","") | C7: =IF(AND(C6=$B$2,A7=$B$3),"●","") | D7: =IF(AND(D6=$B$2,A7=$B$3),"●","") | E7: =IF(AND(E6=$B$2,A7=$B$3),"●","") | F7: =IF(AND(F6=$B$2,A7=$B$3),"●","") | G7: =IF(AND(G6=$B$2,A7=$B$3),"●","") | H7: =IF(AND(H6=$B$2,A7=$B$3),"●","") | I7: =IF(AND(I6=$B$2,A7=$B$3),"●","") | J7: =IF(AND(J6=$B$2,A7=$B$3),"●","") | K7: =IF(AND(K6=$B$2,A7=$B$3),"●","") | L7: =IF(AND(L6=$B$2,A7=$B$3),"●","") | M7: =IF(AND(M6=$B$2,A7=$B$3),"●","") | N7: =IF(AND($A7=$B$2,N$6=$B$3),"●","") | O7: =IF(AND($A7=$B$2,O$6=$B$3),"●","") | P7: =IF(AND($A7=$B$2,P$6=$B$3),"●","") | Q7: =IF(AND($A7=$B$2,Q$6=$B$3),"●","") | R7: =IF(AND($A7=$B$2,R$6=$B$3),"●","") | S7: =IF(AND($A7=$B$2,S$6=$B$3),"●","") | T7: =IF(AND($A7=$B$2,T$6=$B$3),"●","") | U7: =IF(AND($A7=$B$2,U$6=$B$3),"●","")
A8: 2 | B8: =IF(AND(B6=$B$2,A8=$B$3),"●","") | C8: =IF(AND(C6=$B$2,A8=$B$3),"●","") | D8: =IF(AND(D6=$B$2,A8=$B$3),"●","") | E8: =IF(AND(E6=$B$2,A8=$B$3),"●","") | F8: =IF(AND(F6=$B$2,A8=$B$3),"●","") | G8: =IF(AND(G6=$B$2,A8=$B$3),"●","") | H8: =IF(AND(H6=$B$2,A8=$B$3),"●","") | I8: =IF(AND(I6=$B$2,A8=$B$3),"●","") | J8: =IF(AND(J6=$B$2,A8=$B$3),"●","") | K8: =IF(AND(K6=$B$2,A8=$B$3),"●","") | L8: =IF(AND(L6=$B$2,A8=$B$3),"●","") | M8: =IF(AND(M6=$B$2,A8=$B$3),"●","") | N8: =IF(AND($A8=$B$2,N$6=$B$3),"●","") | O8: =IF(AND($A8=$B$2,O$6=$B$3),"●","") | P8: =IF(AND($A8=$B$2,P$6=$B$3),"●","") | Q8: =IF(AND($A8=$B$2,Q$6=$B$3),"●","") | R8: =IF(AND($A8=$B$2,R$6=$B$3),"●","") | S8: =IF(AND($A8=$B$2,S$6=$B$3),"●","") | T8: =IF(AND($A8=$B$2,T$6=$B$3),"●","") | U8: =IF(AND($A8=$B$2,U$6=$B$3),"●","")
A9: 3 | B9: =IF(AND(B6=$B$2,A9=$B$3),"●","") | C9: =IF(AND(C6=$B$2,A9=$B$3),"●","") | D9: =IF(AND(D6=$B$2,A9=$B$3),"●","") | E9: =IF(AND(E6=$B$2,A9=$B$3),"●","") | F9: =IF(AND(F6=$B$2,A9=$B$3),"●","") | G9: =IF(AND(G6=$B$2,A9=$B$3),"●","") | H9: =IF(AND(H6=$B$2,A9=$B$3),"●","") | I9: =IF(AND(I6=$B$2,A9=$B$3),"●","") | J9: =IF(AND(J6=$B$2,A9=$B$3),"●","") | K9: =IF(AND(K6=$B$2,A9=$B$3),"●","") | L9: =IF(AND(L6=$B$2,A9=$B$3),"●","") | M9: =IF(AND(M6=$B$2,A9=$B$3),"●","") | N9: =IF(AND($A9=$B$2,N$6=$B$3),"●","") | O9: =IF(AND($A9=$B$2,O$6=$B$3),"●","") | P9: =IF(AND($A9=$B$2,P$6=$B$3),"●","") | Q9: =IF(AND($A9=$B$2,Q$6=$B$3),"●","") | R9: =IF(AND($A9=$B$2,R$6=$B$3),"●","") | S9: =IF(AND($A9=$B$2,S$6=$B$3),"●","") | T9: =IF(AND($A9=$B$2,T$6=$B$3),"●","") | U9: =IF(AND($A9=$B$2,U$6=$B$3),"●","")
A10: 4 | B10: =IF(AND(B6=$B$2,A10=$B$3),"●","") | C10: =IF(AND(C6=$B$2,A10=$B$3),"●","") | D10: =IF(AND(D6=$B$2,A10=$B$3),"●","") | E10: =IF(AND(E6=$B$2,A10=$B$3),"●","") | F10: =IF(AND(F6=$B$2,A10=$B$3),"●","") | G10: =IF(AND(G6=$B$2,A10=$B$3),"●","") | H10: =IF(AND(H6=$B$2,A10=$B$3),"●","") | I10: =IF(AND(I6=$B$2,A10=$B$3),"●","") | J10: =IF(AND(J6=$B$2,A10=$B$3),"●","") | K10: =IF(AND(K6=$B$2,A10=$B$3),"●","") | L10: =IF(AND(L6=$B$2,A10=$B$3),"●","") | M10: =IF(AND(M6=$B$2,A10=$B$3),"●","") | N10: =IF(AND($A10=$B$2,N$6=$B$3),"●","") | O10: =IF(AND($A10=$B$2,O$6=$B$3),"●","") | P10: =IF(AND($A10=$B$2,P$6=$B$3),"●","") | Q10: =IF(AND($A10=$B$2,Q$6=$B$3),"●","") | R10: =IF(AND($A10=$B$2,R$6=$B$3),"●","") | S10: =IF(AND($A10=$B$2,S$6=$B$3),"●","") | T10: =IF(AND($A10=$B$2,T$6=$B$3),"●","") | U10: =IF(AND($A10=$B$2,U$6=$B$3),"●","")
A11: 5 | B11: =IF(AND(B6=$B$2,A11=$B$3),"●","") | C11: =IF(AND(C6=$B$2,A11=$B$3),"●","") | D11: =IF(AND(D6=$B$2,A11=$B$3),"●","") | E11: =IF(AND(E6=$B$2,A11=$B$3),"●","") | F11: =IF(AND(F6=$B$2,A11=$B$3),"●","") | G11: =IF(AND(G6=$B$2,A11=$B$3),"●","") | H11: =IF(AND(H6=$B$2,A11=$B$3),"●","") | I11: =IF(AND(I6=$B$2,A11=$B$3),"●","") | J11: =IF(AND(J6=$B$2,A11=$B$3),"●","") | K11: =IF(AND(K6=$B$2,A11=$B$3),"●","") | L11: =IF(AND(L6=$B$2,A11=$B$3),"●","") | M11: =IF(AND(M6=$B$2,A11=$B$3),"●","") | N11: =IF(AND($A11=$B$2,N$6=$B$3),"●","") | O11: =IF(AND($A11=$B$2,O$6=$B$3),"●","") | P11: =IF(AND($A11=$B$2,P$6=$B$3),"●","") | Q11: =IF(AND($A11=$B$2,Q$6=$B$3),"●","") | R11: =IF(AND($A11=$B$2,R$6=$B$3),"●","") | S11: =IF(AND($A11=$B$2,S$6=$B$3),"●","") | T11: =IF(AND($A11=$B$2,T$6=$B$3),"●","") | U11: =IF(AND($A11=$B$2,U$6=$B$3),"●","")
A12: 6 | B12: =IF(AND(B6=$B$2,A12=$B$3),"●","") | C12: =IF(AND(C6=$B$2,A12=$B$3),"●","") | D12: =IF(AND(D6=$B$2,A12=$B$3),"●","") | E12: =IF(AND(E6=$B$2,A12=$B$3),"●","") | F12: =IF(AND(F6=$B$2,A12=$B$3),"●","") | G12: =IF(AND(G6=$B$2,A12=$B$3),"●","") | H12: =IF(AND(H6=$B$2,A12=$B$3),"●","") | I12: =IF(AND(I6=$B$2,A12=$B$3),"●","") | J12: =IF(AND(J6=$B$2,A12=$B$3),"●","") | K12: =IF(AND(K6=$B$2,A12=$B$3),"●","") | L12: =IF(AND(L6=$B$2,A12=$B$3),"●","") | M12: =IF(AND(M6=$B$2,A12=$B$3),"●","") | N12: =IF(AND($A12=$B$2,N$6=$B$3),"●","") | O12: =IF(AND($A12=$B$2,O$6=$B$3),"●","") | P12: =IF(AND($A12=$B$2,P$6=$B$3),"●","") | Q12: =IF(AND($A12=$B$2,Q$6=$B$3),"●","") | R12: =IF(AND($A12=$B$2,R$6=$B$3),"●","") | S12: =IF(AND($A12=$B$2,S$6=$B$3),"●","") | T12: =IF(AND($A12=$B$2,T$6=$B$3),"●","") | U12: =IF(AND($A12=$B$2,U$6=$B$3),"●","")
A13: 7 | B13: =IF(AND(B6=$B$2,A13=$B$3),"●","") | C13: =IF(AND(C6=$B$2,A13=$B$3),"●","") | D13: =IF(AND(D6=$B$2,A13=$B$3),"●","") | E13: =IF(AND(E6=$B$2,A13=$B$3),"●","") | F13: =IF(AND(F6=$B$2,A13=$B$3),"●","") | G13: =IF(AND(G6=$B$2,A13=$B$3),"●","") | H13: =IF(AND(H6=$B$2,A13=$B$3),"●","") | I13: =IF(AND(I6=$B$2,A13=$B$3),"●","") | J13: =IF(AND(J6=$B$2,A13=$B$3),"●","") | K13: =IF(AND(K6=$B$2,A13=$B$3),"●","") | L13: =IF(AND(L6=$B$2,A13=$B$3),"●","") | M13: =IF(AND(M6=$B$2,A13=$B$3),"●","") | N13: =IF(AND($A13=$B$2,N$6=$B$3),"●","") | O13: =IF(AND($A13=$B$2,O$6=$B$3),"●","") | P13: =IF(AND($A13=$B$2,P$6=$B$3),"●","") | Q13: =IF(AND($A13=$B$2,Q$6=$B$3),"●","") | R13: =IF(AND($A13=$B$2,R$6=$B$3),"●","") | S13: =IF(AND($A13=$B$2,S$6=$B$3),"●","") | T13: =IF(AND($A13=$B$2,T$6=$B$3),"●","") | U13: =IF(AND($A13=$B$2,U$6=$B$3),"●","")
A14: 8 | B14: =IF(AND(B6=$B$2,A14=$B$3),"●","") | C14: =IF(AND(C6=$B$2,A14=$B$3),"●","") | D14: =IF(AND(D6=$B$2,A14=$B$3),"●","") | E14: =IF(AND(E6=$B$2,A14=$B$3),"●","") | F14: =IF(AND(F6=$B$2,A14=$B$3),"●","") | G14: =IF(AND(G6=$B$2,A14=$B$3),"●","") | H14: =IF(AND(H6=$B$2,A14=$B$3),"●","") | I14: =IF(AND(I6=$B$2,A14=$B$3),"●","") | J14: =IF(AND(J6=$B$2,A14=$B$3),"●","") | K14: =IF(AND(K6=$B$2,A14=$B$3),"●","") | L14: =IF(AND(L6=$B$2,A14=$B$3),"●","") | M14: =IF(AND(M6=$B$2,A14=$B$3),"●","") | N14: =IF(AND($A14=$B$2,N$6=$B$3),"●","") | O14: =IF(AND($A14=$B$2,O$6=$B$3),"●","") | P14: =IF(AND($A14=$B$2,P$6=$B$3),"●","") | Q14: =IF(AND($A14=$B$2,Q$6=$B$3),"●","") | R14: =IF(AND($A14=$B$2,R$6=$B$3),"●","") | S14: =IF(AND($A14=$B$2,S$6=$B$3),"●","") | T14: =IF(AND($A14=$B$2,T$6=$B$3),"●","") | U14: =IF(AND($A14=$B$2,U$6=$B$3),"●","")
A15: 9 | B15: =IF(AND(B6=$B$2,A15=$B$3),"●","") | C15: =IF(AND(C6=$B$2,A15=$B$3),"●","") | D15: =IF(AND(D6=$B$2,A15=$B$3),"●","") | E15: =IF(AND(E6=$B$2,A15=$B$3),"●","") | F15: =IF(AND(F6=$B$2,A15=$B$3),"●","") | G15: =IF(AND(G6=$B$2,A15=$B$3),"●","") | H15: =IF(AND(H6=$B$2,A15=$B$3),"●","") | I15: =IF(AND(I6=$B$2,A15=$B$3),"●","") | J15: =IF(AND(J6=$B$2,A15=$B$3),"●","") | K15: =IF(AND(K6=$B$2,A15=$B$3),"●","") | L15: =IF(AND(L6=$B$2,A15=$B$3),"●","") | M15: =IF(AND(M6=$B$2,A15=$B$3),"●","") | N15: =IF(AND($A15=$B$2,N$6=$B$3),"●","") | O15: =IF(AND($A15=$B$2,O$6=$B$3),"●","") | P15: =IF(AND($A15=$B$2,P$6=$B$3),"●","") | Q15: =IF(AND($A15=$B$2,Q$6=$B$3),"●","") | R15: =IF(AND($A15=$B$2,R$6=$B$3),"●","") | S15: =IF(AND($A15=$B$2,S$6=$B$3),"●","") | T15: =IF(AND($A15=$B$2,T$6=$B$3),"●","") | U15: =IF(AND($A15=$B$2,U$6=$B$3),"●","")
A16: 10 | B16: =IF(AND(B6=$B$2,A16=$B$3),"●","") | C16: =IF(AND(C6=$B$2,A16=$B$3),"●","") | D16: =IF(AND(D6=$B$2,A16=$B$3),"●","") | E16: =IF(AND(E6=$B$2,A16=$B$3),"●","") | F16: =IF(AND(F6=$B$2,A16=$B$3),"●","") | G16: =IF(AND(G6=$B$2,A16=$B$3),"●","") | H16: =IF(AND(H6=$B$2,A16=$B$3),"●","") | I16: =IF(AND(I6=$B$2,A16=$B$3),"●","") | J16: =IF(AND(J6=$B$2,A16=$B$3),"●","") | K16: =IF(AND(K6=$B$2,A16=$B$3),"●","") | L16: =IF(AND(L6=$B$2,A16=$B$3),"●","") | M16: =IF(AND(M6=$B$2,A16=$B$3),"●","") | N16: =IF(AND($A16=$B$2,N$6=$B$3),"●","") | O16: =IF(AND($A16=$B$2,O$6=$B$3),"●","") | P16: =IF(AND($A16=$B$2,P$6=$B$3),"●","") | Q16: =IF(AND($A16=$B$2,Q$6=$B$3),"●","") | R16: =IF(AND($A16=$B$2,R$6=$B$3),"●","") | S16: =IF(AND($A16=$B$2,S$6=$B$3),"●","") | T16: =IF(AND($A16=$B$2,T$6=$B$3),"●","") | U16: =IF(AND($A16=$B$2,U$6=$B$3),"●","")
A17: 11 | B17: =IF(AND(B6=$B$2,A17=$B$3),"●","") | C17: =IF(AND(C6=$B$2,A17=$B$3),"●","") | D17: =IF(AND(D6=$B$2,A17=$B$3),"●","") | E17: =IF(AND(E6=$B$2,A17=$B$3),"●","") | F17: =IF(AND(F6=$B$2,A17=$B$3),"●","") | G17: =IF(AND(G6=$B$2,A17=$B$3),"●","") | H17: =IF(AND(H6=$B$2,A17=$B$3),"●","") | I17: =IF(AND(I6=$B$2,A17=$B$3),"●","") | J17: =IF(AND(J6=$B$2,A17=$B$3),"●","") | K17: =IF(AND(K6=$B$2,A17=$B$3),"●","") | L17: =IF(AND(L6=$B$2,A17=$B$3),"●","") | M17: =IF(AND(M6=$B$2,A17=$B$3),"●","") | N17: =IF(AND($A17=$B$2,N$6=$B$3),"●","") | O17: =IF(AND($A17=$B$2,O$6=$B$3),"●","") | P17: =IF(AND($A17=$B$2,P$6=$B$3),"●","") | Q17: =IF(AND($A17=$B$2,Q$6=$B$3),"●","") | R17: =IF(AND($A17=$B$2,R$6=$B$3),"●","") | S17: =IF(AND($A17=$B$2,S$6=$B$3),"●","") | T17: =IF(AND($A17=$B$2,T$6=$B$3),"●","") | U17: =IF(AND($A17=$B$2,U$6=$B$3),"●","")
A18: 12 | B18: =IF(AND(B6=$B$2,A18=$B$3),"●","") | C18: =IF(AND(C6=$B$2,A18=$B$3),"●","") | D18: =IF(AND(D6=$B$2,A18=$B$3),"●","") | E18: =IF(AND(E6=$B$2,A18=$B$3),"●","") | F18: =IF(AND(F6=$B$2,A18=$B$3),"●","") | G18: =IF(AND(G6=$B$2,A18=$B$3),"●","") | H18: =IF(AND(H6=$B$2,A18=$B$3),"●","") | I18: =IF(AND(I6=$B$2,A18=$B$3),"●","") | J18: =IF(AND(J6=$B$2,A18=$B$3),"●","") | K18: =IF(AND(K6=$B$2,A18=$B$3),"●","") | L18: =IF(AND(L6=$B$2,A18=$B$3),"●","") | M18: =IF(AND(M6=$B$2,A18=$B$3),"●","") | N18: =IF(AND($A18=$B$2,N$6=$B$3),"●","") | O18: =IF(AND($A18=$B$2,O$6=$B$3),"●","") | P18: =IF(AND($A18=$B$2,P$6=$B$3),"●","") | Q18: =IF(AND($A18=$B$2,Q$6=$B$3),"●","") | R18: =IF(AND($A18=$B$2,R$6=$B$3),"●","") | S18: =IF(AND($A18=$B$2,S$6=$B$3),"●","") | T18: =IF(AND($A18=$B$2,T$6=$B$3),"●","") | U18: =IF(AND($A18=$B$2,U$6=$B$3),"●","")
A19: 13 | B19: =IF(AND(B6=$B$2,A19=$B$3),"●","") | C19: =IF(AND(C6=$B$2,A19=$B$3),"●","") | D19: =IF(AND(D6=$B$2,A19=$B$3),"●","") | E19: =IF(AND(E6=$B$2,A19=$B$3),"●","") | F19: =IF(AND(F6=$B$2,A19=$B$3),"●","") | G19: =IF(AND(G6=$B$2,A19=$B$3),"●","") | H19: =IF(AND(H6=$B$2,A19=$B$3),"●","") | I19: =IF(AND(I6=$B$2,A19=$B$3),"●","") | J19: =IF(AND(J6=$B$2,A19=$B$3),"●","") | K19: =IF(AND(K6=$B$2,A19=$B$3),"●","") | L19: =IF(AND(L6=$B$2,A19=$B$3),"●","") | M19: =IF(AND(M6=$B$2,A19=$B$3),"●","") | N19: =IF(AND($A19=$B$2,N$6=$B$3),"●","") | O19: =IF(AND($A19=$B$2,O$6=$B$3),"●","") | P19: =IF(AND($A19=$B$2,P$6=$B$3),"●","") | Q19: =IF(AND($A19=$B$2,Q$6=$B$3),"●","") | R19: =IF(AND($A19=$B$2,R$6=$B$3),"●","") | S19: =IF(AND($A19=$B$2,S$6=$B$3),"●","") | T19: =IF(AND($A19=$B$2,T$6=$B$3),"●","") | U19: =IF(AND($A19=$B$2,U$6=$B$3),"●","")
A20: 14 | B20: =IF(AND(B6=$B$2,A20=$B$3),"●","") | C20: =IF(AND(C6=$B$2,A20=$B$3),"●","") | D20: =IF(AND(D6=$B$2,A20=$B$3),"●","") | E20: =IF(AND(E6=$B$2,A20=$B$3),"●","") | F20: =IF(AND(F6=$B$2,A20=$B$3),"●","") | G20: =IF(AND(G6=$B$2,A20=$B$3),"●","") | H20: =IF(AND(H6=$B$2,A20=$B$3),"●","") | I20: =IF(AND(I6=$B$2,A20=$B$3),"●","") | J20: =IF(AND(J6=$B$2,A20=$B$3),"●","") | K20: =IF(AND(K6=$B$2,A20=$B$3),"●","") | L20: =IF(AND(L6=$B$2,A20=$B$3),"●","") | M20: =IF(AND(M6=$B$2,A20=$B$3),"●","") | N20: =IF(AND($A20=$B$2,N$6=$B$3),"●","") | O20: =IF(AND($A20=$B$2,O$6=$B$3),"●","") | P20: =IF(AND($A20=$B$2,P$6=$B$3),"●","") | Q20: =IF(AND($A20=$B$2,Q$6=$B$3),"●","") | R20: =IF(AND($A20=$B$2,R$6=$B$3),"●","") | S20: =IF(AND($A20=$B$2,S$6=$B$3),"●","") | T20: =IF(AND($A20=$B$2,T$6=$B$3),"●","") | U20: =IF(AND($A20=$B$2,U$6=$B$3),"●","")
A21: 15 | B21: =IF(AND(B6=$B$2,A21=$B$3),"●","") | C21: =IF(AND(C6=$B$2,A21=$B$3),"●","") | D21: =IF(AND(D6=$B$2,A21=$B$3),"●","") | E21: =IF(AND(E6=$B$2,A21=$B$3),"●","") | F21: =IF(AND(F6=$B$2,A21=$B$3),"●","") | G21: =IF(AND(G6=$B$2,A21=$B$3),"●","") | H21: =IF(AND(H6=$B$2,A21=$B$3),"●","") | I21: =IF(AND(I6=$B$2,A21=$B$3),"●","") | J21: =IF(AND(J6=$B$2,A21=$B$3),"●","") | K21: =IF(AND(K6=$B$2,A21=$B$3),"●","") | L21: =IF(AND(L6=$B$2,A21=$B$3),"●","") | M21: =IF(AND(M6=$B$2,A21=$B$3),"●","") | N21: =IF(AND($A21=$B$2,N$6=$B$3),"●","") | O21: =IF(AND($A21=$B$2,O$6=$B$3),"●","") | P21: =IF(AND($A21=$B$2,P$6=$B$3),"●","") | Q21: =IF(AND($A21=$B$2,Q$6=$B$3),"●","") | R21: =IF(AND($A21=$B$2,R$6=$B$3),"●","") | S21: =IF(AND($A21=$B$2,S$6=$B$3),"●","") | T21: =IF(AND($A21=$B$2,T$6=$B$3),"●","") | U21: =IF(AND($A21=$B$2,U$6=$B$3),"●","")
A22: 16 | B22: =IF(AND(B6=$B$2,A22=$B$3),"●","") | C22: =IF(AND(C6=$B$2,A22=$B$3),"●","") | D22: =IF(AND(D6=$B$2,A22=$B$3),"●","") | E22: =IF(AND(E6=$B$2,A22=$B$3),"●","") | F22: =IF(AND(F6=$B$2,A22=$B$3),"●","") | G22: =IF(AND(G6=$B$2,A22=$B$3),"●","") | H22: =IF(AND(H6=$B$2,A22=$B$3),"●","") | I22: =IF(AND(I6=$B$2,A22=$B$3),"●","") | J22: =IF(AND(J6=$B$2,A22=$B$3),"●","") | K22: =IF(AND(K6=$B$2,A22=$B$3),"●","") | L22: =IF(AND(L6=$B$2,A22=$B$3),"●","") | M22: =IF(AND(M6=$B$2,A22=$B$3),"●","") | N22: =IF(AND($A22=$B$2,N$6=$B$3),"●","") | O22: =IF(AND($A22=$B$2,O$6=$B$3),"●","") | P22: =IF(AND($A22=$B$2,P$6=$B$3),"●","") | Q22: =IF(AND($A22=$B$2,Q$6=$B$3),"●","") | R22: =IF(AND($A22=$B$2,R$6=$B$3),"●","") | S22: =IF(AND($A22=$B$2,S$6=$B$3),"●","") | T22: =IF(AND($A22=$B$2,T$6=$B$3),"●","") | U22: =IF(AND($A22=$B$2,U$6=$B$3),"●","")
A23: 17 | B23: =IF(AND(B6=$B$2,A23=$B$3),"●","") | C23: =IF(AND(C6=$B$2,A23=$B$3),"●","") | D23: =IF(AND(D6=$B$2,A23=$B$3),"●","") | E23: =IF(AND(E6=$B$2,A23=$B$3),"●","") | F23: =IF(AND(F6=$B$2,A23=$B$3),"●","") | G23: =IF(AND(G6=$B$2,A23=$B$3),"●","") | H23: =IF(AND(H6=$B$2,A23=$B$3),"●","") | I23: =IF(AND(I6=$B$2,A23=$B$3),"●","") | J23: =IF(AND(J6=$B$2,A23=$B$3),"●","") | K23: =IF(AND(K6=$B$2,A23=$B$3),"●","") | L23: =IF(AND(L6=$B$2,A23=$B$3),"●","") | M23: =IF(AND(M6=$B$2,A23=$B$3),"●","") | N23: =IF(AND($A23=$B$2,N$6=$B$3),"●","") | O23: =IF(AND($A23=$B$2,O$6=$B$3),"●","") | P23: =IF(AND($A23=$B$2,P$6=$B$3),"●","") | Q23: =IF(AND($A23=$B$2,Q$6=$B$3),"●","") | R23: =IF(AND($A23=$B$2,R$6=$B$3),"●","") | S23: =IF(AND($A23=$B$2,S$6=$B$3),"●","") | T23: =IF(AND($A23=$B$2,T$6=$B$3),"●","") | U23: =IF(AND($A23=$B$2,U$6=$B$3),"●","")
A24: 18 | B24: =IF(AND(B6=$B$2,A24=$B$3),"●","") | C24: =IF(AND(C6=$B$2,A24=$B$3),"●","") | D24: =IF(AND(D6=$B$2,A24=$B$3),"●","") | E24: =IF(AND(E6=$B$2,A24=$B$3),"●","") | F24: =IF(AND(F6=$B$2,A24=$B$3),"●","") | G24: =IF(AND(G6=$B$2,A24=$B$3),"●","") | H24: =IF(AND(H6=$B$2,A24=$B$3),"●","") | I24: =IF(AND(I6=$B$2,A24=$B$3),"●","") | J24: =IF(AND(J6=$B$2,A24=$B$3),"●","") | K24: =IF(AND(K6=$B$2,A24=$B$3),"●","") | L24: =IF(AND(L6=$B$2,A24=$B$3),"●","") | M24: =IF(AND(M6=$B$2,A24=$B$3),"●","") | N24: =IF(AND($A24=$B$2,N$6=$B$3),"●","") | O24: =IF(AND($A24=$B$2,O$6=$B$3),"●","") | P24: =IF(AND($A24=$B$2,P$6=$B$3),"●","") | Q24: =IF(AND($A24=$B$2,Q$6=$B$3),"●","") | R24: =IF(AND($A24=$B$2,R$6=$B$3),"●","") | S24: =IF(AND($A24=$B$2,S$6=$B$3),"●","") | T24: =IF(AND($A24=$B$2,T$6=$B$3),"●","") | U24: =IF(AND($A24=$B$2,U$6=$B$3),"●","")
A25: 19 | B25: =IF(AND(B6=$B$2,A25=$B$3),"●","") | C25: =IF(AND(C6=$B$2,A25=$B$3),"●","") | D25: =IF(AND(D6=$B$2,A25=$B$3),"●","") | E25: =IF(AND(E6=$B$2,A25=$B$3),"●","") | F25: =IF(AND(F6=$B$2,A25=$B$3),"●","") | G25: =IF(AND(G6=$B$2,A25=$B$3),"●","") | H25: =IF(AND(H6=$B$2,A25=$B$3),"●","") | I25: =IF(AND(I6=$B$2,A25=$B$3),"●","") | J25: =IF(AND(J6=$B$2,A25=$B$3),"●","") | K25: =IF(AND(K6=$B$2,A25=$B$3),"●","") | L25: =IF(AND(L6=$B$2,A25=$B$3),"●","") | M25: =IF(AND(M6=$B$2,A25=$B$3),"●","") | N25: =IF(AND($A25=$B$2,N$6=$B$3),"●","") | O25: =IF(AND($A25=$B$2,O$6=$B$3),"●","") | P25: =IF(AND($A25=$B$2,P$6=$B$3),"●","") | Q25: =IF(AND($A25=$B$2,Q$6=$B$3),"●","") | R25: =IF(AND($A25=$B$2,R$6=$B$3),"●","") | S25: =IF(AND($A25=$B$2,S$6=$B$3),"●","") | T25: =IF(AND($A25=$B$2,T$6=$B$3),"●","") | U25: =IF(AND($A25=$B$2,U$6=$B$3),"●","")
A26: 20 | B26: =IF(AND(B6=$B$2,A26=$B$3),"●","") | C26: =IF(AND(C6=$B$2,A26=$B$3),"●","") | D26: =IF(AND(D6=$B$2,A26=$B$3),"●","") | E26: =IF(AND(E6=$B$2,A26=$B$3),"●","") | F26: =IF(AND(F6=$B$2,A26=$B$3),"●","") | G26: =IF(AND(G6=$B$2,A26=$B$3),"●","") | H26: =IF(AND(H6=$B$2,A26=$B$3),"●","") | I26: =IF(AND(I6=$B$2,A26=$B$3),"●","") | J26: =IF(AND(J6=$B$2,A26=$B$3),"●","") | K26: =IF(AND(K6=$B$2,A26=$B$3),"●","") | L26: =IF(AND(L6=$B$2,A26=$B$3),"●","") | M26: =IF(AND(M6=$B$2,A26=$B$3),"●","") | N26: =IF(AND($A26=$B$2,N$6=$B$3),"●","") | O26: =IF(AND($A26=$B$2,O$6=$B$3),"●","") | P26: =IF(AND($A26=$B$2,P$6=$B$3),"●","") | Q26: =IF(AND($A26=$B$2,Q$6=$B$3),"●","") | R26: =IF(AND($A26=$B$2,R$6=$B$3),"●","") | S26: =IF(AND($A26=$B$2,S$6=$B$3),"●","") | T26: =IF(AND($A26=$B$2,T$6=$B$3),"●","") | U26: =IF(AND($A26=$B$2,U$6=$B$3),"●","")
A27: 21 | B27: =IF(AND($A27=$B$2,B$6=$B$3),"●","") | C27: =IF(AND($A27=$B$2,C$6=$B$3),"●","") | D27: =IF(AND($A27=$B$2,D$6=$B$3),"●","") | E27: =IF(AND($A27=$B$2,E$6=$B$3),"●","") | F27: =IF(AND($A27=$B$2,F$6=$B$3),"●","") | G27: =IF(AND($A27=$B$2,G$6=$B$3),"●","") | H27: =IF(AND($A27=$B$2,H$6=$B$3),"●","") | I27: =IF(AND($A27=$B$2,I$6=$B$3),"●","") | ... U27: =IF(AND($A27=$B$2,U$6=$B$3),"●","")
A28: Note: Special locations (Stage/Overflow/Quarantine) may not have grid coordinates; they will not appear on this map. | B28: =IF(AND($A28=$B$2,B$6=$B$3),"●","") | C28: =IF(AND($A28=$B$2,C$6=$B$3),"●","") | D28: =IF(AND($A28=$B$2,D$6=$B$3),"●","") | E28: =IF(AND($A28=$B$2,E$6=$B$3),"●","") | F28: =IF(AND($A28=$B$2,F$6=$B$3),"●","") | G28: =IF(AND($A28=$B$2,G$6=$B$3),"●","") | H28: =IF(AND($A28=$B$2,H$6=$B$3),"●","") | I28: =IF(AND($A28=$B$2,I$6=$B$3),"●","") | ... U28: =IF(AND($A28=$B$2,U$6=$B$3),"●","")
A29: 23 | B29: =IF(AND($A29=$B$2,B$6=$B$3),"●","") | C29: =IF(AND($A29=$B$2,C$6=$B$3),"●","") | D29: =IF(AND($A29=$B$2,D$6=$B$3),"●","") | E29: =IF(AND($A29=$B$2,E$6=$B$3),"●","") | F29: =IF(AND($A29=$B$2,F$6=$B$3),"●","") | G29: =IF(AND($A29=$B$2,G$6=$B$3),"●","") | H29: =IF(AND($A29=$B$2,H$6=$B$3),"●","") | I29: =IF(AND($A29=$B$2,I$6=$B$3),"●","") | ... U29: =IF(AND($A29=$B$2,U$6=$B$3),"●","")
A30: 24 | B30: =IF(AND($A30=$B$2,B$6=$B$3),"●","") | C30: =IF(AND($A30=$B$2,C$6=$B$3),"●","") | D30: =IF(AND($A30=$B$2,D$6=$B$3),"●","") | E30: =IF(AND($A30=$B$2,E$6=$B$3),"●","") | F30: =IF(AND($A30=$B$2,F$6=$B$3),"●","") | G30: =IF(AND($A30=$B$2,G$6=$B$3),"●","") | H30: =IF(AND($A30=$B$2,H$6=$B$3),"●","") | I30: =IF(AND($A30=$B$2,I$6=$B$3),"●","") | ... U30: =IF(AND($A30=$B$2,U$6=$B$3),"●","")
A31: 25 | B31: =IF(AND($A31=$B$2,B$6=$B$3),"●","") | C31: =IF(AND($A31=$B$2,C$6=$B$3),"●","") | D31: =IF(AND($A31=$B$2,D$6=$B$3),"●","") | E31: =IF(AND($A31=$B$2,E$6=$B$3),"●","") | F31: =IF(AND($A31=$B$2,F$6=$B$3),"●","") | G31: =IF(AND($A31=$B$2,G$6=$B$3),"●","") | H31: =IF(AND($A31=$B$2,H$6=$B$3),"●","") | I31: =IF(AND($A31=$B$2,I$6=$B$3),"●","") | ... U31: =IF(AND($A31=$B$2,U$6=$B$3),"●","")
A32: 26 | B32: =IF(AND($A32=$B$2,B$6=$B$3),"●","") | C32: =IF(AND($A32=$B$2,C$6=$B$3),"●","") | D32: =IF(AND($A32=$B$2,D$6=$B$3),"●","") | E32: =IF(AND($A32=$B$2,E$6=$B$3),"●","") | F32: =IF(AND($A32=$B$2,F$6=$B$3),"●","") | G32: =IF(AND($A32=$B$2,G$6=$B$3),"●","") | H32: =IF(AND($A32=$B$2,H$6=$B$3),"●","") | I32: =IF(AND($A32=$B$2,I$6=$B$3),"●","") | ... U32: =IF(AND($A32=$B$2,U$6=$B$3),"●","")
A33: 27 | B33: =IF(AND($A33=$B$2,B$6=$B$3),"●","") | C33: =IF(AND($A33=$B$2,C$6=$B$3),"●","") | D33: =IF(AND($A33=$B$2,D$6=$B$3),"●","") | E33: =IF(AND($A33=$B$2,E$6=$B$3),"●","") | F33: =IF(AND($A33=$B$2,F$6=$B$3),"●","") | G33: =IF(AND($A33=$B$2,G$6=$B$3),"●","") | H33: =IF(AND($A33=$B$2,H$6=$B$3),"●","") | I33: =IF(AND($A33=$B$2,I$6=$B$3),"●","") | ... U33: =IF(AND($A33=$B$2,U$6=$B$3),"●","")
A34: 28 | B34: =IF(AND($A34=$B$2,B$6=$B$3),"●","") | C34: =IF(AND($A34=$B$2,C$6=$B$3),"●","") | D34: =IF(AND($A34=$B$2,D$6=$B$3),"●","") | E34: =IF(AND($A34=$B$2,E$6=$B$3),"●","") | F34: =IF(AND($A34=$B$2,F$6=$B$3),"●","") | G34: =IF(AND($A34=$B$2,G$6=$B$3),"●","") | H34: =IF(AND($A34=$B$2,H$6=$B$3),"●","") | I34: =IF(AND($A34=$B$2,I$6=$B$3),"●","") | ... U34: =IF(AND($A34=$B$2,U$6=$B$3),"●","")
A35: 29 | B35: =IF(AND($A35=$B$2,B$6=$B$3),"●","") | C35: =IF(AND($A35=$B$2,C$6=$B$3),"●","") | D35: =IF(AND($A35=$B$2,D$6=$B$3),"●","") | E35: =IF(AND($A35=$B$2,E$6=$B$3),"●","") | F35: =IF(AND($A35=$B$2,F$6=$B$3),"●","") | G35: =IF(AND($A35=$B$2,G$6=$B$3),"●","") | H35: =IF(AND($A35=$B$2,H$6=$B$3),"●","") | I35: =IF(AND($A35=$B$2,I$6=$B$3),"●","") | ... U35: =IF(AND($A35=$B$2,U$6=$B$3),"●","")
A36: 30 | B36: =IF(AND($A36=$B$2,B$6=$B$3),"●","") | C36: =IF(AND($A36=$B$2,C$6=$B$3),"●","") | D36: =IF(AND($A36=$B$2,D$6=$B$3),"●","") | E36: =IF(AND($A36=$B$2,E$6=$B$3),"●","") | F36: =IF(AND($A36=$B$2,F$6=$B$3),"●","") | G36: =IF(AND($A36=$B$2,G$6=$B$3),"●","") | H36: =IF(AND($A36=$B$2,H$6=$B$3),"●","") | I36: =IF(AND($A36=$B$2,I$6=$B$3),"●","") | ... U36: =IF(AND($A36=$B$2,U$6=$B$3),"●","")
A38: Legend
A39: ● = selected location (based on scanned pallet’s CurrentLocationCode).
A40: If no dot appears, that location is a special area (Stage/Overflow) with no prism coordinates yet.

Sheet 07_Pallet_Contents
A1: PalletID | B1: PartNumber | C1: ItemName | D1: Qty | E1: UOM | F1: Condition | G1: Ref | H1: Notes | I1: _FirstPNFlag (AUTO) | J1: _RowKey (AUTO) | L1: DV_PalletID_List (AUTO)
I2: =IF(OR($A2="",$B2=""),"",IF(COUNTIFS($A$2:$A2,$A2,$B$2:$B2,$B2)=1,1,0)) | J2: =IF($A2="","",ROW()) | L2: =IF('01_Warehouse_Ledger'!$A2="","",'01_Warehouse_Ledger'!$A2) -> PAL-0000001
I3: =IF(OR($A3="",$B3=""),"",IF(COUNTIFS($A$2:$A3,$A3,$B$2:$B3,$B3)=1,1,0)) | J3: =IF($A3="","",ROW()) | L3: =IF('01_Warehouse_Ledger'!$A3="","",'01_Warehouse_Ledger'!$A3) -> PAL-0000002
I4: =IF(OR($A4="",$B4=""),"",IF(COUNTIFS($A$2:$A4,$A4,$B$2:$B4,$B4)=1,1,0)) | J4: =IF($A4="","",ROW()) | L4: =IF('01_Warehouse_Ledger'!$A4="","",'01_Warehouse_Ledger'!$A4) -> PAL-0000003
I5: =IF(OR($A5="",$B5=""),"",IF(COUNTIFS($A$2:$A5,$A5,$B$2:$B5,$B5)=1,1,0)) | J5: =IF($A5="","",ROW()) | L5: =IF('01_Warehouse_Ledger'!$A5="","",'01_Warehouse_Ledger'!$A5) -> PAL-0000004
I6: =IF(OR($A6="",$B6=""),"",IF(COUNTIFS($A$2:$A6,$A6,$B$2:$B6,$B6)=1,1,0)) | J6: =IF($A6="","",ROW()) | L6: =IF('01_Warehouse_Ledger'!$A6="","",'01_Warehouse_Ledger'!$A6) -> PAL-0000005
I7: =IF(OR($A7="",$B7=""),"",IF(COUNTIFS($A$2:$A7,$A7,$B$2:$B7,$B7)=1,1,0)) | J7: =IF($A7="","",ROW()) | L7: =IF('01_Warehouse_Ledger'!$A7="","",'01_Warehouse_Ledger'!$A7) -> PAL-0000006
I8: =IF(OR($A8="",$B8=""),"",IF(COUNTIFS($A$2:$A8,$A8,$B$2:$B8,$B8)=1,1,0)) | J8: =IF($A8="","",ROW()) | L8: =IF('01_Warehouse_Ledger'!$A8="","",'01_Warehouse_Ledger'!$A8) -> PAL-0000007
I9: =IF(OR($A9="",$B9=""),"",IF(COUNTIFS($A$2:$A9,$A9,$B$2:$B9,$B9)=1,1,0)) | J9: =IF($A9="","",ROW()) | L9: =IF('01_Warehouse_Ledger'!$A9="","",'01_Warehouse_Ledger'!$A9) -> PAL-0000008
I10: =IF(OR($A10="",$B10=""),"",IF(COUNTIFS($A$2:$A10,$A10,$B$2:$B10,$B10)=1,1,0)) | J10: =IF($A10="","",ROW()) | L10: =IF('01_Warehouse_Ledger'!$A10="","",'01_Warehouse_Ledger'!$A10) -> PAL-0000009
I11: =IF(OR($A11="",$B11=""),"",IF(COUNTIFS($A$2:$A11,$A11,$B$2:$B11,$B11)=1,1,0)) | J11: =IF($A11="","",ROW()) | L11: =IF('01_Warehouse_Ledger'!$A11="","",'01_Warehouse_Ledger'!$A11) -> PAL-0000010
I12: =IF(OR($A12="",$B12=""),"",IF(COUNTIFS($A$2:$A12,$A12,$B$2:$B12,$B12)=1,1,0)) | J12: =IF($A12="","",ROW()) | L12: =IF('01_Warehouse_Ledger'!$A12="","",'01_Warehouse_Ledger'!$A12) -> PAL-0000011
I13: =IF(OR($A13="",$B13=""),"",IF(COUNTIFS($A$2:$A13,$A13,$B$2:$B13,$B13)=1,1,0)) | J13: =IF($A13="","",ROW()) | L13: =IF('01_Warehouse_Ledger'!$A13="","",'01_Warehouse_Ledger'!$A13) -> PAL-0000012
... I2001: =IF(OR($A2001="",$B2001=""),"",IF(COUNTIFS($A$2:$A2001,$A2001,$B$2:$B2001,$B2001)=1,1,0)) | J2001: =IF($A2001="","",ROW()) | L2001: =IF('01_Warehouse_Ledger'!$A2001="","",'01_Warehouse_Ledger'!$A2001)
I2002: =IF(OR($A2002="",$B2002=""),"",IF(COUNTIFS($A$2:$A2002,$A2002,$B$2:$B2002,$B2002)=1,1,0)) | J2002: =IF($A2002="","",ROW())
I2003: =IF(OR($A2003="",$B2003=""),"",IF(COUNTIFS($A$2:$A2003,$A2003,$B$2:$B2003,$B2003)=1,1,0)) | J2003: =IF($A2003="","",ROW())
I2004: =IF(OR($A2004="",$B2004=""),"",IF(COUNTIFS($A$2:$A2004,$A2004,$B$2:$B2004,$B2004)=1,1,0)) | J2004: =IF($A2004="","",ROW())
I2005: =IF(OR($A2005="",$B2005=""),"",IF(COUNTIFS($A$2:$A2005,$A2005,$B$2:$B2005,$B2005)=1,1,0)) | J2005: =IF($A2005="","",ROW())
I2006: =IF(OR($A2006="",$B2006=""),"",IF(COUNTIFS($A$2:$A2006,$A2006,$B$2:$B2006,$B2006)=1,1,0)) | J2006: =IF($A2006="","",ROW())
I2007: =IF(OR($A2007="",$B2007=""),"",IF(COUNTIFS($A$2:$A2007,$A2007,$B$2:$B2007,$B2007)=1,1,0)) | J2007: =IF($A2007="","",ROW())
I2008: =IF(OR($A2008="",$B2008=""),"",IF(COUNTIFS($A$2:$A2008,$A2008,$B$2:$B2008,$B2008)=1,1,0)) | J2008: =IF($A2008="","",ROW())
I2009: =IF(OR($A2009="",$B2009=""),"",IF(COUNTIFS($A$2:$A2009,$A2009,$B$2:$B2009,$B2009)=1,1,0)) | J2009: =IF($A2009="","",ROW())
I2010: =IF(OR($A2010="",$B2010=""),"",IF(COUNTIFS($A$2:$A2010,$A2010,$B$2:$B2010,$B2010)=1,1,0)) | J2010: =IF($A2010="","",ROW())
I2011: =IF(OR($A2011="",$B2011=""),"",IF(COUNTIFS($A$2:$A2011,$A2011,$B$2:$B2011,$B2011)=1,1,0)) | J2011: =IF($A2011="","",ROW())
I2012: =IF(OR($A2012="",$B2012=""),"",IF(COUNTIFS($A$2:$A2012,$A2012,$B$2:$B2012,$B2012)=1,1,0)) | J2012: =IF($A2012="","",ROW())
I2013: =IF(OR($A2013="",$B2013=""),"",IF(COUNTIFS($A$2:$A2013,$A2013,$B$2:$B2013,$B2013)=1,1,0)) | J2013: =IF($A2013="","",ROW())
... I3000: =IF(OR($A3000="",$B3000=""),"",IF(COUNTIFS($A$2:$A3000,$A3000,$B$2:$B3000,$B3000)=1,1,0)) | J3000: =IF($A3000="","",ROW())

Sheet 11 - Inventory Master
A1: Item Type | B1: Item Name | C1: Count | D1: Site Locations | E1: Area | F1: Subarea | G1: Date Updated | H1: Updated By | I1: Notes
A2: Adapters | B2: B1-CFD | C2: 56 | D2: Plainview HQ | E2: Config area | F2: far left corner
A3: Adapters | B3: B1-CFU | C3: 35 | D3: Plainview HQ | E3: Config area | F3: far left corner
A4: Adapters | B4: B1-DAE | C4: 28 | D4: Plainview HQ | E4: Config area | F4: far left corner
A5: Adapters | B5: B1-CFB | C5: 52 | D5: Plainview HQ | E5: Config area | F5: far left corner
A6: Adapters | B6: B1-CFA | C6: 50 | D6: Plainview HQ | E6: Config area | F6: far left corner
A7: Adapters | B7: B1-CFT | C7: 29 | D7: Plainview HQ | E7: Config area | F7: far left corner
A8: Adapters | B8: B1-CFY | C8: 13 | D8: Plainview HQ | E8: Config area | F8: far left corner
A9: Adapters | B9: B1-CFW | C9: 4 | D9: Plainview HQ | E9: Config area | F9: far left corner
A10: Adapters | B10: B1-CAQ | C10: 2 | D10: Plainview HQ | E10: Config area | F10: far left corner
A11: Adapters | B11: CBCC402237 | C11: 2 | D11: Plainview HQ | E11: Config area | F11: far left corner
A12: Adapters | B12: SPEC999015 | C12: 117 | D12: Plainview HQ | E12: Config area | F12: far left corner
A13: Adapters | B13: GE-ADAPTOR | C13: 73 | D13: Plainview HQ | E13: Config area | F13: far left corner
... A16: Adapters | B16: CBCC0001395 | C16: 122 | D16: Plainview HQ | E16: CANT LOCATE | F16: CANT LOCATE
A17: Adapters | B17: BKA6ASD8INBL | C17: 24 | D17: 1 Marcus | E17: Open storage space grd level | F17: near switch, boxed, on crate | G17: 46077 | I17: NSUH count plus extras
A18: Accessories | B18: Patch Cable - Gray (B1-CPAT-DIM-14) | C18: 0 | D18: 1 Marcus | E18: Open storage space grd level | F18: near switch, boxed, on crate | G18: 46077 | I18: NSUH count plus extras
A19: Accessories | B19: Neuron Power Cable | C19: 65 | D19: 1 Marcus | E19: Open storage space grd level | F19: near switch, boxed, on crate | G19: 46077 | I19: NSUH count plus extras
A20: Accessories | B20: Neuron Power Adapter | C20: 12 | D20: 1 Marcus | E20: Open storage space grd level | F20: connected to neurons | G20: 46077 | I20: NSUH count plus extras + 12 unconfigured in boxes
A21: DIMs | B21: DIMs | C21: 0 | D21: 1 Marcus | E21: Open storage space grd level | F21: near switch, boxed, on crate | G21: 46077 | I21: NSUH count plus extras
A22: Keyboard | B22: Wireless Keyboards | C22: 12 | D22: 1 Marcus | E22: Open storage space grd level | F22: near switch, boxed, on crate | G22: 46077 | I22: NSUH count plus extras
A23: Mice | B23: Wireless Mice | C23: 23 | D23: 1 Marcus | E23: Open storage space grd level | F23: near switch, boxed, on crate | G23: 46077 | I23: NSUH count plus extras
A24: Neuron | B24: Neurons | C24: 12 + 1(defective) | D24: 1 Marcus | E24: Open storage space grd level | F24: on ground near switch + 12 unconfigured in boxes | G24: 46077 | I24: NSUH count plus extras + 12 unconfigured in boxes
A25: Adapter | B25: B1-CFH | C25: 0 | D25: 1 Marcus | E25: Open storage space grd level | F25: near switch, boxed, on crate | G25: 46077
A26: GCX Arm | B26: Articulating Arm for Flat Panel (FLP-0009-05B) | C26: 25 | D26: Plainview HQ | E26: Config area | F26: at desk of Chris/Dylan 3x boxes
A27: Accessories | B27: WM-0024-03C (Power supply flush wall mount) | C27: 25 | D27: Plainview HQ | E27: Config area | F27: at desk of Chris/Dylan 3x boxes | I27: in box: hex wrench, 3/8 screw, flat washer and nylon cable
A28: Accessories | B28: Scanners | C28: 4 | D28: Plainview HQ | E28: Config area | F28: near switch, boxed, on crate
A29: Adapter | B29: B1-CPAT-DIM-14 | C29: 0 | D29: Other
B30: CBCC342077 | C30: 1
A31: Mice | B31: Seal Storm Wireless Mouse w/scroll wheel | C31: 69 | D31: Plainview HQ | E31: AisleO | F31: Bay3Level1 | I31: At front of Bay, mixed-24 day devices behind it
A32: Keyboard | B32: Cleanwipe Wireless Keyboard (white) | C32: 60 | D32: Plainview HQ | E32: AisleO | F32: Bay3Level1 | I32: At front of Bay, mixed-24 day devices behind it
A33: Accessories | B33: Tap Badge Readers | C33: 211 | D33: Plainview HQ | E33: AisleN | F33: Bay3Level1 | I33: left side crate / also has scanners addressed to Josh on it

Sheet 12 - Deployments & Config
