Workbook
Name ReminderMinutesList: Picklists!$C$2:$C$20
Name ShowAsList: Picklists!$A$2:$A$20
Name StatusList: Picklists!$B$2:$B$20
Name TimeZoneList: Picklists!$D$2:$D$20

Sheet PM Showcase
A1: Teams Invites Tracker — Tech Quick View + PM Showcase
A2: Use the left table to scan operations. Use the dropdown on the right to instantly generate a copy/paste Teams invite body.
A3: Tech Quick View — Operations Index | K3: Copy/Paste Generator — Teams Invite Body
A4: Event ID | B4: Date | C4: Start | D4: End | E4: Title | F4: Location | G4: Required | H4: Optional | I4: Status | K4: Event ID | L4: AP-2026-02-22
A5: =IFERROR(INDEX('Invite Builder'!$A:$A,ROW()-3),"") | B5: =IFERROR(INDEX('Invite Builder'!$C:$C,ROW()-3),"") | C5: =IFERROR(INDEX('Invite Builder'!$D:$D,ROW()-3),"") | D5: =IFERROR(INDEX('Invite Builder'!$E:$E,ROW()-3),"") | E5: =IFERROR(INDEX('Invite Builder'!$B:$B,ROW()-3),"") | F5: =IFERROR(INDEX('Invite Builder'!$I:$I,ROW()-3),"") | G5: =IFERROR(INDEX('Invite Builder'!$G:$G,ROW()-3),"") | H5: =IFERROR(INDEX('Invite Builder'!$H:$H,ROW()-3),"") | I5: =IFERROR(INDEX('Invite Builder'!$T:$T,ROW()-3),"") | K5: Title | L5: =IFERROR(VLOOKUP($L$4,'Invite Builder'!$A:$U,2,FALSE),"")
A6: =IFERROR(INDEX('Invite Builder'!$A:$A,ROW()-3),"") | B6: =IFERROR(INDEX('Invite Builder'!$C:$C,ROW()-3),"") | C6: =IFERROR(INDEX('Invite Builder'!$D:$D,ROW()-3),"") | D6: =IFERROR(INDEX('Invite Builder'!$E:$E,ROW()-3),"") | E6: =IFERROR(INDEX('Invite Builder'!$B:$B,ROW()-3),"") | F6: =IFERROR(INDEX('Invite Builder'!$I:$I,ROW()-3),"") | G6: =IFERROR(INDEX('Invite Builder'!$G:$G,ROW()-3),"") | H6: =IFERROR(INDEX('Invite Builder'!$H:$H,ROW()-3),"") | I6: =IFERROR(INDEX('Invite Builder'!$T:$T,ROW()-3),"") | K6: Date | L6: =IFERROR(VLOOKUP($L$4,'Invite Builder'!$A:$U,3,FALSE),"")
A7: =IFERROR(INDEX('Invite Builder'!$A:$A,ROW()-3),"") | B7: =IFERROR(INDEX('Invite Builder'!$C:$C,ROW()-3),"") | C7: =IFERROR(INDEX('Invite Builder'!$D:$D,ROW()-3),"") | D7: =IFERROR(INDEX('Invite Builder'!$E:$E,ROW()-3),"") | E7: =IFERROR(INDEX('Invite Builder'!$B:$B,ROW()-3),"") | F7: =IFERROR(INDEX('Invite Builder'!$I:$I,ROW()-3),"") | G7: =IFERROR(INDEX('Invite Builder'!$G:$G,ROW()-3),"") | H7: =IFERROR(INDEX('Invite Builder'!$H:$H,ROW()-3),"") | I7: =IFERROR(INDEX('Invite Builder'!$T:$T,ROW()-3),"") | K7: Time | L7: =IFERROR(TEXT(VLOOKUP($L$4,'Invite Builder'!$A:$U,4,FALSE),"h:mm AM/PM"),"")&" - "&IFERROR(TEXT(VLOOKUP($L$4,'Invite Builder'!$A:$U,5,FALSE),"h:mm AM/PM"),"")&" "&IFERROR(VLOOKUP($L$4,'Invite Builder'!$A:$U,6,FALSE),"")
A8: =IFERROR(INDEX('Invite Builder'!$A:$A,ROW()-3),"") | B8: =IFERROR(INDEX('Invite Builder'!$C:$C,ROW()-3),"") | C8: =IFERROR(INDEX('Invite Builder'!$D:$D,ROW()-3),"") | D8: =IFERROR(INDEX('Invite Builder'!$E:$E,ROW()-3),"") | E8: =IFERROR(INDEX('Invite Builder'!$B:$B,ROW()-3),"") | F8: =IFERROR(INDEX('Invite Builder'!$I:$I,ROW()-3),"") | G8: =IFERROR(INDEX('Invite Builder'!$G:$G,ROW()-3),"") | H8: =IFERROR(INDEX('Invite Builder'!$H:$H,ROW()-3),"") | I8: =IFERROR(INDEX('Invite Builder'!$T:$T,ROW()-3),"") | K8: Location | L8: =IFERROR(VLOOKUP($L$4,'Invite Builder'!$A:$U,9,FALSE),"")
A9: =IFERROR(INDEX('Invite Builder'!$A:$A,ROW()-3),"") | B9: =IFERROR(INDEX('Invite Builder'!$C:$C,ROW()-3),"") | C9: =IFERROR(INDEX('Invite Builder'!$D:$D,ROW()-3),"") | D9: =IFERROR(INDEX('Invite Builder'!$E:$E,ROW()-3),"") | E9: =IFERROR(INDEX('Invite Builder'!$B:$B,ROW()-3),"") | F9: =IFERROR(INDEX('Invite Builder'!$I:$I,ROW()-3),"") | G9: =IFERROR(INDEX('Invite Builder'!$G:$G,ROW()-3),"") | H9: =IFERROR(INDEX('Invite Builder'!$H:$H,ROW()-3),"") | I9: =IFERROR(INDEX('Invite Builder'!$T:$T,ROW()-3),"") | K9: Invite QA | L9: =IFERROR(VLOOKUP($L$4,'Invite Builder'!$A:$V,22,FALSE),"")
A10: =IFERROR(INDEX('Invite Builder'!$A:$A,ROW()-3),"") | B10: =IFERROR(INDEX('Invite Builder'!$C:$C,ROW()-3),"") | C10: =IFERROR(INDEX('Invite Builder'!$D:$D,ROW()-3),"") | D10: =IFERROR(INDEX('Invite Builder'!$E:$E,ROW()-3),"") | E10: =IFERROR(INDEX('Invite Builder'!$B:$B,ROW()-3),"") | F10: =IFERROR(INDEX('Invite Builder'!$I:$I,ROW()-3),"") | G10: =IFERROR(INDEX('Invite Builder'!$G:$G,ROW()-3),"") | H10: =IFERROR(INDEX('Invite Builder'!$H:$H,ROW()-3),"") | I10: =IFERROR(INDEX('Invite Builder'!$T:$T,ROW()-3),"") | K10: Teams Body (copy/paste) | L10: (click cell below, Ctrl+A, Ctrl+C)
A11: =IFERROR(INDEX('Invite Builder'!$A:$A,ROW()-3),"") | B11: =IFERROR(INDEX('Invite Builder'!$C:$C,ROW()-3),"") | C11: =IFERROR(INDEX('Invite Builder'!$D:$D,ROW()-3),"") | D11: =IFERROR(INDEX('Invite Builder'!$E:$E,ROW()-3),"") | E11: =IFERROR(INDEX('Invite Builder'!$B:$B,ROW()-3),"") | F11: =IFERROR(INDEX('Invite Builder'!$I:$I,ROW()-3),"") | G11: =IFERROR(INDEX('Invite Builder'!$G:$G,ROW()-3),"") | H11: =IFERROR(INDEX('Invite Builder'!$H:$H,ROW()-3),"") | I11: =IFERROR(INDEX('Invite Builder'!$T:$T,ROW()-3),"") | K11: =IFERROR(IF(OR(VLOOKUP($L$4,'Invite Builder'!$A:$U,18,FALSE)="",LEN(VLOOKUP($L$4,'Invite Builder'!$A:$U,18,FALSE))<60,ISNUMBER(MATCH(TRIM(VLOOKUP($L$4,'Invite Builder'!$A:$U,18,FALSE)),StatusList,0))),"⚠️ Teams body looks overwritten/short. Check Invite Builder col R (Body) and restore the formula.",VLOOKUP($L$4,'Invite Builder'!$A:$U,18,FALSE)),"")
A12: =IFERROR(INDEX('Invite Builder'!$A:$A,ROW()-3),"") | B12: =IFERROR(INDEX('Invite Builder'!$C:$C,ROW()-3),"") | C12: =IFERROR(INDEX('Invite Builder'!$D:$D,ROW()-3),"") | D12: =IFERROR(INDEX('Invite Builder'!$E:$E,ROW()-3),"") | E12: =IFERROR(INDEX('Invite Builder'!$B:$B,ROW()-3),"") | F12: =IFERROR(INDEX('Invite Builder'!$I:$I,ROW()-3),"") | G12: =IFERROR(INDEX('Invite Builder'!$G:$G,ROW()-3),"") | H12: =IFERROR(INDEX('Invite Builder'!$H:$H,ROW()-3),"") | I12: =IFERROR(INDEX('Invite Builder'!$T:$T,ROW()-3),"")
A13: =IFERROR(INDEX('Invite Builder'!$A:$A,ROW()-3),"") | B13: =IFERROR(INDEX('Invite Builder'!$C:$C,ROW()-3),"") | C13: =IFERROR(INDEX('Invite Builder'!$D:$D,ROW()-3),"") | D13: =IFERROR(INDEX('Invite Builder'!$E:$E,ROW()-3),"") | E13: =IFERROR(INDEX('Invite Builder'!$B:$B,ROW()-3),"") | F13: =IFERROR(INDEX('Invite Builder'!$I:$I,ROW()-3),"") | G13: =IFERROR(INDEX('Invite Builder'!$G:$G,ROW()-3),"") | H13: =IFERROR(INDEX('Invite Builder'!$H:$H,ROW()-3),"") | I13: =IFERROR(INDEX('Invite Builder'!$T:$T,ROW()-3),"")
A14: =IFERROR(INDEX('Invite Builder'!$A:$A,ROW()-3),"") | B14: =IFERROR(INDEX('Invite Builder'!$C:$C,ROW()-3),"") | C14: =IFERROR(INDEX('Invite Builder'!$D:$D,ROW()-3),"") | D14: =IFERROR(INDEX('Invite Builder'!$E:$E,ROW()-3),"") | E14: =IFERROR(INDEX('Invite Builder'!$B:$B,ROW()-3),"") | F14: =IFERROR(INDEX('Invite Builder'!$I:$I,ROW()-3),"") | G14: =IFERROR(INDEX('Invite Builder'!$G:$G,ROW()-3),"") | H14: =IFERROR(INDEX('Invite Builder'!$H:$H,ROW()-3),"") | I14: =IFERROR(INDEX('Invite Builder'!$T:$T,ROW()-3),"")
A15: =IFERROR(INDEX('Invite Builder'!$A:$A,ROW()-3),"") | B15: =IFERROR(INDEX('Invite Builder'!$C:$C,ROW()-3),"") | C15: =IFERROR(INDEX('Invite Builder'!$D:$D,ROW()-3),"") | D15: =IFERROR(INDEX('Invite Builder'!$E:$E,ROW()-3),"") | E15: =IFERROR(INDEX('Invite Builder'!$B:$B,ROW()-3),"") | F15: =IFERROR(INDEX('Invite Builder'!$I:$I,ROW()-3),"") | G15: =IFERROR(INDEX('Invite Builder'!$G:$G,ROW()-3),"") | H15: =IFERROR(INDEX('Invite Builder'!$H:$H,ROW()-3),"") | I15: =IFERROR(INDEX('Invite Builder'!$T:$T,ROW()-3),"")
A16: =IFERROR(INDEX('Invite Builder'!$A:$A,ROW()-3),"") | B16: =IFERROR(INDEX('Invite Builder'!$C:$C,ROW()-3),"") | C16: =IFERROR(INDEX('Invite Builder'!$D:$D,ROW()-3),"") | D16: =IFERROR(INDEX('Invite Builder'!$E:$E,ROW()-3),"") | E16: =IFERROR(INDEX('Invite Builder'!$B:$B,ROW()-3),"") | F16: =IFERROR(INDEX('Invite Builder'!$I:$I,ROW()-3),"") | G16: =IFERROR(INDEX('Invite Builder'!$G:$G,ROW()-3),"") | H16: =IFERROR(INDEX('Invite Builder'!$H:$H,ROW()-3),"") | I16: =IFERROR(INDEX('Invite Builder'!$T:$T,ROW()-3),"")
A17: =IFERROR(INDEX('Invite Builder'!$A:$A,ROW()-3),"") | B17: =IFERROR(INDEX('Invite Builder'!$C:$C,ROW()-3),"") | C17: =IFERROR(INDEX('Invite Builder'!$D:$D,ROW()-3),"") | D17: =IFERROR(INDEX('Invite Builder'!$E:$E,ROW()-3),"") | E17: =IFERROR(INDEX('Invite Builder'!$B:$B,ROW()-3),"") | F17: =IFERROR(INDEX('Invite Builder'!$I:$I,ROW()-3),"") | G17: =IFERROR(INDEX('Invite Builder'!$G:$G,ROW()-3),"") | H17: =IFERROR(INDEX('Invite Builder'!$H:$H,ROW()-3),"") | I17: =IFERROR(INDEX('Invite Builder'!$T:$T,ROW()-3),"")
A18: =IFERROR(INDEX('Invite Builder'!$A:$A,ROW()-3),"") | B18: =IFERROR(INDEX('Invite Builder'!$C:$C,ROW()-3),"") | C18: =IFERROR(INDEX('Invite Builder'!$D:$D,ROW()-3),"") | D18: =IFERROR(INDEX('Invite Builder'!$E:$E,ROW()-3),"") | E18: =IFERROR(INDEX('Invite Builder'!$B:$B,ROW()-3),"") | F18: =IFERROR(INDEX('Invite Builder'!$I:$I,ROW()-3),"") | G18: =IFERROR(INDEX('Invite Builder'!$G:$G,ROW()-3),"") | H18: =IFERROR(INDEX('Invite Builder'!$H:$H,ROW()-3),"") | I18: =IFERROR(INDEX('Invite Builder'!$T:$T,ROW()-3),"")
A19: =IFERROR(INDEX('Invite Builder'!$A:$A,ROW()-3),"") | B19: =IFERROR(INDEX('Invite Builder'!$C:$C,ROW()-3),"") | C19: =IFERROR(INDEX('Invite Builder'!$D:$D,ROW()-3),"") | D19: =IFERROR(INDEX('Invite Builder'!$E:$E,ROW()-3),"") | E19: =IFERROR(INDEX('Invite Builder'!$B:$B,ROW()-3),"") | F19: =IFERROR(INDEX('Invite Builder'!$I:$I,ROW()-3),"") | G19: =IFERROR(INDEX('Invite Builder'!$G:$G,ROW()-3),"") | H19: =IFERROR(INDEX('Invite Builder'!$H:$H,ROW()-3),"") | I19: =IFERROR(INDEX('Invite Builder'!$T:$T,ROW()-3),"")
A20: =IFERROR(INDEX('Invite Builder'!$A:$A,ROW()-3),"") | B20: =IFERROR(INDEX('Invite Builder'!$C:$C,ROW()-3),"") | C20: =IFERROR(INDEX('Invite Builder'!$D:$D,ROW()-3),"") | D20: =IFERROR(INDEX('Invite Builder'!$E:$E,ROW()-3),"") | E20: =IFERROR(INDEX('Invite Builder'!$B:$B,ROW()-3),"") | F20: =IFERROR(INDEX('Invite Builder'!$I:$I,ROW()-3),"") | G20: =IFERROR(INDEX('Invite Builder'!$G:$G,ROW()-3),"") | H20: =IFERROR(INDEX('Invite Builder'!$H:$H,ROW()-3),"") | I20: =IFERROR(INDEX('Invite Builder'!$T:$T,ROW()-3),"")
A21: =IFERROR(INDEX('Invite Builder'!$A:$A,ROW()-3),"") | B21: =IFERROR(INDEX('Invite Builder'!$C:$C,ROW()-3),"") | C21: =IFERROR(INDEX('Invite Builder'!$D:$D,ROW()-3),"") | D21: =IFERROR(INDEX('Invite Builder'!$E:$E,ROW()-3),"") | E21: =IFERROR(INDEX('Invite Builder'!$B:$B,ROW()-3),"") | F21: =IFERROR(INDEX('Invite Builder'!$I:$I,ROW()-3),"") | G21: =IFERROR(INDEX('Invite Builder'!$G:$G,ROW()-3),"") | H21: =IFERROR(INDEX('Invite Builder'!$H:$H,ROW()-3),"") | I21: =IFERROR(INDEX('Invite Builder'!$T:$T,ROW()-3),"")
A22: =IFERROR(INDEX('Invite Builder'!$A:$A,ROW()-3),"") | B22: =IFERROR(INDEX('Invite Builder'!$C:$C,ROW()-3),"") | C22: =IFERROR(INDEX('Invite Builder'!$D:$D,ROW()-3),"") | D22: =IFERROR(INDEX('Invite Builder'!$E:$E,ROW()-3),"") | E22: =IFERROR(INDEX('Invite Builder'!$B:$B,ROW()-3),"") | F22: =IFERROR(INDEX('Invite Builder'!$I:$I,ROW()-3),"") | G22: =IFERROR(INDEX('Invite Builder'!$G:$G,ROW()-3),"") | H22: =IFERROR(INDEX('Invite Builder'!$H:$H,ROW()-3),"") | I22: =IFERROR(INDEX('Invite Builder'!$T:$T,ROW()-3),"")
A23: =IFERROR(INDEX('Invite Builder'!$A:$A,ROW()-3),"") | B23: =IFERROR(INDEX('Invite Builder'!$C:$C,ROW()-3),"") | C23: =IFERROR(INDEX('Invite Builder'!$D:$D,ROW()-3),"") | D23: =IFERROR(INDEX('Invite Builder'!$E:$E,ROW()-3),"") | E23: =IFERROR(INDEX('Invite Builder'!$B:$B,ROW()-3),"") | F23: =IFERROR(INDEX('Invite Builder'!$I:$I,ROW()-3),"") | G23: =IFERROR(INDEX('Invite Builder'!$G:$G,ROW()-3),"") | H23: =IFERROR(INDEX('Invite Builder'!$H:$H,ROW()-3),"") | I23: =IFERROR(INDEX('Invite Builder'!$T:$T,ROW()-3),"")
... A204: =IFERROR(INDEX('Invite Builder'!$A:$A,ROW()-3),"") | B204: =IFERROR(INDEX('Invite Builder'!$C:$C,ROW()-3),"") | C204: =IFERROR(INDEX('Invite Builder'!$D:$D,ROW()-3),"") | D204: =IFERROR(INDEX('Invite Builder'!$E:$E,ROW()-3),"") | E204: =IFERROR(INDEX('Invite Builder'!$B:$B,ROW()-3),"") | F204: =IFERROR(INDEX('Invite Builder'!$I:$I,ROW()-3),"") | G204: =IFERROR(INDEX('Invite Builder'!$G:$G,ROW()-3),"") | H204: =IFERROR(INDEX('Invite Builder'!$H:$H,ROW()-3),"") | I204: =IFERROR(INDEX('Invite Builder'!$T:$T,ROW()-3),"")
A210: PM Showcase — Evidence Log (add wins as they happen)
A212: Quick Stats | B212: =SUMPRODUCT(--('Invite Builder'!$A$2:$A$500<>"")) | E212: Total Operations (count) | G212: How to use this tab: 1) Techs: use the left index table to find your operation; on the right, pick the Event ID to get a ready-to-paste Teams body. 2) PM brag file: after each operation, add one row in the Evidence Log. Keep it factual: what changed, proof, impact. Tip: If you add attachments/screenshots, paste the file name or SharePoint link in 'Evidence'.
A213: Done | B213: =COUNTIF('Invite Builder'!$T$2:$T$500,"Done") | E213: Ops marked Done
A214: Blocked | B214: =COUNTIF('Invite Builder'!$T$2:$T$500,"Blocked") | E214: Ops blocked (needs help)
A216: Date | B216: Event ID | C216: What I led / changed | D216: Evidence (link, note, screenshot ref) | E216: Impact (time, risk, quality) | F216: Next improvement
A217: 46051 | B217: GG-2026-01-30 | C217: Bugfix: Teams Invite Body returned 'Planned' due to Invite Builder col R (Body) being overwritten/missing formula. Restored Body formula and documented guardrail. | D217: Screenshot: PM Showcase Teams Body cell displayed only 'Planned' despite populated Invite Builder fields. | E217: Prevents blank/incorrect invites; reduces rework and missed stock details before go-live days. | F217: Add guardrail: flag rows where Body is blank or equals a Status picklist value (Planned/In Progress/Blocked/Done). Consider protecting column R.
A218: 46051 | B218: SYSTEM | C218: Added web-safe guardrails: Row QA column, dropdown validations, conditional formatting, PM Showcase QA readout, and sheet protection to prevent formula overwrites. | D218: See 'System Notes' tab; Invite Builder col V (Row QA) + named ranges (ShowAsList/StatusList/ReminderMinutesList/TimeZoneList). | E218: Catches 'Body overwritten' before copy/paste, reduces rework, keeps invites reliable under Web Excel constraints.

Sheet System Notes

Sheet Invite Builder
A1: Event ID | B1: Title | C1: Date | D1: Start Time | E1: End Time | F1: Time Zone | G1: Required Attendees | H1: Optional Attendees | I1: Location | J1: Show As | K1: Reminder (min) | L1: Purpose | M1: Stops (in order) | N1: Hard Requirements | O1: Suggested Timeline | P1: Guardrails | Q1: Completion Signals | R1: Body (Teams paste) | S1: Checkpoint Log (actuals) | T1: Status | U1: Last Updated | V1: Row QA (auto)
A2: AP-2026-01-08 | B2: Alejandro - 3HQ Key Drop + HQ Plainview Config + PBMC Prep (1/8) | C2: 46030 | D2: 0.33333333 | E2: 0.70833333 | F2: Local | G2: Alejandro Perales | H2: Ralph (3HQ) ; Khadejah Harrison ; Akbar (if he's the config owner) | I2: HQ - Plainview (multi-stop details in agenda) | J2: Busy | K2: 30 | L2: Return universal key; configure and stage devices at HQ Plainview; prep for PBMC deployment; align counts with Khadejah. | M2: 1) 3HQ - Key drop with Ralph 2) HQ - Plainview - Device configuration + staging 3) PBMC - Deployment prep / readiness | N2: - Contact Ralph first thing AM to coordinate key handoff. - Drop off universal key to Ralph at 3HQ and confirm receipt. - Head to HQ Plainview ASAP after key drop. - Configure devices at HQ. - Stage/pack for PBMC deployment. - Sync with Khadejah on counts before deployment. | O2: - 8:00-8:15 Call/text Ralph; lock handoff details - 8:15-9:00 3HQ key drop -> confirm receipt - 9:00-1:00 HQ Plainview: configure devices + verification checks - 1:00-2:00 Staging/packout for PBMC - 2:00-2:15 Sync w/ Khadejah: counts + plan - 2:15+ Travel/prepare for PBMC window | P2: - Do not accept extra add-ons without approval; log and escalate. - If Tim is involved, confirm requirements in advance. | Q2: - Key returned to Ralph + time - HQ config complete + device count - PBMC staging complete + blockers - Counts aligned with Khadejah + final count | R2: =IF($L2<>"","Purpose"&CHAR(10)&$L2&CHAR(10)&CHAR(10),"" )&"Stops (in order)"&CHAR(10)&$M2&CHAR(10)&CHAR(10)&"To-Do (hard requirements)"&CHAR(10)&$N2&CHAR(10)&CHAR(10)&"Suggested Timeline"&CHAR(10)&$O2&CHAR(10)&CHAR(10)&"Guardrails"&CHAR(10)&$P2&CHAR(10)&CHAR(10)&"Completion signals"&CHAR(10)&$Q2 | T2: Planned | U2: 46030.318 | V2: =IF($B2="","",IF(_xludf.TEXTJOIN(" | ",TRUE,IF($B2="","Missing Title",""),IF($C2="","Missing Date",""),IF($D2="","Missing Start",""),IF($E2="","Missing End",""),IF($G2="","Missing Required Attendees",""),IF($T2="","Missing Status",""),IF(AND($D2<>"",$E2<>"",$D2>=$E2),"Start>=End",""),IF(OR($R2="",LEN($R2)<60,ISNUMBER(MATCH(TRIM($R2),StatusList,0))),"Body overwritten/short",""))="","OK",_xludf.TEXTJOIN(" | ",TRUE,IF($B2="","Missing Title",""),IF($C2="","Missing Date",""),IF($D2="","Missing Start",""),IF($E2="","Missing End",""),IF($G2="","Missing Required Attendees",""),IF($T2="","Missing Status",""),IF(AND($D2<>"",$E2<>"",$D2>=$E2),"Start>=End",""),IF(OR($R2="",LEN($R2)<60,ISNUMBER(MATCH(TRIM($R2),StatusList,0))),"Body overwritten/short",""))))
A3: KH-2026-01-08 | B3: Khadejah — Inventory Counts + Locations (1 Marcus + HQ) + Pallets + Arm Attach Doc (1/8) | C3: 46030 | D3: 0.33333333 | E3: 0.70833333 | F3: Local | G3: Khadejah Harrison | H3: Rich Perez ; Bonita Outlaw | I3: HQ + 1 Marcus (multi-stop counts + pallets; details in agenda) | J3: Busy | K3: 30 | L3: Establish reliable counts + exact locations for Neuron deployment stock across HQ and 1 Marcus (including pallets); consolidate into a single master counts interface; produce shortages/blockers + runway for upcoming sites; document the arm→Neuron attach process for reuse. | M3: 1) HQ - Sweep all staging areas + pallets; log counts + exact locations 2) 1 Marcus - Sweep stock; log counts + exact locations 3) Update Inventory Master - consolidate counts; tag conflicts; timestamp 4) Arm→Neuron attach - capture steps (photos/video) + notes 5) Send EOD summary (totals, shortages, runway, next steps) | N3: - Record COUNT + EXACT LOCATION for each line item touched (no vague 'HQ'). - Use location format: [SITE] - [AREA] - [SUBAREA]. - Prioritize Neuron units + GCX arms first; then DIMs/adapters/KBM. - Tag pallets with a PalletID (P-001, P-002...) and record their contents. - No guessing: if a count conflicts, mark CONFLICT and note why. - Keep everything in the master tracker (no side spreadsheets). | O3: - 8:00-10:30 HQ sweep (zones + pallets) + initial totals - 10:30-12:30 1 Marcus sweep + totals - 12:30-1:30 Update Inventory Master + reconcile conflicts - 1:30-2:15 Arm→Neuron attach documentation (clean angles) - 2:15-2:30 Send summary to Rich (HQ vs 1 Marcus totals + blockers + runway) | P3: - Don’t move stock without updating location in the master. - If something is missing/damaged/unknown, log it immediately and flag it. - Keep photos clear; avoid capturing screens/labels not needed. - If time runs short, finish Neurons + arms + pallet manifest first. | Q3: - Master counts updated with HQ vs 1 Marcus totals + exact locations. - Pallets tagged + recorded (at least Neurons + arms per pallet). - Shortages/blockers list captured. - Arm→Neuron attach steps recorded + shared. - EOD summary sent. | R3: =IF($L3<>"","Purpose"&CHAR(10)&$L3&CHAR(10)&CHAR(10),"" )&"Stops (in order)"&CHAR(10)&$M3&CHAR(10)&CHAR(10)&"To-Do (hard requirements)"&CHAR(10)&$N3&CHAR(10)&CHAR(10)&"Suggested Timeline"&CHAR(10)&$O3&CHAR(10)&CHAR(10)&"Guardrails"&CHAR(10)&$P3&CHAR(10)&CHAR(10)&"Completion signals"&CHAR(10)&$Q3 | T3: Planned | U3: 46030.33 | V3: =IF($B3="","",IF(_xludf.TEXTJOIN(" | ",TRUE,IF($B3="","Missing Title",""),IF($C3="","Missing Date",""),IF($D3="","Missing Start",""),IF($E3="","Missing End",""),IF($G3="","Missing Required Attendees",""),IF($T3="","Missing Status",""),IF(AND($D3<>"",$E3<>"",$D3>=$E3),"Start>=End",""),IF(OR($R3="",LEN($R3)<60,ISNUMBER(MATCH(TRIM($R3),StatusList,0))),"Body overwritten/short",""))="","OK",_xludf.TEXTJOIN(" | ",TRUE,IF($B3="","Missing Title",""),IF($C3="","Missing Date",""),IF($D3="","Missing Start",""),IF($E3="","Missing End",""),IF($G3="","Missing Required Attendees",""),IF($T3="","Missing Status",""),IF(AND($D3<>"",$E3<>"",$D3>=$E3),"Start>=End",""),IF(OR($R3="",LEN($R3)<60,ISNUMBER(MATCH(TRIM($R3),StatusList,0))),"Body overwritten/short",""))))
A4: IP-2026-01-12 | B4: iPhone/Rover — Recurring Training Block (Starts Week of 1/12) | C4: 46034 | D4: 0.375 | E4: 0.75 | F4: Local | G4: Emmanuel Sanchez; Ezekiel; Erik Guzman; Julio Mojica; Asher Ali; Valentyn Nykoliuk; Tanjim Khan; Shazaib Idrees; Cyen Heyliger; Connor Hoffman | H4: Nayelin Monegro; Rich Perez | I4: Training window (no meeting link) | J4: Busy | K4: 30 | L4: Recurring iPhone/Rover shadow training window + Training Log updates; identify knowledge gaps and drive follow-up shadowing. | M4: 1) Trainee sends mentor availability + site + constraints 2) Mentor confirms capacity + schedules shadow block(s) 3) Shadow block happens 4) Same-day Training Log update (coverage + gaps + next topic) 5) Repeat as needed until well-rounded | N4: - Training Log is the source of truth - Same-day log updates after each shadow block - Capture knowledge gaps + next recommended topic - Escalate access/permissions blockers; don’t improvise | O4: Week of 1/12: schedule the first shadow blocks early in the week Ongoing: repeat shadow blocks as needed; Training Log updated same day | P4: - No surprise reassignments without notifying the group - No side chats as the “real plan” - If blocked by access/permissions, escalate immediately | Q4: - First shadow block scheduled per trainee - Training Log updated after each shadow block - Knowledge gaps logged + follow-up topics assigned | R4: iPhone/Rover Shadow Training — Recurring Block (Starts Week of 1/12) This is a training window, not a meeting. Use this block to schedule and complete shadow sessions. No one needs to join. What this is: A recurring training window for iPhone/Rover shadowing + skill-building. Each trainee completes at least 1–2 shadow blocks to start, then continues as needed. Knowledge gaps get logged and tracked. Mentors: • Emmanuel Sanchez (Lenox Hill) • Erik Guzman (PBMC) • Ezekiel (Staten Island N&S) Trainees: • Julio Mojica • Asher Ali • Valentyn Nykoliuk • Tanjim Khan • Shazaib Idrees • Cyen Heyliger • Connor Hoffman TRAINEES — DO THIS Send your mentor: • Two time windows next week you can shadow (and more as needed) • Your main site • Any constraints (access issues, hard stop time, etc.) After each shadow block: • Update the Training Log the same day (what was covered + knowledge gaps + next topic) MENTORS — DO THIS • Tell me how many trainees you can actively support at a time • Coordinate shadow blocks with those trainees • Update the Training Log with: Trainee / Mentor / Date-Time / Site / What was covered / Knowledge gaps & blockers / Next recommended topic RULE Training Log is the source of truth. No side chats as the “real plan.” | T4: Planned | U4: 46032.315 | V4: =IF($B4="","",IF(_xludf.TEXTJOIN(" | ",TRUE,IF($B4="","Missing Title",""),IF($C4="","Missing Date",""),IF($D4="","Missing Start",""),IF($E4="","Missing End",""),IF($G4="","Missing Required Attendees",""),IF($T4="","Missing Status",""),IF(AND($D4<>"",$E4<>"",$D4>=$E4),"Start>=End",""),IF(OR($R4="",LEN($R4)<60,ISNUMBER(MATCH(TRIM($R4),StatusList,0))),"Body overwritten/short",""))="","OK",_xludf.TEXTJOIN(" | ",TRUE,IF($B4="","Missing Title",""),IF($C4="","Missing Date",""),IF($D4="","Missing Start",""),IF($E4="","Missing End",""),IF($G4="","Missing Required Attendees",""),IF($T4="","Missing Status",""),IF(AND($D4<>"",$E4<>"",$D4>=$E4),"Start>=End",""),IF(OR($R4="",LEN($R4)<60,ISNUMBER(MATCH(TRIM($R4),StatusList,0))),"Body overwritten/short",""))))
A5: MV-2026-01-11 | B5: LIJ SDF Sunday — Transport + Pack-Out (Marvin Lead) — 28 all around | C5: 46033 | D5: 0.33333333 | E5: 0.70833333 | F5: Local | G5: Marvin Tate | H5: Rich Perez; Bonita Outlaw | I5: Stock staging room → LIJ SDF | J5: Busy | K5: 30 | L5: Move the correct stock to LIJ SDF for Sunday’s work; keep staging controlled; pack out everything we bring in so LIJ SDF returns to pre-arrival condition. Key rule: 28 all around (28 capsules + 28 of each required cable/cord type). | M5: 1) Staging room (pull / count / organize) 2) Load vehicle 3) LIJ SDF (deliver staged stock) 4) End-of-day pack-out + close-out proof | N5: • Confirm exact item list for Sunday (capsules + cables/cords + accessories) • Pull & stage: 28 capsules (7 boxes × 4) • Pull & stage: 28 Ethernet cables • Pull & stage: 28 power cords • Pull & stage: 28 of any other required cable/cord type (default to 28 unless PM specifies otherwise) • HQ path: if mounts/arms are delivered separately, pack out all packaging + unused materials • Keep stock orderly: stack by category; labels facing out; pallet jack accessible • Keep walking/loading path clear (no loose cables/garbage) • Take quick photo of staged load before moving out • Load securely (heavy bottom; protect fragile; prevent shifting) • Pack-out rules: remove all packaging created + all unused stock; keep device/capsule shipping boxes • Damaged/questionable items: bag/tag + bring back (no trashing devices/cables) • Final walk-through: floors clear; carts/pallets out; nothing left behind | O5: Before move: • Stage by category, count to 28, photo the staged load • Load + secure At site / end-of-day: • Pack out all packaging + unused stock • Take 2 close-out photos: (1) empty staging footprint at LIJ SDF, (2) load-out/packed carts ready to leave • Note any exceptions + who approved | P5: “Disposal” = pack out everything we bring in so LIJ SDF is as it was before we arrived. Trash/packaging only. Never devices/cables. Keep device/capsule shipping boxes. Do not leave extra stock behind unless explicitly approved; document approvals. | Q5: • 28-count confirmed for capsules + each cable/cord type • Staged-load photo captured • Site packed out (no trash/packaging left) + 2 close-out photos taken • Any exceptions documented with approver | R5: =IF($L5<>"","Purpose"&CHAR(10)&$L5&CHAR(10)&CHAR(10),"" )&"Stops (in order)"&CHAR(10)&$M5&CHAR(10)&CHAR(10)&"To-Do (hard requirements)"&CHAR(10)&$N5&CHAR(10)&CHAR(10)&"Suggested Timeline"&CHAR(10)&$O5&CHAR(10)&CHAR(10)&"Guardrails"&CHAR(10)&$P5&CHAR(10)&CHAR(10)&"Completion signals"&CHAR(10)&$Q5 | T5: Planned | U5: 46032.368 | V5: =IF($B5="","",IF(_xludf.TEXTJOIN(" | ",TRUE,IF($B5="","Missing Title",""),IF($C5="","Missing Date",""),IF($D5="","Missing Start",""),IF($E5="","Missing End",""),IF($G5="","Missing Required Attendees",""),IF($T5="","Missing Status",""),IF(AND($D5<>"",$E5<>"",$D5>=$E5),"Start>=End",""),IF(OR($R5="",LEN($R5)<60,ISNUMBER(MATCH(TRIM($R5),StatusList,0))),"Body overwritten/short",""))="","OK",_xludf.TEXTJOIN(" | ",TRUE,IF($B5="","Missing Title",""),IF($C5="","Missing Date",""),IF($D5="","Missing Start",""),IF($E5="","Missing End",""),IF($G5="","Missing Required Attendees",""),IF($T5="","Missing Status",""),IF(AND($D5<>"",$E5<>"",$D5>=$E5),"Start>=End",""),IF(OR($R5="",LEN($R5)<60,ISNUMBER(MATCH(TRIM($R5),StatusList,0))),"Body overwritten/short",""))))
A6: =IF(AND($B6<>"",$C6<>"",$D6<>"",$E6<>"",$G6<>""), UPPER( LEFT(TRIM(LEFT($G6,IFERROR(FIND(";",$G6)-1,999))),1)& IFERROR( MID(TRIM(LEFT($G6,IFERROR(FIND(";",$G6)-1,999))), FIND(" ",TRIM(LEFT($G6,IFERROR(FIND(";",$G6)-1,999))))+1,1), MID(TRIM(LEFT($G6,IFERROR(FIND(";",$G6)-1,999))),2,1) ) )&"-"&TEXT($C6,"yyyy-mm-dd"), "") | B6: Patricia — iPhone/Rover — Recurring Training Block (Starts Week of 1/21) | C6: 46041 | D6: 0.375 | E6: 0.75 | F6: Local | G6: Patricia Marrero | H6: Rich Perez; Josh Vincent | I6: LHH and the Northern Westchester Area | L6: • Train on iPhones and Mobile Devices • Avoid conflicts with other projects, particularly TOW • Increase the Volume and Integrity of Coverage in the Westchester area | M6: • LHH and the Northern Westchester Area • Clarify with Mentors | N6: • Correspond with Mentors • Train under mentors • Establish sites to cover with Eman, Connor, and Clifford | O6: Recurring until Friday, Feb 6 | P6: • No conflicts with DSE and TOW • Avoid TOW and DSE conflicts | Q6: • No conflicts with DSE and TOW • Correspondence with Mentors in Effect • Training log updated with updated knowledge gaps | R6: =IF($L6<>"","Purpose "&CHAR(10)&$L6&CHAR(10)&CHAR(10),"")& IF($M6<>"","Stops (in order) "&CHAR(10)&$M6&CHAR(10)&CHAR(10),"")& IF($N6<>"","To-Do (hard requirements) "&CHAR(10)&$N6&CHAR(10)&CHAR(10),"")& IF($O6<>"","Suggested Timeline "&CHAR(10)&$O6&CHAR(10)&CHAR(10),"")& IF($P6<>"","Guardrails "&CHAR(10)&$P6&CHAR(10)&CHAR(10),"")& IF($Q6<>"","Completion signals "&CHAR(10)&$Q6,"") | V6: =IF($B6="","",IF(_xludf.TEXTJOIN(" | ",TRUE,IF($B6="","Missing Title",""),IF($C6="","Missing Date",""),IF($D6="","Missing Start",""),IF($E6="","Missing End",""),IF($G6="","Missing Required Attendees",""),IF($T6="","Missing Status",""),IF(AND($D6<>"",$E6<>"",$D6>=$E6),"Start>=End",""),IF(OR($R6="",LEN($R6)<60,ISNUMBER(MATCH(TRIM($R6),StatusList,0))),"Body overwritten/short",""))="","OK",_xludf.TEXTJOIN(" | ",TRUE,IF($B6="","Missing Title",""),IF($C6="","Missing Date",""),IF($D6="","Missing Start",""),IF($E6="","Missing End",""),IF($G6="","Missing Required Attendees",""),IF($T6="","Missing Status",""),IF(AND($D6<>"",$E6<>"",$D6>=$E6),"Start>=End",""),IF(OR($R6="",LEN($R6)<60,ISNUMBER(MATCH(TRIM($R6),StatusList,0))),"Body overwritten/short",""))))
A7: =IF(AND($B7<>"",$C7<>"",$D7<>"",$E7<>"",$G7<>""), UPPER( LEFT(TRIM(LEFT($G7,IFERROR(FIND(";",$G7)-1,999))),1)& IFERROR( MID(TRIM(LEFT($G7,IFERROR(FIND(";",$G7)-1,999))), FIND(" ",TRIM(LEFT($G7,IFERROR(FIND(";",$G7)-1,999))))+1,1), MID(TRIM(LEFT($G7,IFERROR(FIND(";",$G7)-1,999))),2,1) ) )&"-"&TEXT($C7,"yyyy-mm-dd"), "") | B7: MEETH — Stock Delivery (Marvin Lead) | C7: 46043 | D7: 0.375 | E7: 0.45833333 | F7: Local | G7: Marvin Tate | H7: Rich Perez; Bonita Outlaw | I7: MEETH | J7: Busy | K7: 30 | L7: Deliver critical MEETH stock (QTY 2 each) and confirm clean handoff so the site can proceed without delays. | M7: 1) HQ stock room / staging (pull + verify) 2) Load vehicle (secure) 3) MEETH (deliver + handoff) 4) Return / close-out (update counts + note exceptions) | N7: ☐ Pick up required items directly from Geoff Gerber ☐ Verify all five SKUs are present (2 each) ☐ Keep items grouped and labeled for MEETH ☐ Photo staged items before loading ☐ Coordinate onsite handoff; record recipient name/area ☐ Photo delivery/handoff confirmation ☐ If missing/damaged: bag/tag + escalate immediately • Pull + verify the following stock (QTY 2 each): • B1-CPAT-DIM-14 — 2 • DIM — 2 • B1-CFU — 2 • SPEC999015 — 2 • GE-ADAPTOR — 2 • Keep items grouped + labeled for MEETH (no mixed piles) • Take a quick photo of the staged items before loading (proof + reference) • Coordinate onsite handoff (recipient name/area) and confirm delivery complete • If anything is missing/damaged: bag/tag and escalate immediately (do not substitute silently) | O7: Before departure: pull + verify + photo. At MEETH: handoff + confirm recipient. After: update tracker / notes with any exceptions. | P7: This is a controlled delivery. No improvising part substitutions without approval. Keep packaging tidy; prevent damage in transit. | Q7: All five SKUs delivered (2 each), recipient confirmed, and staging/delivery photo captured. Exceptions logged if any. | R7: =IF($L7<>"","Purpose "&CHAR(10)&$L7&CHAR(10)&CHAR(10),"")& IF($M7<>"","Stops (in order) "&CHAR(10)&$M7&CHAR(10)&CHAR(10),"")& IF($N7<>"","To-Do (hard requirements) "&CHAR(10)&$N7&CHAR(10)&CHAR(10),"")& IF($O7<>"","Suggested Timeline "&CHAR(10)&$O7&CHAR(10)&CHAR(10),"")& IF($P7<>"","Guardrails "&CHAR(10)&$P7&CHAR(10)&CHAR(10),"")& IF($Q7<>"","Completion signals "&CHAR(10)&$Q7,"") | T7: Planned | U7: 46042.5 | V7: =IF($B7="","",IF(_xludf.TEXTJOIN(" | ",TRUE,IF($B7="","Missing Title",""),IF($C7="","Missing Date",""),IF($D7="","Missing Start",""),IF($E7="","Missing End",""),IF($G7="","Missing Required Attendees",""),IF($T7="","Missing Status",""),IF(AND($D7<>"",$E7<>"",$D7>=$E7),"Start>=End",""),IF(OR($R7="",LEN($R7)<60,ISNUMBER(MATCH(TRIM($R7),StatusList,0))),"Body overwritten/short",""))="","OK",_xludf.TEXTJOIN(" | ",TRUE,IF($B7="","Missing Title",""),IF($C7="","Missing Date",""),IF($D7="","Missing Start",""),IF($E7="","Missing End",""),IF($G7="","Missing Required Attendees",""),IF($T7="","Missing Status",""),IF(AND($D7<>"",$E7<>"",$D7>=$E7),"Start>=End",""),IF(OR($R7="",LEN($R7)<60,ISNUMBER(MATCH(TRIM($R7),StatusList,0))),"Body overwritten/short",""))))
A8: =IF(AND($B8<>"",$C8<>"",$D8<>"",$E8<>"",$G8<>""), UPPER( LEFT(TRIM(LEFT($G8,IFERROR(FIND(";",$G8)-1,999))),1)& IFERROR( MID(TRIM(LEFT($G8,IFERROR(FIND(";",$G8)-1,999))), FIND(" ",TRIM(LEFT($G8,IFERROR(FIND(";",$G8)-1,999))))+1,1), MID(TRIM(LEFT($G8,IFERROR(FIND(";",$G8)-1,999))),2,1) ) )&"-"&TEXT($C8,"yyyy-mm-dd"), "") | B8: Glen Cove — OR/Endo Cybernet Peripherals Install (9 KB+Mouse, 9 Badge Readers, 9 Barcode Scanners) | C8: 46049 | D8: 0.375 | E8: 0.625 | F8: Local | G8: Khadejah Harrison; CDW Resource (TBD) | H8: Timothy Seeberger | I8: Glen Cove Hospital — OR & Endo (Cybernet) | J8: Busy | K8: 30 | L8: Install and validate 9 wired keyboard/mouse sets, 9 badge access readers, and 9 barcode scanners; connect all peripherals to the Cybernet in OR and Endo. | M8: 1) 3HQ (as needed): confirm delivery/availability of 9 cables for Glen Cove | 2) Glen Cove — OR: install/connect/test peripherals on Cybernet | 3) Glen Cove — Endo: install/connect/test peripherals on Cybernet | 4) Close-out: photos (no PHI) + confirm counts + send completion note | N8: Verify inventory (9 KB+Mouse, 9 Badge Readers, 9 Barcode Scanners; plus 9 cables if applicable) | Install + connect to correct Cybernet(s) in OR & Endo | Test: keyboard/mouse input, badge read, barcode scan | Escalate blockers immediately (ports/driver/access) | No silent substitutions | O8: Before: confirm stock/cables at 3HQ if needed | Onsite: OR first, then Endo | End: confirm with site POC + send completion update | P8: No PHI in photos | Keep cabling tidy/secured | Same-day escalation on blockers; coordinate access with site IT as needed | Q8: All 27 peripherals installed + tested in OR/Endo | Exceptions logged with owner/next step | Completion update sent | R8: =IF($L8<>"","Purpose "&CHAR(10)&$L8&CHAR(10)&CHAR(10),"")& IF($M8<>"","Stops (in order) "&CHAR(10)&$M8&CHAR(10)&CHAR(10),"")& IF($N8<>"","To-Do (hard requirements) "&CHAR(10)&$N8&CHAR(10)&CHAR(10),"")& IF($O8<>"","Suggested Timeline "&CHAR(10)&$O8&CHAR(10)&CHAR(10),"")& IF($P8<>"","Guardrails "&CHAR(10)&$P8&CHAR(10)&CHAR(10),"")& IF($Q8<>"","Completion signals "&CHAR(10)&$Q8,"") | V8: =IF($B8="","",IF(_xludf.TEXTJOIN(" | ",TRUE,IF($B8="","Missing Title",""),IF($C8="","Missing Date",""),IF($D8="","Missing Start",""),IF($E8="","Missing End",""),IF($G8="","Missing Required Attendees",""),IF($T8="","Missing Status",""),IF(AND($D8<>"",$E8<>"",$D8>=$E8),"Start>=End",""),IF(OR($R8="",LEN($R8)<60,ISNUMBER(MATCH(TRIM($R8),StatusList,0))),"Body overwritten/short",""))="","OK",_xludf.TEXTJOIN(" | ",TRUE,IF($B8="","Missing Title",""),IF($C8="","Missing Date",""),IF($D8="","Missing Start",""),IF($E8="","Missing End",""),IF($G8="","Missing Required Attendees",""),IF($T8="","Missing Status",""),IF(AND($D8<>"",$E8<>"",$D8>=$E8),"Start>=End",""),IF(OR($R8="",LEN($R8)<60,ISNUMBER(MATCH(TRIM($R8),StatusList,0))),"Body overwritten/short",""))))
A9: =IF(AND($B9<>"",$C9<>"",$D9<>"",$E9<>"",$G9<>""), UPPER( LEFT(TRIM(LEFT($G9,IFERROR(FIND(";",$G9)-1,999))),1)& IFERROR( MID(TRIM(LEFT($G9,IFERROR(FIND(";",$G9)-1,999))), FIND(" ",TRIM(LEFT($G9,IFERROR(FIND(";",$G9)-1,999))))+1,1), MID(TRIM(LEFT($G9,IFERROR(FIND(";",$G9)-1,999))),2,1) ) )&"-"&TEXT($C9,"yyyy-mm-dd"), "") | B9: Glen Cove — OR/Endo Cybernet Peripherals Install (9 KB+Mouse, 9 Badge Readers, 9 Barcode Scanners) | C9: 46049 | D9: 0.375 | E9: 0.625 | F9: Local | G9: Khadejah Harrison; CDW Resource (TBD) | H9: Timothy Seeberger | I9: Glen Cove Hospital — OR & Endo (Cybernet) | J9: Busy | K9: 30 | L9: Install and validate 9 wired keyboard/mouse sets, 9 badge access readers, and 9 barcode scanners; connect all peripherals to the Cybernet in OR and Endo. | M9: 1) 3HQ (as needed): confirm delivery/availability of 9 cables for Glen Cove | 2) Glen Cove — OR: install/connect/test peripherals on Cybernet | 3) Glen Cove — Endo: install/connect/test peripherals on Cybernet | 4) Close-out: photos (no PHI) + confirm counts + send completion note | N9: Verify inventory (9 KB+Mouse, 9 Badge Readers, 9 Barcode Scanners; plus 9 cables if applicable) | Install + connect to correct Cybernet(s) in OR & Endo | Test: keyboard/mouse input, badge read, barcode scan | Escalate blockers immediately (ports/driver/access) | No silent substitutions | O9: Before: confirm stock/cables at 3HQ if needed | Onsite: OR first, then Endo | End: confirm with site POC + send completion update | P9: No PHI in photos | Keep cabling tidy/secured | Same-day escalation on blockers; coordinate access with site IT as needed | Q9: All 27 peripherals installed + tested in OR/Endo | Exceptions logged with owner/next step | Completion update sent | R9: =IF($L9<>"","Purpose "&CHAR(10)&$L9&CHAR(10)&CHAR(10),"")& IF($M9<>"","Stops (in order) "&CHAR(10)&$M9&CHAR(10)&CHAR(10),"")& IF($N9<>"","To-Do (hard requirements) "&CHAR(10)&$N9&CHAR(10)&CHAR(10),"")& IF($O9<>"","Suggested Timeline "&CHAR(10)&$O9&CHAR(10)&CHAR(10),"")& IF($P9<>"","Guardrails "&CHAR(10)&$P9&CHAR(10)&CHAR(10),"")& IF($Q9<>"","Completion signals "&CHAR(10)&$Q9,"") | S9: Planned | U9: 46047.5 | V9: =IF($B9="","",IF(_xludf.TEXTJOIN(" | ",TRUE,IF($B9="","Missing Title",""),IF($C9="","Missing Date",""),IF($D9="","Missing Start",""),IF($E9="","Missing End",""),IF($G9="","Missing Required Attendees",""),IF($T9="","Missing Status",""),IF(AND($D9<>"",$E9<>"",$D9>=$E9),"Start>=End",""),IF(OR($R9="",LEN($R9)<60,ISNUMBER(MATCH(TRIM($R9),StatusList,0))),"Body overwritten/short",""))="","OK",_xludf.TEXTJOIN(" | ",TRUE,IF($B9="","Missing Title",""),IF($C9="","Missing Date",""),IF($D9="","Missing Start",""),IF($E9="","Missing End",""),IF($G9="","Missing Required Attendees",""),IF($T9="","Missing Status",""),IF(AND($D9<>"",$E9<>"",$D9>=$E9),"Start>=End",""),IF(OR($R9="",LEN($R9)<60,ISNUMBER(MATCH(TRIM($R9),StatusList,0))),"Body overwritten/short",""))))
A10: =IF(AND($B10<>"",$C10<>"",$D10<>"",$E10<>"",$G10<>""), UPPER( LEFT(TRIM(LEFT($G10,IFERROR(FIND(";",$G10)-1,999))),1)& IFERROR( MID(TRIM(LEFT($G10,IFERROR(FIND(";",$G10)-1,999))), FIND(" ",TRIM(LEFT($G10,IFERROR(FIND(";",$G10)-1,999))))+1,1), MID(TRIM(LEFT($G10,IFERROR(FIND(";",$G10)-1,999))),2,1) ) )&"-"&TEXT($C10,"yyyy-mm-dd"), "") | B10: Cybernet Deployment + iPad Go-Live Support (Senior + Shadow) | C10: 46052 | D10: 0.375 | E10: 0.70833333 | F10: Local | G10: Geoff Gerber; Chris Cummings | H10: Rich Perez | I10: Client Site — Cybernet Go-Live | J10: Busy | K10: 30 | L10: Deploy Cybernets and provide all-day go-live support. Client paid for 1 senior tech (Geoff) with 1 shadow tech (Chris Cummings). Stock: Geoff to have 2 Cybernets. iPad: already delivered last Friday. | M10: 1) HQ/warehouse (if needed): pull/verify 2 Cybernets for Geoff (asset tags/serials recorded). 2) Client site: confirm iPad onsite, deploy Cybernets, provide go-live support all day. 3) End-of-day: document issues + send completion note. | N10: • Geoff must have 2 Cybernets ready for deployment • iPad is already onsite (verify on arrival) • Chris shadows Geoff the full day • Log go-live issues + escalate blockers immediately | O10: AM: arrival + verify iPad + deploy Cybernets. Midday: stabilize + support go-live flow. PM: mop-up issues + handoff + send summary. | P10: No PHI in notes/photos. No silent substitutions. Escalate blockers same-day and document owners/next steps. | Q10: 2 Cybernets deployed/validated. Go-live support delivered all day. Issues/next steps logged. Completion update sent. | R10: =IF($L10<>"","Purpose "&CHAR(10)&$L10&CHAR(10)&CHAR(10),"")& IF($M10<>"","Stops (in order) "&CHAR(10)&$M10&CHAR(10)&CHAR(10),"")& IF($N10<>"","To-Do (hard requirements) "&CHAR(10)&$N10&CHAR(10)&CHAR(10),"")& IF($O10<>"","Suggested Timeline "&CHAR(10)&$O10&CHAR(10)&CHAR(10),"")& IF($P10<>"","Guardrails "&CHAR(10)&$P10&CHAR(10)&CHAR(10),"")& IF($Q10<>"","Completion signals "&CHAR(10)&$Q10,"") | U10: 46051.5 | V10: =IF($B10="","",IF(_xludf.TEXTJOIN(" | ",TRUE,IF($B10="","Missing Title",""),IF($C10="","Missing Date",""),IF($D10="","Missing Start",""),IF($E10="","Missing End",""),IF($G10="","Missing Required Attendees",""),IF($T10="","Missing Status",""),IF(AND($D10<>"",$E10<>"",$D10>=$E10),"Start>=End",""),IF(OR($R10="",LEN($R10)<60,ISNUMBER(MATCH(TRIM($R10),StatusList,0))),"Body overwritten/short",""))="","OK",_xludf.TEXTJOIN(" | ",TRUE,IF($B10="","Missing Title",""),IF($C10="","Missing Date",""),IF($D10="","Missing Start",""),IF($E10="","Missing End",""),IF($G10="","Missing Required Attendees",""),IF($T10="","Missing Status",""),IF(AND($D10<>"",$E10<>"",$D10>=$E10),"Start>=End",""),IF(OR($R10="",LEN($R10)<60,ISNUMBER(MATCH(TRIM($R10),StatusList,0))),"Body overwritten/short",""))))
A11: =IF(AND($B11<>"",$C11<>"",$D11<>"",$E11<>"",$G11<>""), UPPER( LEFT(TRIM(LEFT($G11,IFERROR(FIND(";",$G11)-1,999))),1)& IFERROR( MID(TRIM(LEFT($G11,IFERROR(FIND(";",$G11)-1,999))), FIND(" ",TRIM(LEFT($G11,IFERROR(FIND(";",$G11)-1,999))))+1,1), MID(TRIM(LEFT($G11,IFERROR(FIND(";",$G11)-1,999))),2,1) ) )&"-"&TEXT($C11,"yyyy-mm-dd"), "") | B11: CFAM — Deployment Support (One-Day Push) | C11: 46060 | D11: 0.375 | E11: 0.70833333 | F11: Local | G11: Asher Ali; Alejandro Pelales; Delroy Harris | H11: Patricia Marrero | I11: CFAM (Center for Advanced Medicine) | J11: Busy | K11: 30 | L11: Extra deployment coverage at CFAM to complete the work in one day (9–5). Focus: throughput, troubleshooting, and clean handoff. | M11: 1) 09:00 kickoff + scope check; 2) Stage devices + verify ready state; 3) Deploy + validate as you go; 4) Triage issues + escalate blockers fast; 5) 16:30 final sweep + handoff notes; 6) 17:00 exit | N11: Full 9–5 coverage; keep tracker updates current; call out blockers early; document exceptions; leave the site clean. | O11: 09:00 kickoff; 09:15 staging; 10:00 deployments rolling; 15:30 start final sweep; 16:30 handoff notes; 17:00 wrap | P11: No improvising scope changes; escalate access/permissions immediately; protect clinical areas; keep footprint minimal; avoid bottlenecks by working in parallel. | Q11: All assigned devices deployed + validated; exceptions logged with owner/next step; handoff notes sent same day. | R11: =IF($L11<>"","Purpose "&CHAR(10)&$L11&CHAR(10)&CHAR(10),"")& IF($M11<>"","Stops (in order) "&CHAR(10)&$M11&CHAR(10)&CHAR(10),"")& IF($N11<>"","To-Do (hard requirements) "&CHAR(10)&$N11&CHAR(10)&CHAR(10),"")& IF($O11<>"","Suggested Timeline "&CHAR(10)&$O11&CHAR(10)&CHAR(10),"")& IF($P11<>"","Guardrails "&CHAR(10)&$P11&CHAR(10)&CHAR(10),"")& IF($Q11<>"","Completion signals "&CHAR(10)&$Q11,"") | T11: Planned | U11: 46053 | V11: =IF($B11="","",IF(_xludf.TEXTJOIN(" | ",TRUE,IF($B11="","Missing Title",""),IF($C11="","Missing Date",""),IF($D11="","Missing Start",""),IF($E11="","Missing End",""),IF($G11="","Missing Required Attendees",""),IF($T11="","Missing Status",""),IF(AND($D11<>"",$E11<>"",$D11>=$E11),"Start>=End",""),IF(OR($R11="",LEN($R11)<60,ISNUMBER(MATCH(TRIM($R11),StatusList,0))),"Body overwritten/short",""))="","OK",_xludf.TEXTJOIN(" | ",TRUE,IF($B11="","Missing Title",""),IF($C11="","Missing Date",""),IF($D11="","Missing Start",""),IF($E11="","Missing End",""),IF($G11="","Missing Required Attendees",""),IF($T11="","Missing Status",""),IF(AND($D11<>"",$E11<>"",$D11>=$E11),"Start>=End",""),IF(OR($R11="",LEN($R11)<60,ISNUMBER(MATCH(TRIM($R11),StatusList,0))),"Body overwritten/short",""))))
A12: =IF(AND($B12<>"",$C12<>"",$D12<>"",$E12<>"",$G12<>""), UPPER( LEFT(TRIM(LEFT($G12,IFERROR(FIND(";",$G12)-1,999))),1)& IFERROR( MID(TRIM(LEFT($G12,IFERROR(FIND(";",$G12)-1,999))), FIND(" ",TRIM(LEFT($G12,IFERROR(FIND(";",$G12)-1,999))))+1,1), MID(TRIM(LEFT($G12,IFERROR(FIND(";",$G12)-1,999))),2,1) ) )&"-"&TEXT($C12,"yyyy-mm-dd"), "") | B12: LIJ SDF - Satellite Dialysis Facility - Testing Oversight (Noon-1) + Possible Cat6 Relay | C12: 46062 | D12: 0.45833333 | E12: 0.54166667 | F12: Local | G12: Khadejah Harrison | I12: LIJ SDF - Satellite Dialysis Facility | J12: Busy | K12: 30 | L12: Oversee testing support at LIJ SDF (testing window 12:00-1:00) and capture outcomes; relay up to 25 x 25-ft Cat6 cables if requested. | M12: 1) Check in with site POC + confirm testing station(s) | 2) Observe testing (12:00-1:00) + capture pass/fail/issues | 3) If requested: pull/relay 25 x 25-ft Cat6 to designated drop location | 4) Send completion note (testing results + any cable relay details) | N12: Arrive by 11:00 for setup/coordination | Document testing results (what passed/failed + owner/next step) | If Cat6 relay happens: verify count (25) and record destination | No PHI in notes/photos | Escalate blockers same-day | O12: 11:00 arrive + scope check | 12:00 testing start | 12:45 pre-wrap + confirm any cable request | 13:00 wrap + send update | P12: Keep footprint minimal in clinical areas | No PHI in notes/photos | If asked to move cables, confirm receiver + drop location before transport | Escalate access/permissions immediately | Q12: Testing observed and results captured | Issues logged with owner/next step | If Cat6 relay requested: count + destination documented | Completion update sent | R12: =IF($L12<>"","Purpose "&CHAR(10)&$L12&CHAR(10)&CHAR(10),"")& IF($M12<>"","Stops (in order) "&CHAR(10)&$M12&CHAR(10)&CHAR(10),"")& IF($N12<>"","To-Do (hard requirements) "&CHAR(10)&$N12&CHAR(10)&CHAR(10),"")& IF($O12<>"","Suggested Timeline "&CHAR(10)&$O12&CHAR(10)&CHAR(10),"")& IF($P12<>"","Guardrails "&CHAR(10)&$P12&CHAR(10)&CHAR(10),"")& IF($Q12<>"","Completion signals "&CHAR(10)&$Q12,"") | T12: Planned | U12: 46062 | V12: =IF($B12="","",IF(_xludf.TEXTJOIN(" | ",TRUE,IF($B12="","Missing Title",""),IF($C12="","Missing Date",""),IF($D12="","Missing Start",""),IF($E12="","Missing End",""),IF($G12="","Missing Required Attendees",""),IF($T12="","Missing Status",""),IF(AND($D12<>"",$E12<>"",$D12>=$E12),"Start>=End",""),IF(OR($R12="",LEN($R12)<60,ISNUMBER(MATCH(TRIM($R12),StatusList,0))),"Body overwritten/short",""))="","OK",_xludf.TEXTJOIN(" | ",TRUE,IF($B12="","Missing Title",""),IF($C12="","Missing Date",""),IF($D12="","Missing Start",""),IF($E12="","Missing End",""),IF($G12="","Missing Required Attendees",""),IF($T12="","Missing Status",""),IF(AND($D12<>"",$E12<>"",$D12>=$E12),"Start>=End",""),IF(OR($R12="",LEN($R12)<60,ISNUMBER(MATCH(TRIM($R12),StatusList,0))),"Body overwritten/short",""))))
A13: =IF(AND($B13<>"",$C13<>"",$D13<>"",$E13<>"",$G13<>""), UPPER( LEFT(TRIM(LEFT($G13,IFERROR(FIND(";",$G13)-1,999))),1)& IFERROR( MID(TRIM(LEFT($G13,IFERROR(FIND(";",$G13)-1,999))), FIND(" ",TRIM(LEFT($G13,IFERROR(FIND(";",$G13)-1,999))))+1,1), MID(TRIM(LEFT($G13,IFERROR(FIND(";",$G13)-1,999))),2,1) ) )&"-"&TEXT($C13,"yyyy-mm-dd"), "") | B13: Franklin Hospital (Valley Stream) - Peripheral Deployment (10 units) | C13: 46062 | D13: 0.70833333 | E13: 0.83333333 | F13: Local | G13: Marvin Tate; Khadejah Harrison | I13: Franklin Hospital - Valley Stream | J13: Busy | K13: 30 | L13: Deploy and validate 10 peripherals (barcode scanner(s), badge scanner(s), mouse, keyboard) at Franklin Hospital Valley Stream. | M13: 1) Check in + confirm target stations/rooms | 2) Stage peripherals + verify total count (10) | 3) Install/connect + functional test each unit as you go | 4) Label/asset-tag as required | 5) Close-out: confirm counts + document placements/exceptions + send completion note | N13: Verify inventory count before leaving/onsite (10 total) | Test each peripheral immediately (badge read, barcode scan, keyboard/mouse input) | Keep cabling tidy | Log exceptions with owner/next step | No silent substitutions | O13: 17:00 kickoff + station list | 17:15 staging | 17:30 installs rolling | 19:30 final sweep + issue triage | 20:00 wrap + send update (end time may flex if needed) | P13: No PHI in notes/photos | Escalate port/driver/access blockers immediately | Keep footprint minimal and area clean | Avoid half-finished stations; finish and validate before moving on | Q13: 10 peripherals installed + tested | Exceptions logged with owner/next step | Completion update sent | R13: =IF($L13<>"","Purpose "&CHAR(10)&$L13&CHAR(10)&CHAR(10),"")& IF($M13<>"","Stops (in order) "&CHAR(10)&$M13&CHAR(10)&CHAR(10),"")& IF($N13<>"","To-Do (hard requirements) "&CHAR(10)&$N13&CHAR(10)&CHAR(10),"")& IF($O13<>"","Suggested Timeline "&CHAR(10)&$O13&CHAR(10)&CHAR(10),"")& IF($P13<>"","Guardrails "&CHAR(10)&$P13&CHAR(10)&CHAR(10),"")& IF($Q13<>"","Completion signals "&CHAR(10)&$Q13,"") | V13: =IF($B13="","",IF(_xludf.TEXTJOIN(" | ",TRUE,IF($B13="","Missing Title",""),IF($C13="","Missing Date",""),IF($D13="","Missing Start",""),IF($E13="","Missing End",""),IF($G13="","Missing Required Attendees",""),IF($T13="","Missing Status",""),IF(AND($D13<>"",$E13<>"",$D13>=$E13),"Start>=End",""),IF(OR($R13="",LEN($R13)<60,ISNUMBER(MATCH(TRIM($R13),StatusList,0))),"Body overwritten/short",""))="","OK",_xludf.TEXTJOIN(" | ",TRUE,IF($B13="","Missing Title",""),IF($C13="","Missing Date",""),IF($D13="","Missing Start",""),IF($E13="","Missing End",""),IF($G13="","Missing Required Attendees",""),IF($T13="","Missing Status",""),IF(AND($D13<>"",$E13<>"",$D13>=$E13),"Start>=End",""),IF(OR($R13="",LEN($R13)<60,ISNUMBER(MATCH(TRIM($R13),StatusList,0))),"Body overwritten/short",""))))
A14: =IF(AND($B14<>"",$C14<>"",$D14<>"",$E14<>"",$G14<>""), UPPER( LEFT(TRIM(LEFT($G14,IFERROR(FIND(";",$G14)-1,999))),1)& IFERROR( MID(TRIM(LEFT($G14,IFERROR(FIND(";",$G14)-1,999))), FIND(" ",TRIM(LEFT($G14,IFERROR(FIND(";",$G14)-1,999))))+1,1), MID(TRIM(LEFT($G14,IFERROR(FIND(";",$G14)-1,999))),2,1) ) )&"-"&TEXT($C14,"yyyy-mm-dd"), "") | B14: LIJVS — Device Integration Install/Testing (W2) | C14: 46062 | F14: Local | G14: Khadejah Harrison; Marvin Tate | H14: Richard Perez; Tim Seeberger | I14: LIJ Valley Stream | J14: Busy | K14: 15 | L14: Device Integration install/testing. Standard deployment kit applies. Endo MX550 requires MIB card (confirm qty). | R14: =IF($L14<>"","Purpose "&CHAR(10)&$L14&CHAR(10)&CHAR(10),"")& IF($M14<>"","Stops (in order) "&CHAR(10)&$M14&CHAR(10)&CHAR(10),"")& IF($N14<>"","To-Do (hard requirements) "&CHAR(10)&$N14&CHAR(10)&CHAR(10),"")& IF($O14<>"","Suggested Timeline "&CHAR(10)&$O14&CHAR(10)&CHAR(10),"")& IF($P14<>"","Guardrails "&CHAR(10)&$P14&CHAR(10)&CHAR(10),"")& IF($Q14<>"","Completion signals "&CHAR(10)&$Q14,"") | V14: =IF($B14="","",IF(_xludf.TEXTJOIN(" | ",TRUE,IF($B14="","Missing Title",""),IF($C14="","Missing Date",""),IF($D14="","Missing Start",""),IF($E14="","Missing End",""),IF($G14="","Missing Required Attendees",""),IF($T14="","Missing Status",""),IF(AND($D14<>"",$E14<>"",$D14>=$E14),"Start>=End",""),IF(OR($R14="",LEN($R14)<60,ISNUMBER(MATCH(TRIM($R14),StatusList,0))),"Body overwritten/short",""))="","OK",_xludf.TEXTJOIN(" | ",TRUE,IF($B14="","Missing Title",""),IF($C14="","Missing Date",""),IF($D14="","Missing Start",""),IF($E14="","Missing End",""),IF($G14="","Missing Required Attendees",""),IF($T14="","Missing Status",""),IF(AND($D14<>"",$E14<>"",$D14>=$E14),"Start>=End",""),IF(OR($R14="",LEN($R14)<60,ISNUMBER(MATCH(TRIM($R14),StatusList,0))),"Body overwritten/short",""))))
A15: =IF(AND($B15<>"",$C15<>"",$D15<>"",$E15<>"",$G15<>""), UPPER( LEFT(TRIM(LEFT($G15,IFERROR(FIND(";",$G15)-1,999))),1)& IFERROR( MID(TRIM(LEFT($G15,IFERROR(FIND(";",$G15)-1,999))), FIND(" ",TRIM(LEFT($G15,IFERROR(FIND(";",$G15)-1,999))))+1,1), MID(TRIM(LEFT($G15,IFERROR(FIND(";",$G15)-1,999))),2,1) ) )&"-"&TEXT($C15,"yyyy-mm-dd"), "") | B15: CCMC — Cybernet Deployment + iPro + OU Config (14 units) — ONE location | C15: 46067 | D15: 0.33333333 | E15: 0.75 | F15: Local | G15: Alejandro Perales; Chris Cummings; Nicholas Valentin | H15: Rich Perez; Tim Seeberger | I15: CCMC | J15: Busy | K15: 15 | L15: Deploy 14 Cybernets at CCMC (ONE location) with GCX arms + peripherals; complete iPro installs and OU/group alignment. | M15: 1) Stage 14 Cybernets + peripherals + GCX arms 2) Confirm ONE location with site POC 3) Remove/replace legacy PCs as needed 4) Install GCX arms + mount Cybernets 5) Install iPro 6) Apply OU/group alignment 7) Validate badge + barcode + connectivity 8) Label/cable-manage 9) Clean-up + prep disposal pile | N15: • 14 Anesthesia Machines Upgraded with New Cybernets & Peripherals • 14 Anesthesia Machine Deployments Documented in the tracker • Clarify the disposal path with Tim (1 Marcus until they give us permission to discard or allocate somewhere) | P15: • Activate PA Creds ahead of deployment | Q15: Devices Documented and Tested | R15: =IF($L15<>"","Purpose "&CHAR(10)&$L15&CHAR(10)&CHAR(10),"")& IF($M15<>"","Stops (in order) "&CHAR(10)&$M15&CHAR(10)&CHAR(10),"")& IF($N15<>"","To-Do (hard requirements) "&CHAR(10)&$N15&CHAR(10)&CHAR(10),"")& IF($O15<>"","Suggested Timeline "&CHAR(10)&$O15&CHAR(10)&CHAR(10),"")& IF($P15<>"","Guardrails "&CHAR(10)&$P15&CHAR(10)&CHAR(10),"")& IF($Q15<>"","Completion signals "&CHAR(10)&$Q15,"") | V15: =IF($B15="","",IF(_xludf.TEXTJOIN(" | ",TRUE,IF($B15="","Missing Title",""),IF($C15="","Missing Date",""),IF($D15="","Missing Start",""),IF($E15="","Missing End",""),IF($G15="","Missing Required Attendees",""),IF($T15="","Missing Status",""),IF(AND($D15<>"",$E15<>"",$D15>=$E15),"Start>=End",""),IF(OR($R15="",LEN($R15)<60,ISNUMBER(MATCH(TRIM($R15),StatusList,0))),"Body overwritten/short",""))="","OK",_xludf.TEXTJOIN(" | ",TRUE,IF($B15="","Missing Title",""),IF($C15="","Missing Date",""),IF($D15="","Missing Start",""),IF($E15="","Missing End",""),IF($G15="","Missing Required Attendees",""),IF($T15="","Missing Status",""),IF(AND($D15<>"",$E15<>"",$D15>=$E15),"Start>=End",""),IF(OR($R15="",LEN($R15)<60,ISNUMBER(MATCH(TRIM($R15),StatusList,0))),"Body overwritten/short",""))))
A16: =IF(AND($B16<>"",$C16<>"",$D16<>"",$E16<>"",$G16<>""), UPPER( LEFT(TRIM(LEFT($G16,IFERROR(FIND(";",$G16)-1,999))),1)& IFERROR( MID(TRIM(LEFT($G16,IFERROR(FIND(";",$G16)-1,999))), FIND(" ",TRIM(LEFT($G16,IFERROR(FIND(";",$G16)-1,999))))+1,1), MID(TRIM(LEFT($G16,IFERROR(FIND(";",$G16)-1,999))),2,1) ) )&"-"&TEXT($C16,"yyyy-mm-dd"), "") | B16: CCMC — HQ → Site Delivery (14 Cybernets + Peripherals) — Marvin | C16: 46066 | D16: 0.5 | E16: 0.66666667 | F16: Local | G16: Marvin Tate | H16: Richard Perez | I16: HQ → CCMC | J16: Busy | K16: 15 | L16: Deliver 13 Cybernets + peripherals from HQ to CCMC. Confirm staging location and handoff POC on arrival. | N16: Confirm vehicle/transport; confirm receiving contact; confirm inventory count (14). | R16: =IF($L16<>"","Purpose "&CHAR(10)&$L16&CHAR(10)&CHAR(10),"")& IF($M16<>"","Stops (in order) "&CHAR(10)&$M16&CHAR(10)&CHAR(10),"")& IF($N16<>"","To-Do (hard requirements) "&CHAR(10)&$N16&CHAR(10)&CHAR(10),"")& IF($O16<>"","Suggested Timeline "&CHAR(10)&$O16&CHAR(10)&CHAR(10),"")& IF($P16<>"","Guardrails "&CHAR(10)&$P16&CHAR(10)&CHAR(10),"")& IF($Q16<>"","Completion signals "&CHAR(10)&$Q16,"") | V16: =IF($B16="","",IF(_xludf.TEXTJOIN(" | ",TRUE,IF($B16="","Missing Title",""),IF($C16="","Missing Date",""),IF($D16="","Missing Start",""),IF($E16="","Missing End",""),IF($G16="","Missing Required Attendees",""),IF($T16="","Missing Status",""),IF(AND($D16<>"",$E16<>"",$D16>=$E16),"Start>=End",""),IF(OR($R16="",LEN($R16)<60,ISNUMBER(MATCH(TRIM($R16),StatusList,0))),"Body overwritten/short",""))="","OK",_xludf.TEXTJOIN(" | ",TRUE,IF($B16="","Missing Title",""),IF($C16="","Missing Date",""),IF($D16="","Missing Start",""),IF($E16="","Missing End",""),IF($G16="","Missing Required Attendees",""),IF($T16="","Missing Status",""),IF(AND($D16<>"",$E16<>"",$D16>=$E16),"Start>=End",""),IF(OR($R16="",LEN($R16)<60,ISNUMBER(MATCH(TRIM($R16),StatusList,0))),"Body overwritten/short",""))))
A17: =IF(AND($B17<>"",$C17<>"",$D17<>"",$E17<>"",$G17<>""), UPPER( LEFT(TRIM(LEFT($G17,IFERROR(FIND(";",$G17)-1,999))),1)& IFERROR( MID(TRIM(LEFT($G17,IFERROR(FIND(";",$G17)-1,999))), FIND(" ",TRIM(LEFT($G17,IFERROR(FIND(";",$G17)-1,999))))+1,1), MID(TRIM(LEFT($G17,IFERROR(FIND(";",$G17)-1,999))),2,1) ) )&"-"&TEXT($C17,"yyyy-mm-dd"), "") | B17: CCMC — Site Disposal (Post-Deployment) — Marvin Lead | C17: 46067 | D17: 0.58333333 | E17: 0.75 | F17: Local | G17: Marvin Tate | H17: Rich Perez; Tim Seeberger | I17: CCMC | J17: Busy | K17: 15 | L17: Dispose of all deployment-related materials at CCMC: existing PCs, existing PC arms, and all boxes/trash from newly deployed equipment. | M17: 1) Identify disposal area + confirm with site POC 2) Remove existing PCs 3) Remove existing arms 4) Consolidate all boxes/trash from new gear 5) Dispose per site process 6) Confirm area left clean + take quick photo evidence (optional) | N17: • All Extras and Scraps removed from CCMC • Clarify where to move the stock with Tim (1 Marcus until they give us permission to discard or allocate somewhere) | P17: • Activate PA Creds ahead of deployment | Q17: Photograph Clean Deployment Areas | R17: =IF($L17<>"","Purpose "&CHAR(10)&$L17&CHAR(10)&CHAR(10),"")& IF($M17<>"","Stops (in order) "&CHAR(10)&$M17&CHAR(10)&CHAR(10),"")& IF($N17<>"","To-Do (hard requirements) "&CHAR(10)&$N17&CHAR(10)&CHAR(10),"")& IF($O17<>"","Suggested Timeline "&CHAR(10)&$O17&CHAR(10)&CHAR(10),"")& IF($P17<>"","Guardrails "&CHAR(10)&$P17&CHAR(10)&CHAR(10),"")& IF($Q17<>"","Completion signals "&CHAR(10)&$Q17,"") | V17: =IF($B17="","",IF(_xludf.TEXTJOIN(" | ",TRUE,IF($B17="","Missing Title",""),IF($C17="","Missing Date",""),IF($D17="","Missing Start",""),IF($E17="","Missing End",""),IF($G17="","Missing Required Attendees",""),IF($T17="","Missing Status",""),IF(AND($D17<>"",$E17<>"",$D17>=$E17),"Start>=End",""),IF(OR($R17="",LEN($R17)<60,ISNUMBER(MATCH(TRIM($R17),StatusList,0))),"Body overwritten/short",""))="","OK",_xludf.TEXTJOIN(" | ",TRUE,IF($B17="","Missing Title",""),IF($C17="","Missing Date",""),IF($D17="","Missing Start",""),IF($E17="","Missing End",""),IF($G17="","Missing Required Attendees",""),IF($T17="","Missing Status",""),IF(AND($D17<>"",$E17<>"",$D17>=$E17),"Start>=End",""),IF(OR($R17="",LEN($R17)<60,ISNUMBER(MATCH(TRIM($R17),StatusList,0))),"Body overwritten/short",""))))
A18: =IF(AND($B18<>"",$C18<>"",$D18<>"",$E18<>"",$G18<>""), UPPER( LEFT(TRIM(LEFT($G18,IFERROR(FIND(";",$G18)-1,999))),1)& IFERROR( MID(TRIM(LEFT($G18,IFERROR(FIND(";",$G18)-1,999))), FIND(" ",TRIM(LEFT($G18,IFERROR(FIND(";",$G18)-1,999))))+1,1), MID(TRIM(LEFT($G18,IFERROR(FIND(";",$G18)-1,999))),2,1) ) )&"-"&TEXT($C18,"yyyy-mm-dd"), "") | B18: LIJ ORs - Cybernet + GCX Arm Deployment (Day 1 of 2) | C18: 46074 | D18: 0.33333333 | E18: 0.75 | F18: Local | G18: Alejandro Perales; Patricia Marrero; Valentyn Nykoliuk; Marvin Tate | H18: Rich Perez; Tim Seeberger | I18: LIJ Main - OR Suite | J18: Busy | K18: 15 | L18: Deploy/validate LIJ ORs (weekend block; 29 devices total across 2 days). FIRST ACTION: activate PA creds for all techs before deployments. Install Cybernet + GCX arms + peripherals (mouse, keyboard, badge reader, barcode scanner). Update trackers live as we go; log exceptions in real time. | M18: 1) 08:00 kickoff + scope confirmation 2) PA creds activation (everyone) + quick verification 3) Stage carts/devices + verify ready state 4) ORs first: deploy + mount + cable-manage 5) Validate badge/barcode/connectivity per device 6) Update trackers continuously + log exceptions + owners 7) 17:30 final sweep + handoff notes | N18: Bring standard baseline stock: disposal supplies, cabling/labeling, Cybernets, keyboard/mouse, badge reader test, barcode scanner test, 25-ft Cat6, breakaway adapter, GCX arm parts; PA creds must be activated/working before deployment starts; tracker access confirmed. | O18: 08:00 kickoff; 08:10 PA creds activation; 08:20 staging; 09:00 deployments rolling; 16:30 start final sweep; 17:30 handoff notes; 18:00 wrap | P18: No scope creep; protect clinical areas; minimal footprint; escalate access/permissions blockers immediately; update trackers as work is performed (not later); document every exception with owner + next step. | Q18: PA creds active for all techs; assigned devices deployed + validated; tracker reflects reality throughout the day; exceptions logged with owner/next step; same-day handoff notes sent. | R18: =IF($L18<>"","Purpose "&CHAR(10)&$L18&CHAR(10)&CHAR(10),"")& IF($M18<>"","Stops (in order) "&CHAR(10)&$M18&CHAR(10)&CHAR(10),"")& IF($N18<>"","To-Do (hard requirements) "&CHAR(10)&$N18&CHAR(10)&CHAR(10),"")& IF($O18<>"","Suggested Timeline "&CHAR(10)&$O18&CHAR(10)&CHAR(10),"")& IF($P18<>"","Guardrails "&CHAR(10)&$P18&CHAR(10)&CHAR(10),"")& IF($Q18<>"","Completion signals "&CHAR(10)&$Q18,"") | V18: =IF($B18="","",IF(_xludf.TEXTJOIN(" | ",TRUE,IF($B18="","Missing Title",""),IF($C18="","Missing Date",""),IF($D18="","Missing Start",""),IF($E18="","Missing End",""),IF($G18="","Missing Required Attendees",""),IF($T18="","Missing Status",""),IF(AND($D18<>"",$E18<>"",$D18>=$E18),"Start>=End",""),IF(OR($R18="",LEN($R18)<60,ISNUMBER(MATCH(TRIM($R18),StatusList,0))),"Body overwritten/short",""))="","OK",_xludf.TEXTJOIN(" | ",TRUE,IF($B18="","Missing Title",""),IF($C18="","Missing Date",""),IF($D18="","Missing Start",""),IF($E18="","Missing End",""),IF($G18="","Missing Required Attendees",""),IF($T18="","Missing Status",""),IF(AND($D18<>"",$E18<>"",$D18>=$E18),"Start>=End",""),IF(OR($R18="",LEN($R18)<60,ISNUMBER(MATCH(TRIM($R18),StatusList,0))),"Body overwritten/short",""))))
A19: =IF(AND($B19<>"",$C19<>"",$D19<>"",$E19<>"",$G19<>""), UPPER( LEFT(TRIM(LEFT($G19,IFERROR(FIND(";",$G19)-1,999))),1)& IFERROR( MID(TRIM(LEFT($G19,IFERROR(FIND(";",$G19)-1,999))), FIND(" ",TRIM(LEFT($G19,IFERROR(FIND(";",$G19)-1,999))))+1,1), MID(TRIM(LEFT($G19,IFERROR(FIND(";",$G19)-1,999))),2,1) ) )&"-"&TEXT($C19,"yyyy-mm-dd"), "") | B19: LIJ ORs - Cybernet + GCX Arm Deployment (Day 2 of 2) | C19: 46075 | D19: 0.33333333 | E19: 0.75 | F19: Local | G19: Alejandro Perales; Chris Cummings; Patricia Marrero; Delroy Harris; Valentyn Nykoliuk | H19: Rich Perez; Tim Seeberger | I19: LIJ Main - OR Suite | J19: Busy | K19: 15 | L19: Continue LIJ ORs deployment/testing. FIRST ACTION: confirm PA creds still working (or re-activate if needed). Same standards: GCX arms + peripherals installed; validate badge/barcode/connectivity; trackers stay live; close out open issues from Day 1. | M19: 1) 08:00 kickoff + review Day 1 exceptions 2) Confirm PA creds active + quick verification 3) Stage remaining devices/parts 4) Complete remaining ORs first 5) Re-test any problem rooms 6) Update trackers continuously + resolve/escalate exceptions 7) Consolidate disposal pile + label clearly 8) 17:30 final sweep + handoff notes | N19: Zero “we’ll fix it later” devices left in service. PA creds verified before work begins. Any blocker gets an owner + next action logged before wrap. Tracker stays current throughout execution. | O19: 08:00 kickoff; 08:10 PA creds verification; 08:20 staging; 09:00 deployments rolling; 15:30 begin closeout/retests; 17:30 handoff notes; 18:00 wrap | P19: No improvising changes; keep OR sequence disciplined; escalate access/port issues immediately; keep cabling clean and standardized; update trackers as we go so status is always current. | Q19: PA creds verified; all remaining assigned devices deployed + validated; Day 1 issues resolved or owned; tracker current; closeout notes sent. | R19: =IF($L19<>"","Purpose "&CHAR(10)&$L19&CHAR(10)&CHAR(10),"")& IF($M19<>"","Stops (in order) "&CHAR(10)&$M19&CHAR(10)&CHAR(10),"")& IF($N19<>"","To-Do (hard requirements) "&CHAR(10)&$N19&CHAR(10)&CHAR(10),"")& IF($O19<>"","Suggested Timeline "&CHAR(10)&$O19&CHAR(10)&CHAR(10),"")& IF($P19<>"","Guardrails "&CHAR(10)&$P19&CHAR(10)&CHAR(10),"")& IF($Q19<>"","Completion signals "&CHAR(10)&$Q19,"") | V19: =IF($B19="","",IF(_xludf.TEXTJOIN(" | ",TRUE,IF($B19="","Missing Title",""),IF($C19="","Missing Date",""),IF($D19="","Missing Start",""),IF($E19="","Missing End",""),IF($G19="","Missing Required Attendees",""),IF($T19="","Missing Status",""),IF(AND($D19<>"",$E19<>"",$D19>=$E19),"Start>=End",""),IF(OR($R19="",LEN($R19)<60,ISNUMBER(MATCH(TRIM($R19),StatusList,0))),"Body overwritten/short",""))="","OK",_xludf.TEXTJOIN(" | ",TRUE,IF($B19="","Missing Title",""),IF($C19="","Missing Date",""),IF($D19="","Missing Start",""),IF($E19="","Missing End",""),IF($G19="","Missing Required Attendees",""),IF($T19="","Missing Status",""),IF(AND($D19<>"",$E19<>"",$D19>=$E19),"Start>=End",""),IF(OR($R19="",LEN($R19)<60,ISNUMBER(MATCH(TRIM($R19),StatusList,0))),"Body overwritten/short",""))))
A20: =IF(AND($B20<>"",$C20<>"",$D20<>"",$E20<>"",$G20<>""), UPPER( LEFT(TRIM(LEFT($G20,IFERROR(FIND(";",$G20)-1,999))),1)& IFERROR( MID(TRIM(LEFT($G20,IFERROR(FIND(";",$G20)-1,999))), FIND(" ",TRIM(LEFT($G20,IFERROR(FIND(";",$G20)-1,999))))+1,1), MID(TRIM(LEFT($G20,IFERROR(FIND(";",$G20)-1,999))),2,1) ) )&"-"&TEXT($C20,"yyyy-mm-dd"), "") | B20: LIJ - Deployment Kit Delivery + Staging (Day 1 of 2) | C20: 46079 | D20: 0.375 | E20: 0.70833333 | F20: Local | G20: Deployment Delivery; Marvin Tate; Alejandro Perales | H20: Rich Perez; Tim Seeberger | I20: LIJ Main - Procedural Areas + Annex | J20: Busy | K20: 15 | L20: Deliver and stage everything needed for the weekend deployment (13 procedural devices + 3 annex). Confirm counts, label/stage by area, and clear access blockers early. | M20: 1) Pickup/pack check (kits, peripherals, labels) 2) Transport to LIJ 3) Stage procedural-area kits (13) 4) Stage annex kits (3) 5) Verify inventory against picklist 6) Identify + log blockers (missing parts, access, storage) 7) End-of-day handoff notes | N20: All deployment kits (devices, arms, cables/peripherals), printed picklists, labels/tape, carts, access/keys, storage/staging space confirmed, tracker updated in real time. | O20: 09:00 kickoff + loadout; 10:30 arrive LIJ + staging begins; 12:30 inventory checkpoint; 15:30 re-check counts + label sweep; 16:45 handoff notes + blocker escalation; 17:00 wrap. | P20: No surprises on Saturday: if something is missing or access is blocked, escalate same day. Keep procedural vs annex kits separated and labeled. Update tracker as you go. | Q20: All items delivered + staged; kits labeled by area (13 procedural / 3 annex); discrepancies logged with owners + next actions; tracker reflects reality. | R20: =IF($L20<>"","Purpose "&CHAR(10)&$L20&CHAR(10)&CHAR(10),"")& IF($M20<>"","Stops (in order) "&CHAR(10)&$M20&CHAR(10)&CHAR(10),"")& IF($N20<>"","To-Do (hard requirements) "&CHAR(10)&$N20&CHAR(10)&CHAR(10),"")& IF($O20<>"","Suggested Timeline "&CHAR(10)&$O20&CHAR(10)&CHAR(10),"")& IF($P20<>"","Guardrails "&CHAR(10)&$P20&CHAR(10)&CHAR(10),"")& IF($Q20<>"","Completion signals "&CHAR(10)&$Q20,"") | V20: =IF($B20="","",IF(_xludf.TEXTJOIN(" | ",TRUE,IF($B20="","Missing Title",""),IF($C20="","Missing Date",""),IF($D20="","Missing Start",""),IF($E20="","Missing End",""),IF($G20="","Missing Required Attendees",""),IF($T20="","Missing Status",""),IF(AND($D20<>"",$E20<>"",$D20>=$E20),"Start>=End",""),IF(OR($R20="",LEN($R20)<60,ISNUMBER(MATCH(TRIM($R20),StatusList,0))),"Body overwritten/short",""))="","OK",_xludf.TEXTJOIN(" | ",TRUE,IF($B20="","Missing Title",""),IF($C20="","Missing Date",""),IF($D20="","Missing Start",""),IF($E20="","Missing End",""),IF($G20="","Missing Required Attendees",""),IF($T20="","Missing Status",""),IF(AND($D20<>"",$E20<>"",$D20>=$E20),"Start>=End",""),IF(OR($R20="",LEN($R20)<60,ISNUMBER(MATCH(TRIM($R20),StatusList,0))),"Body overwritten/short",""))))
A21: =IF(AND($B21<>"",$C21<>"",$D21<>"",$E21<>"",$G21<>""), UPPER( LEFT(TRIM(LEFT($G21,IFERROR(FIND(";",$G21)-1,999))),1)& IFERROR( MID(TRIM(LEFT($G21,IFERROR(FIND(";",$G21)-1,999))), FIND(" ",TRIM(LEFT($G21,IFERROR(FIND(";",$G21)-1,999))))+1,1), MID(TRIM(LEFT($G21,IFERROR(FIND(";",$G21)-1,999))),2,1) ) )&"-"&TEXT($C21,"yyyy-mm-dd"), "") | B21: LIJ - Deployment Kit Delivery + Staging (Day 2 of 2) | C21: 46080 | D21: 0.375 | E21: 0.70833333 | F21: Local | G21: Deployment Delivery; Marvin Tate; Alejandro Perales | H21: Rich Perez; Tim Seeberger | I21: LIJ Main - Procedural Areas + Annex | J21: Busy | K21: 15 | L21: Finalize staging, resolve gaps from Day 1, and confirm Saturday go-live readiness (parts, access, storage, and area readiness). | M21: 1) Review Day 1 discrepancies 2) Deliver remaining items 3) Re-verify staged kits (procedural + annex) 4) Confirm access + storage plan for weekend 5) Final label/organization sweep 6) Confirm kickoff logistics for Saturday 7) Handoff notes | N21: Open discrepancy list from Day 1, any missing parts, confirmed access badges/permissions, updated tracker, weekend contact list. | O21: 09:00 kickoff + discrepancy triage; 10:30 deliver remaining items; 12:00 full recount checkpoint; 15:30 final staging sweep; 16:30 confirm Saturday kickoff + comms; 17:00 wrap. | P21: If a blocker survives Friday, it will bite on Saturday. Escalate early. Keep kits sealed/organized after verification. | Q21: All discrepancies resolved or owned; kits staged + verified; Saturday kickoff plan confirmed; tracker current. | R21: =IF($L21<>"","Purpose "&CHAR(10)&$L21&CHAR(10)&CHAR(10),"")& IF($M21<>"","Stops (in order) "&CHAR(10)&$M21&CHAR(10)&CHAR(10),"")& IF($N21<>"","To-Do (hard requirements) "&CHAR(10)&$N21&CHAR(10)&CHAR(10),"")& IF($O21<>"","Suggested Timeline "&CHAR(10)&$O21&CHAR(10)&CHAR(10),"")& IF($P21<>"","Guardrails "&CHAR(10)&$P21&CHAR(10)&CHAR(10),"")& IF($Q21<>"","Completion signals "&CHAR(10)&$Q21,"") | V21: =IF($B21="","",IF(_xludf.TEXTJOIN(" | ",TRUE,IF($B21="","Missing Title",""),IF($C21="","Missing Date",""),IF($D21="","Missing Start",""),IF($E21="","Missing End",""),IF($G21="","Missing Required Attendees",""),IF($T21="","Missing Status",""),IF(AND($D21<>"",$E21<>"",$D21>=$E21),"Start>=End",""),IF(OR($R21="",LEN($R21)<60,ISNUMBER(MATCH(TRIM($R21),StatusList,0))),"Body overwritten/short",""))="","OK",_xludf.TEXTJOIN(" | ",TRUE,IF($B21="","Missing Title",""),IF($C21="","Missing Date",""),IF($D21="","Missing Start",""),IF($E21="","Missing End",""),IF($G21="","Missing Required Attendees",""),IF($T21="","Missing Status",""),IF(AND($D21<>"",$E21<>"",$D21>=$E21),"Start>=End",""),IF(OR($R21="",LEN($R21)<60,ISNUMBER(MATCH(TRIM($R21),StatusList,0))),"Body overwritten/short",""))))
A22: =IF(AND($B22<>"",$C22<>"",$D22<>"",$E22<>"",$G22<>""), UPPER( LEFT(TRIM(LEFT($G22,IFERROR(FIND(";",$G22)-1,999))),1)& IFERROR( MID(TRIM(LEFT($G22,IFERROR(FIND(";",$G22)-1,999))), FIND(" ",TRIM(LEFT($G22,IFERROR(FIND(";",$G22)-1,999))))+1,1), MID(TRIM(LEFT($G22,IFERROR(FIND(";",$G22)-1,999))),2,1) ) )&"-"&TEXT($C22,"yyyy-mm-dd"), "") | B22: LIJ ORs - Cybernet + GCX Arm Deployment (Day 1 of 2) | C22: 46081 | D22: 0.33333333 | E22: 0.75 | F22: Local | G22: Alejandro Perales; Patricia Marrero; Valentyn Nykoliuk; Marvin Tate | H22: Rich Perez; Tim Seeberger | I22: LIJ Main - Procedural Areas | J22: Busy | K22: 15 | L22: Deploy and validate devices in LIJ procedural areas (target: 13). First action: confirm PA creds/access for all techs before touching anything. | M22: 1) 08:00 kickoff + scope confirm 2) Confirm PA creds active + quick verification 3) Stage devices/parts by room 4) Deploy in waves; validate peripherals + connectivity 5) Update tracker continuously 6) Resolve/escalate exceptions 7) End-of-day sweep + handoff notes | N22: PA creds verified, deployment kits staged, barcode/badge readers tested, network/connectivity validated, trackers ready, room access confirmed. | O22: 08:00 kickoff; 08:15 PA cred verification; 08:30 staging; 09:00 deployments rolling; 12:30 checkpoint; 16:30 start sweep; 17:30 handoff notes; 18:00 wrap. | P22: No scope creep. Keep tracker honest. Escalate access/permissions blockers immediately. Separate ‘done’ vs ‘needs follow-up’. | Q22: Procedural-area deployments complete/validated (13 target); tracker accurate; exceptions logged with owners + next actions; clean handoff. | R22: =IF($L22<>"","Purpose "&CHAR(10)&$L22&CHAR(10)&CHAR(10),"")& IF($M22<>"","Stops (in order) "&CHAR(10)&$M22&CHAR(10)&CHAR(10),"")& IF($N22<>"","To-Do (hard requirements) "&CHAR(10)&$N22&CHAR(10)&CHAR(10),"")& IF($O22<>"","Suggested Timeline "&CHAR(10)&$O22&CHAR(10)&CHAR(10),"")& IF($P22<>"","Guardrails "&CHAR(10)&$P22&CHAR(10)&CHAR(10),"")& IF($Q22<>"","Completion signals "&CHAR(10)&$Q22,"") | V22: =IF($B22="","",IF(_xludf.TEXTJOIN(" | ",TRUE,IF($B22="","Missing Title",""),IF($C22="","Missing Date",""),IF($D22="","Missing Start",""),IF($E22="","Missing End",""),IF($G22="","Missing Required Attendees",""),IF($T22="","Missing Status",""),IF(AND($D22<>"",$E22<>"",$D22>=$E22),"Start>=End",""),IF(OR($R22="",LEN($R22)<60,ISNUMBER(MATCH(TRIM($R22),StatusList,0))),"Body overwritten/short",""))="","OK",_xludf.TEXTJOIN(" | ",TRUE,IF($B22="","Missing Title",""),IF($C22="","Missing Date",""),IF($D22="","Missing Start",""),IF($E22="","Missing End",""),IF($G22="","Missing Required Attendees",""),IF($T22="","Missing Status",""),IF(AND($D22<>"",$E22<>"",$D22>=$E22),"Start>=End",""),IF(OR($R22="",LEN($R22)<60,ISNUMBER(MATCH(TRIM($R22),StatusList,0))),"Body overwritten/short",""))))
A23: =IF(AND($B23<>"",$C23<>"",$D23<>"",$E23<>"",$G23<>""), UPPER( LEFT(TRIM(LEFT($G23,IFERROR(FIND(";",$G23)-1,999))),1)& IFERROR( MID(TRIM(LEFT($G23,IFERROR(FIND(";",$G23)-1,999))), FIND(" ",TRIM(LEFT($G23,IFERROR(FIND(";",$G23)-1,999))))+1,1), MID(TRIM(LEFT($G23,IFERROR(FIND(";",$G23)-1,999))),2,1) ) )&"-"&TEXT($C23,"yyyy-mm-dd"), "") | B23: LIJ ORs - Cybernet + GCX Arm Deployment (Day 2 of 2) | C23: 46082 | D23: 0.33333333 | E23: 0.75 | F23: Local | G23: Alejandro Perales; Chris Cummings; Patricia Marrero; Delroy Harris; Valentyn Nykoliuk | H23: Rich Perez; Tim Seeberger | I23: LIJ Main - Annex Area | J23: Busy | K23: 15 | L23: Complete remaining deployments and validation, with focus on annex devices (target: 3) plus final hospital-wide sweep and closeout. | M23: 1) 08:00 kickoff + review Day 1 exceptions 2) Confirm PA creds/access 3) Deploy/validate annex devices (3 target) 4) Re-validate any Day 1 follow-ups 5) Final sweep + reconcile tracker 6) Consolidate disposal/returns 7) Handoff notes + closeout | N23: Annex access confirmed, remaining kits staged, exception list from Day 1, tracker current, packing materials for returns/disposal. | O23: 08:00 kickoff; 08:15 review exceptions; 09:00 annex deployments; 12:30 checkpoint; 15:30 reconcile + sweep; 17:30 handoff notes; 18:00 wrap. | P23: Close loops, don’t create new ones. Keep annex vs procedural records separate. Tracker stays current. | Q23: Annex deployments complete/validated (3 target); all exceptions owned; tracker reconciled; final closeout notes delivered. | R23: =IF($L23<>"","Purpose "&CHAR(10)&$L23&CHAR(10)&CHAR(10),"")& IF($M23<>"","Stops (in order) "&CHAR(10)&$M23&CHAR(10)&CHAR(10),"")& IF($N23<>"","To-Do (hard requirements) "&CHAR(10)&$N23&CHAR(10)&CHAR(10),"")& IF($O23<>"","Suggested Timeline "&CHAR(10)&$O23&CHAR(10)&CHAR(10),"")& IF($P23<>"","Guardrails "&CHAR(10)&$P23&CHAR(10)&CHAR(10),"")& IF($Q23<>"","Completion signals "&CHAR(10)&$Q23,"") | V23: =IF($B23="","",IF(_xludf.TEXTJOIN(" | ",TRUE,IF($B23="","Missing Title",""),IF($C23="","Missing Date",""),IF($D23="","Missing Start",""),IF($E23="","Missing End",""),IF($G23="","Missing Required Attendees",""),IF($T23="","Missing Status",""),IF(AND($D23<>"",$E23<>"",$D23>=$E23),"Start>=End",""),IF(OR($R23="",LEN($R23)<60,ISNUMBER(MATCH(TRIM($R23),StatusList,0))),"Body overwritten/short",""))="","OK",_xludf.TEXTJOIN(" | ",TRUE,IF($B23="","Missing Title",""),IF($C23="","Missing Date",""),IF($D23="","Missing Start",""),IF($E23="","Missing End",""),IF($G23="","Missing Required Attendees",""),IF($T23="","Missing Status",""),IF(AND($D23<>"",$E23<>"",$D23>=$E23),"Start>=End",""),IF(OR($R23="",LEN($R23)<60,ISNUMBER(MATCH(TRIM($R23),StatusList,0))),"Body overwritten/short",""))))
A24: =IF(AND($B24<>"",$C24<>"",$D24<>"",$E24<>"",$G24<>""), UPPER( LEFT(TRIM(LEFT($G24,IFERROR(FIND(";",$G24)-1,999))),1)& IFERROR( MID(TRIM(LEFT($G24,IFERROR(FIND(";",$G24)-1,999))), FIND(" ",TRIM(LEFT($G24,IFERROR(FIND(";",$G24)-1,999))))+1,1), MID(TRIM(LEFT($G24,IFERROR(FIND(";",$G24)-1,999))),2,1) ) )&"-"&TEXT($C24,"yyyy-mm-dd"), "") | B24: LIJ SDF - Neuron Capsule Variable Testing | C24: 46083 | D24: 0.4375 | E24: 0.625 | F24: Local | G24: Neuron Capsules; LIJ SDF Tech | H24: Jay Hernandez; Rich Perez | I24: LIJ SDF - Satellite Dialysis Facility | J24: Busy | K24: 15 | L24: Test variables on neuron capsules at LIJ SDF. Tech arrives early for setup; testing starts 11:00; capture results + next actions before wrap. | M24: 1) 10:30 arrival + setup/check-in 2) 11:00 start testing per test plan 3) Log results/observations as you go 4) Midpoint checkpoint + adjust 5) Wrap-up: summarize findings + next steps 6) Clean handoff and secure equipment | N24: Capsules + peripherals, test plan, logging template, access confirmed, any required credentials, spare cables/batteries. | O24: 10:30 setup; 11:00 testing start; 12:30 checkpoint; 14:30 consolidate notes; 15:00 wrap. | P24: No ad-hoc changes without logging. Keep a clear chain of custody for devices. Escalate any safety/clinical access issues immediately. | Q24: Tested planned variables; results logged; follow-ups assigned; equipment accounted for. | R24: =IF($L24<>"","Purpose "&CHAR(10)&$L24&CHAR(10)&CHAR(10),"")& IF($M24<>"","Stops (in order) "&CHAR(10)&$M24&CHAR(10)&CHAR(10),"")& IF($N24<>"","To-Do (hard requirements) "&CHAR(10)&$N24&CHAR(10)&CHAR(10),"")& IF($O24<>"","Suggested Timeline "&CHAR(10)&$O24&CHAR(10)&CHAR(10),"")& IF($P24<>"","Guardrails "&CHAR(10)&$P24&CHAR(10)&CHAR(10),"")& IF($Q24<>"","Completion signals "&CHAR(10)&$Q24,"") | V24: =IF($B24="","",IF(_xludf.TEXTJOIN(" | ",TRUE,IF($B24="","Missing Title",""),IF($C24="","Missing Date",""),IF($D24="","Missing Start",""),IF($E24="","Missing End",""),IF($G24="","Missing Required Attendees",""),IF($T24="","Missing Status",""),IF(AND($D24<>"",$E24<>"",$D24>=$E24),"Start>=End",""),IF(OR($R24="",LEN($R24)<60,ISNUMBER(MATCH(TRIM($R24),StatusList,0))),"Body overwritten/short",""))="","OK",_xludf.TEXTJOIN(" | ",TRUE,IF($B24="","Missing Title",""),IF($C24="","Missing Date",""),IF($D24="","Missing Start",""),IF($E24="","Missing End",""),IF($G24="","Missing Required Attendees",""),IF($T24="","Missing Status",""),IF(AND($D24<>"",$E24<>"",$D24>=$E24),"Start>=End",""),IF(OR($R24="",LEN($R24)<60,ISNUMBER(MATCH(TRIM($R24),StatusList,0))),"Body overwritten/short",""))))
A25: =IF(AND($B25<>"",$C25<>"",$D25<>"",$E25<>"",$G25<>""), UPPER( LEFT(TRIM(LEFT($G25,IFERROR(FIND(";",$G25)-1,999))),1)& IFERROR( MID(TRIM(LEFT($G25,IFERROR(FIND(";",$G25)-1,999))), FIND(" ",TRIM(LEFT($G25,IFERROR(FIND(";",$G25)-1,999))))+1,1), MID(TRIM(LEFT($G25,IFERROR(FIND(";",$G25)-1,999))),2,1) ) )&"-"&TEXT($C25,"yyyy-mm-dd"), "") | B25: LIJ - iPhones Team Coverage (Patricia Marrero onsite) | C25: 46077 | D25: 0.33333333 | E25: 0.70833333 | F25: Local | G25: Patricia Marrero | H25: Nicholas Valentin (remote); Jay Hernandez | I25: LIJ | J25: Busy | K25: 15 | L25: Coverage for Jay Hernandez at LIJ. Nicholas Valentin provides remote support today as needed. | M25: 1) AM check-in with Jay/Hospital stakeholders 2) Cover tickets/issues 3) Document handoffs 4) EOD status update | N25: Access/credentials, ticket queue access, contact list, escalation path. | O25: 08:00 check-in; 12:00 midpoint status; 16:30 handoff notes; 17:00 wrap. | P25: Escalate blockers early; keep notes crisp; ensure handoff continuity. | Q25: Coverage provided; issues progressed/resolved; handoff notes posted. | R25: =IF($L25<>"","Purpose "&CHAR(10)&$L25&CHAR(10)&CHAR(10),"")& IF($M25<>"","Stops (in order) "&CHAR(10)&$M25&CHAR(10)&CHAR(10),"")& IF($N25<>"","To-Do (hard requirements) "&CHAR(10)&$N25&CHAR(10)&CHAR(10),"")& IF($O25<>"","Suggested Timeline "&CHAR(10)&$O25&CHAR(10)&CHAR(10),"")& IF($P25<>"","Guardrails "&CHAR(10)&$P25&CHAR(10)&CHAR(10),"")& IF($Q25<>"","Completion signals "&CHAR(10)&$Q25,"") | V25: =IF($B25="","",IF(_xludf.TEXTJOIN(" | ",TRUE,IF($B25="","Missing Title",""),IF($C25="","Missing Date",""),IF($D25="","Missing Start",""),IF($E25="","Missing End",""),IF($G25="","Missing Required Attendees",""),IF($T25="","Missing Status",""),IF(AND($D25<>"",$E25<>"",$D25>=$E25),"Start>=End",""),IF(OR($R25="",LEN($R25)<60,ISNUMBER(MATCH(TRIM($R25),StatusList,0))),"Body overwritten/short",""))="","OK",_xludf.TEXTJOIN(" | ",TRUE,IF($B25="","Missing Title",""),IF($C25="","Missing Date",""),IF($D25="","Missing Start",""),IF($E25="","Missing End",""),IF($G25="","Missing Required Attendees",""),IF($T25="","Missing Status",""),IF(AND($D25<>"",$E25<>"",$D25>=$E25),"Start>=End",""),IF(OR($R25="",LEN($R25)<60,ISNUMBER(MATCH(TRIM($R25),StatusList,0))),"Body overwritten/short",""))))
A26: =IF(AND($B26<>"",$C26<>"",$D26<>"",$E26<>"",$G26<>""), UPPER( LEFT(TRIM(LEFT($G26,IFERROR(FIND(";",$G26)-1,999))),1)& IFERROR( MID(TRIM(LEFT($G26,IFERROR(FIND(";",$G26)-1,999))), FIND(" ",TRIM(LEFT($G26,IFERROR(FIND(";",$G26)-1,999))))+1,1), MID(TRIM(LEFT($G26,IFERROR(FIND(";",$G26)-1,999))),2,1) ) )&"-"&TEXT($C26,"yyyy-mm-dd"), "") | B26: LIJ - iPhones Team Coverage (Cyen Heyliger onsite) | C26: 46078 | D26: 0.33333333 | E26: 0.70833333 | F26: Local | G26: Cyen Heyliger | H26: Jay Hernandez | I26: LIJ | J26: Busy | K26: 15 | L26: Coverage for Jay Hernandez at LIJ. | M26: 1) AM check-in 2) Cover tickets/issues 3) Document handoffs 4) EOD status update | N26: Access/credentials, ticket queue access, contact list. | O26: 08:00 check-in; 12:00 midpoint status; 16:30 handoff notes; 17:00 wrap. | P26: Keep handoffs tight; escalate blockers early. | Q26: Coverage provided; handoff notes posted. | R26: =IF($L26<>"","Purpose "&CHAR(10)&$L26&CHAR(10)&CHAR(10),"")& IF($M26<>"","Stops (in order) "&CHAR(10)&$M26&CHAR(10)&CHAR(10),"")& IF($N26<>"","To-Do (hard requirements) "&CHAR(10)&$N26&CHAR(10)&CHAR(10),"")& IF($O26<>"","Suggested Timeline "&CHAR(10)&$O26&CHAR(10)&CHAR(10),"")& IF($P26<>"","Guardrails "&CHAR(10)&$P26&CHAR(10)&CHAR(10),"")& IF($Q26<>"","Completion signals "&CHAR(10)&$Q26,"") | V26: =IF($B26="","",IF(_xludf.TEXTJOIN(" | ",TRUE,IF($B26="","Missing Title",""),IF($C26="","Missing Date",""),IF($D26="","Missing Start",""),IF($E26="","Missing End",""),IF($G26="","Missing Required Attendees",""),IF($T26="","Missing Status",""),IF(AND($D26<>"",$E26<>"",$D26>=$E26),"Start>=End",""),IF(OR($R26="",LEN($R26)<60,ISNUMBER(MATCH(TRIM($R26),StatusList,0))),"Body overwritten/short",""))="","OK",_xludf.TEXTJOIN(" | ",TRUE,IF($B26="","Missing Title",""),IF($C26="","Missing Date",""),IF($D26="","Missing Start",""),IF($E26="","Missing End",""),IF($G26="","Missing Required Attendees",""),IF($T26="","Missing Status",""),IF(AND($D26<>"",$E26<>"",$D26>=$E26),"Start>=End",""),IF(OR($R26="",LEN($R26)<60,ISNUMBER(MATCH(TRIM($R26),StatusList,0))),"Body overwritten/short",""))))
A27: =IF(AND($B27<>"",$C27<>"",$D27<>"",$E27<>"",$G27<>""), UPPER( LEFT(TRIM(LEFT($G27,IFERROR(FIND(";",$G27)-1,999))),1)& IFERROR( MID(TRIM(LEFT($G27,IFERROR(FIND(";",$G27)-1,999))), FIND(" ",TRIM(LEFT($G27,IFERROR(FIND(";",$G27)-1,999))))+1,1), MID(TRIM(LEFT($G27,IFERROR(FIND(";",$G27)-1,999))),2,1) ) )&"-"&TEXT($C27,"yyyy-mm-dd"), "") | B27: LIJ - iPhones Team Coverage (Patricia Marrero onsite) | C27: 46079 | D27: 0.33333333 | E27: 0.70833333 | F27: Local | G27: Patricia Marrero | H27: Jay Hernandez | I27: LIJ | J27: Busy | K27: 15 | L27: Coverage for Jay Hernandez at LIJ. | M27: 1) AM check-in 2) Cover tickets/issues 3) Document handoffs 4) EOD status update | N27: Access/credentials, ticket queue access, contact list. | O27: 08:00 check-in; 12:00 midpoint status; 16:30 handoff notes; 17:00 wrap. | P27: Keep handoffs tight; escalate blockers early. | Q27: Coverage provided; handoff notes posted. | R27: =IF($L27<>"","Purpose "&CHAR(10)&$L27&CHAR(10)&CHAR(10),"")& IF($M27<>"","Stops (in order) "&CHAR(10)&$M27&CHAR(10)&CHAR(10),"")& IF($N27<>"","To-Do (hard requirements) "&CHAR(10)&$N27&CHAR(10)&CHAR(10),"")& IF($O27<>"","Suggested Timeline "&CHAR(10)&$O27&CHAR(10)&CHAR(10),"")& IF($P27<>"","Guardrails "&CHAR(10)&$P27&CHAR(10)&CHAR(10),"")& IF($Q27<>"","Completion signals "&CHAR(10)&$Q27,"") | V27: =IF($B27="","",IF(_xludf.TEXTJOIN(" | ",TRUE,IF($B27="","Missing Title",""),IF($C27="","Missing Date",""),IF($D27="","Missing Start",""),IF($E27="","Missing End",""),IF($G27="","Missing Required Attendees",""),IF($T27="","Missing Status",""),IF(AND($D27<>"",$E27<>"",$D27>=$E27),"Start>=End",""),IF(OR($R27="",LEN($R27)<60,ISNUMBER(MATCH(TRIM($R27),StatusList,0))),"Body overwritten/short",""))="","OK",_xludf.TEXTJOIN(" | ",TRUE,IF($B27="","Missing Title",""),IF($C27="","Missing Date",""),IF($D27="","Missing Start",""),IF($E27="","Missing End",""),IF($G27="","Missing Required Attendees",""),IF($T27="","Missing Status",""),IF(AND($D27<>"",$E27<>"",$D27>=$E27),"Start>=End",""),IF(OR($R27="",LEN($R27)<60,ISNUMBER(MATCH(TRIM($R27),StatusList,0))),"Body overwritten/short",""))))
A28: =IF(AND($B28<>"",$C28<>"",$D28<>"",$E28<>"",$G28<>""), UPPER( LEFT(TRIM(LEFT($G28,IFERROR(FIND(";",$G28)-1,999))),1)& IFERROR( MID(TRIM(LEFT($G28,IFERROR(FIND(";",$G28)-1,999))), FIND(" ",TRIM(LEFT($G28,IFERROR(FIND(";",$G28)-1,999))))+1,1), MID(TRIM(LEFT($G28,IFERROR(FIND(";",$G28)-1,999))),2,1) ) )&"-"&TEXT($C28,"yyyy-mm-dd"), "") | B28: LIJ - iPhones Team Coverage (Cyen Heyliger onsite) | C28: 46080 | D28: 0.33333333 | E28: 0.70833333 | F28: Local | G28: Cyen Heyliger | H28: Jay Hernandez | I28: LIJ | J28: Busy | K28: 15 | L28: Coverage for Jay Hernandez at LIJ. | M28: 1) AM check-in 2) Cover tickets/issues 3) Document handoffs 4) EOD status update | N28: Access/credentials, ticket queue access, contact list. | O28: 08:00 check-in; 12:00 midpoint status; 16:30 handoff notes; 17:00 wrap. | P28: Keep handoffs tight; escalate blockers early. | Q28: Coverage provided; handoff notes posted. | R28: =IF($L28<>"","Purpose "&CHAR(10)&$L28&CHAR(10)&CHAR(10),"")& IF($M28<>"","Stops (in order) "&CHAR(10)&$M28&CHAR(10)&CHAR(10),"")& IF($N28<>"","To-Do (hard requirements) "&CHAR(10)&$N28&CHAR(10)&CHAR(10),"")& IF($O28<>"","Suggested Timeline "&CHAR(10)&$O28&CHAR(10)&CHAR(10),"")& IF($P28<>"","Guardrails "&CHAR(10)&$P28&CHAR(10)&CHAR(10),"")& IF($Q28<>"","Completion signals "&CHAR(10)&$Q28,"") | V28: =IF($B28="","",IF(_xludf.TEXTJOIN(" | ",TRUE,IF($B28="","Missing Title",""),IF($C28="","Missing Date",""),IF($D28="","Missing Start",""),IF($E28="","Missing End",""),IF($G28="","Missing Required Attendees",""),IF($T28="","Missing Status",""),IF(AND($D28<>"",$E28<>"",$D28>=$E28),"Start>=End",""),IF(OR($R28="",LEN($R28)<60,ISNUMBER(MATCH(TRIM($R28),StatusList,0))),"Body overwritten/short",""))="","OK",_xludf.TEXTJOIN(" | ",TRUE,IF($B28="","Missing Title",""),IF($C28="","Missing Date",""),IF($D28="","Missing Start",""),IF($E28="","Missing End",""),IF($G28="","Missing Required Attendees",""),IF($T28="","Missing Status",""),IF(AND($D28<>"",$E28<>"",$D28>=$E28),"Start>=End",""),IF(OR($R28="",LEN($R28)<60,ISNUMBER(MATCH(TRIM($R28),StatusList,0))),"Body overwritten/short",""))))
A29: =IF(AND($B29<>"",$C29<>"",$D29<>"",$E29<>"",$G29<>""), UPPER( LEFT(TRIM(LEFT($G29,IFERROR(FIND(";",$G29)-1,999))),1)& IFERROR( MID(TRIM(LEFT($G29,IFERROR(FIND(";",$G29)-1,999))), FIND(" ",TRIM(LEFT($G29,IFERROR(FIND(";",$G29)-1,999))))+1,1), MID(TRIM(LEFT($G29,IFERROR(FIND(";",$G29)-1,999))),2,1) ) )&"-"&TEXT($C29,"yyyy-mm-dd"), "") | R29: =IF($L29<>"","Purpose "&CHAR(10)&$L29&CHAR(10)&CHAR(10),"")& IF($M29<>"","Stops (in order) "&CHAR(10)&$M29&CHAR(10)&CHAR(10),"")& IF($N29<>"","To-Do (hard requirements) "&CHAR(10)&$N29&CHAR(10)&CHAR(10),"")& IF($O29<>"","Suggested Timeline "&CHAR(10)&$O29&CHAR(10)&CHAR(10),"")& IF($P29<>"","Guardrails "&CHAR(10)&$P29&CHAR(10)&CHAR(10),"")& IF($Q29<>"","Completion signals "&CHAR(10)&$Q29,"") | V29: =IF($B29="","",IF(_xludf.TEXTJOIN(" | ",TRUE,IF($B29="","Missing Title",""),IF($C29="","Missing Date",""),IF($D29="","Missing Start",""),IF($E29="","Missing End",""),IF($G29="","Missing Required Attendees",""),IF($T29="","Missing Status",""),IF(AND($D29<>"",$E29<>"",$D29>=$E29),"Start>=End",""),IF(OR($R29="",LEN($R29)<60,ISNUMBER(MATCH(TRIM($R29),StatusList,0))),"Body overwritten/short",""))="","OK",_xludf.TEXTJOIN(" | ",TRUE,IF($B29="","Missing Title",""),IF($C29="","Missing Date",""),IF($D29="","Missing Start",""),IF($E29="","Missing End",""),IF($G29="","Missing Required Attendees",""),IF($T29="","Missing Status",""),IF(AND($D29<>"",$E29<>"",$D29>=$E29),"Start>=End",""),IF(OR($R29="",LEN($R29)<60,ISNUMBER(MATCH(TRIM($R29),StatusList,0))),"Body overwritten/short",""))))
A30: =IF(AND($B30<>"",$C30<>"",$D30<>"",$E30<>"",$G30<>""), UPPER( LEFT(TRIM(LEFT($G30,IFERROR(FIND(";",$G30)-1,999))),1)& IFERROR( MID(TRIM(LEFT($G30,IFERROR(FIND(";",$G30)-1,999))), FIND(" ",TRIM(LEFT($G30,IFERROR(FIND(";",$G30)-1,999))))+1,1), MID(TRIM(LEFT($G30,IFERROR(FIND(";",$G30)-1,999))),2,1) ) )&"-"&TEXT($C30,"yyyy-mm-dd"), "") | R30: =IF($L30<>"","Purpose "&CHAR(10)&$L30&CHAR(10)&CHAR(10),"")& IF($M30<>"","Stops (in order) "&CHAR(10)&$M30&CHAR(10)&CHAR(10),"")& IF($N30<>"","To-Do (hard requirements) "&CHAR(10)&$N30&CHAR(10)&CHAR(10),"")& IF($O30<>"","Suggested Timeline "&CHAR(10)&$O30&CHAR(10)&CHAR(10),"")& IF($P30<>"","Guardrails "&CHAR(10)&$P30&CHAR(10)&CHAR(10),"")& IF($Q30<>"","Completion signals "&CHAR(10)&$Q30,"") | V30: =IF($B30="","",IF(_xludf.TEXTJOIN(" | ",TRUE,IF($B30="","Missing Title",""),IF($C30="","Missing Date",""),IF($D30="","Missing Start",""),IF($E30="","Missing End",""),IF($G30="","Missing Required Attendees",""),IF($T30="","Missing Status",""),IF(AND($D30<>"",$E30<>"",$D30>=$E30),"Start>=End",""),IF(OR($R30="",LEN($R30)<60,ISNUMBER(MATCH(TRIM($R30),StatusList,0))),"Body overwritten/short",""))="","OK",_xludf.TEXTJOIN(" | ",TRUE,IF($B30="","Missing Title",""),IF($C30="","Missing Date",""),IF($D30="","Missing Start",""),IF($E30="","Missing End",""),IF($G30="","Missing Required Attendees",""),IF($T30="","Missing Status",""),IF(AND($D30<>"",$E30<>"",$D30>=$E30),"Start>=End",""),IF(OR($R30="",LEN($R30)<60,ISNUMBER(MATCH(TRIM($R30),StatusList,0))),"Body overwritten/short",""))))
A31: =IF(AND($B31<>"",$C31<>"",$D31<>"",$E31<>"",$G31<>""), UPPER( LEFT(TRIM(LEFT($G31,IFERROR(FIND(";",$G31)-1,999))),1)& IFERROR( MID(TRIM(LEFT($G31,IFERROR(FIND(";",$G31)-1,999))), FIND(" ",TRIM(LEFT($G31,IFERROR(FIND(";",$G31)-1,999))))+1,1), MID(TRIM(LEFT($G31,IFERROR(FIND(";",$G31)-1,999))),2,1) ) )&"-"&TEXT($C31,"yyyy-mm-dd"), "") | R31: =IF($L31<>"","Purpose "&CHAR(10)&$L31&CHAR(10)&CHAR(10),"")& IF($M31<>"","Stops (in order) "&CHAR(10)&$M31&CHAR(10)&CHAR(10),"")& IF($N31<>"","To-Do (hard requirements) "&CHAR(10)&$N31&CHAR(10)&CHAR(10),"")& IF($O31<>"","Suggested Timeline "&CHAR(10)&$O31&CHAR(10)&CHAR(10),"")& IF($P31<>"","Guardrails "&CHAR(10)&$P31&CHAR(10)&CHAR(10),"")& IF($Q31<>"","Completion signals "&CHAR(10)&$Q31,"") | V31: =IF($B31="","",IF(_xludf.TEXTJOIN(" | ",TRUE,IF($B31="","Missing Title",""),IF($C31="","Missing Date",""),IF($D31="","Missing Start",""),IF($E31="","Missing End",""),IF($G31="","Missing Required Attendees",""),IF($T31="","Missing Status",""),IF(AND($D31<>"",$E31<>"",$D31>=$E31),"Start>=End",""),IF(OR($R31="",LEN($R31)<60,ISNUMBER(MATCH(TRIM($R31),StatusList,0))),"Body overwritten/short",""))="","OK",_xludf.TEXTJOIN(" | ",TRUE,IF($B31="","Missing Title",""),IF($C31="","Missing Date",""),IF($D31="","Missing Start",""),IF($E31="","Missing End",""),IF($G31="","Missing Required Attendees",""),IF($T31="","Missing Status",""),IF(AND($D31<>"",$E31<>"",$D31>=$E31),"Start>=End",""),IF(OR($R31="",LEN($R31)<60,ISNUMBER(MATCH(TRIM($R31),StatusList,0))),"Body overwritten/short",""))))
A32: =IF(AND($B32<>"",$C32<>"",$D32<>"",$E32<>"",$G32<>""), UPPER( LEFT(TRIM(LEFT($G32,IFERROR(FIND(";",$G32)-1,999))),1)& IFERROR( MID(TRIM(LEFT($G32,IFERROR(FIND(";",$G32)-1,999))), FIND(" ",TRIM(LEFT($G32,IFERROR(FIND(";",$G32)-1,999))))+1,1), MID(TRIM(LEFT($G32,IFERROR(FIND(";",$G32)-1,999))),2,1) ) )&"-"&TEXT($C32,"yyyy-mm-dd"), "") | R32: =IF($L32<>"","Purpose "&CHAR(10)&$L32&CHAR(10)&CHAR(10),"")& IF($M32<>"","Stops (in order) "&CHAR(10)&$M32&CHAR(10)&CHAR(10),"")& IF($N32<>"","To-Do (hard requirements) "&CHAR(10)&$N32&CHAR(10)&CHAR(10),"")& IF($O32<>"","Suggested Timeline "&CHAR(10)&$O32&CHAR(10)&CHAR(10),"")& IF($P32<>"","Guardrails "&CHAR(10)&$P32&CHAR(10)&CHAR(10),"")& IF($Q32<>"","Completion signals "&CHAR(10)&$Q32,"") | V32: =IF($B32="","",IF(_xludf.TEXTJOIN(" | ",TRUE,IF($B32="","Missing Title",""),IF($C32="","Missing Date",""),IF($D32="","Missing Start",""),IF($E32="","Missing End",""),IF($G32="","Missing Required Attendees",""),IF($T32="","Missing Status",""),IF(AND($D32<>"",$E32<>"",$D32>=$E32),"Start>=End",""),IF(OR($R32="",LEN($R32)<60,ISNUMBER(MATCH(TRIM($R32),StatusList,0))),"Body overwritten/short",""))="","OK",_xludf.TEXTJOIN(" | ",TRUE,IF($B32="","Missing Title",""),IF($C32="","Missing Date",""),IF($D32="","Missing Start",""),IF($E32="","Missing End",""),IF($G32="","Missing Required Attendees",""),IF($T32="","Missing Status",""),IF(AND($D32<>"",$E32<>"",$D32>=$E32),"Start>=End",""),IF(OR($R32="",LEN($R32)<60,ISNUMBER(MATCH(TRIM($R32),StatusList,0))),"Body overwritten/short",""))))
A33: =IF(AND($B33<>"",$C33<>"",$D33<>"",$E33<>"",$G33<>""), UPPER( LEFT(TRIM(LEFT($G33,IFERROR(FIND(";",$G33)-1,999))),1)& IFERROR( MID(TRIM(LEFT($G33,IFERROR(FIND(";",$G33)-1,999))), FIND(" ",TRIM(LEFT($G33,IFERROR(FIND(";",$G33)-1,999))))+1,1), MID(TRIM(LEFT($G33,IFERROR(FIND(";",$G33)-1,999))),2,1) ) )&"-"&TEXT($C33,"yyyy-mm-dd"), "") | R33: =IF($L33<>"","Purpose "&CHAR(10)&$L33&CHAR(10)&CHAR(10),"")& IF($M33<>"","Stops (in order) "&CHAR(10)&$M33&CHAR(10)&CHAR(10),"")& IF($N33<>"","To-Do (hard requirements) "&CHAR(10)&$N33&CHAR(10)&CHAR(10),"")& IF($O33<>"","Suggested Timeline "&CHAR(10)&$O33&CHAR(10)&CHAR(10),"")& IF($P33<>"","Guardrails "&CHAR(10)&$P33&CHAR(10)&CHAR(10),"")& IF($Q33<>"","Completion signals "&CHAR(10)&$Q33,"") | V33: =IF($B33="","",IF(_xludf.TEXTJOIN(" | ",TRUE,IF($B33="","Missing Title",""),IF($C33="","Missing Date",""),IF($D33="","Missing Start",""),IF($E33="","Missing End",""),IF($G33="","Missing Required Attendees",""),IF($T33="","Missing Status",""),IF(AND($D33<>"",$E33<>"",$D33>=$E33),"Start>=End",""),IF(OR($R33="",LEN($R33)<60,ISNUMBER(MATCH(TRIM($R33),StatusList,0))),"Body overwritten/short",""))="","OK",_xludf.TEXTJOIN(" | ",TRUE,IF($B33="","Missing Title",""),IF($C33="","Missing Date",""),IF($D33="","Missing Start",""),IF($E33="","Missing End",""),IF($G33="","Missing Required Attendees",""),IF($T33="","Missing Status",""),IF(AND($D33<>"",$E33<>"",$D33>=$E33),"Start>=End",""),IF(OR($R33="",LEN($R33)<60,ISNUMBER(MATCH(TRIM($R33),StatusList,0))),"Body overwritten/short",""))))
A34: =IF(AND($B34<>"",$C34<>"",$D34<>"",$E34<>"",$G34<>""), UPPER( LEFT(TRIM(LEFT($G34,IFERROR(FIND(";",$G34)-1,999))),1)& IFERROR( MID(TRIM(LEFT($G34,IFERROR(FIND(";",$G34)-1,999))), FIND(" ",TRIM(LEFT($G34,IFERROR(FIND(";",$G34)-1,999))))+1,1), MID(TRIM(LEFT($G34,IFERROR(FIND(";",$G34)-1,999))),2,1) ) )&"-"&TEXT($C34,"yyyy-mm-dd"), "") | R34: =IF($L34<>"","Purpose "&CHAR(10)&$L34&CHAR(10)&CHAR(10),"")& IF($M34<>"","Stops (in order) "&CHAR(10)&$M34&CHAR(10)&CHAR(10),"")& IF($N34<>"","To-Do (hard requirements) "&CHAR(10)&$N34&CHAR(10)&CHAR(10),"")& IF($O34<>"","Suggested Timeline "&CHAR(10)&$O34&CHAR(10)&CHAR(10),"")& IF($P34<>"","Guardrails "&CHAR(10)&$P34&CHAR(10)&CHAR(10),"")& IF($Q34<>"","Completion signals "&CHAR(10)&$Q34,"") | V34: =IF($B34="","",IF(_xludf.TEXTJOIN(" | ",TRUE,IF($B34="","Missing Title",""),IF($C34="","Missing Date",""),IF($D34="","Missing Start",""),IF($E34="","Missing End",""),IF($G34="","Missing Required Attendees",""),IF($T34="","Missing Status",""),IF(AND($D34<>"",$E34<>"",$D34>=$E34),"Start>=End",""),IF(OR($R34="",LEN($R34)<60,ISNUMBER(MATCH(TRIM($R34),StatusList,0))),"Body overwritten/short",""))="","OK",_xludf.TEXTJOIN(" | ",TRUE,IF($B34="","Missing Title",""),IF($C34="","Missing Date",""),IF($D34="","Missing Start",""),IF($E34="","Missing End",""),IF($G34="","Missing Required Attendees",""),IF($T34="","Missing Status",""),IF(AND($D34<>"",$E34<>"",$D34>=$E34),"Start>=End",""),IF(OR($R34="",LEN($R34)<60,ISNUMBER(MATCH(TRIM($R34),StatusList,0))),"Body overwritten/short",""))))
A35: =IF(AND($B35<>"",$C35<>"",$D35<>"",$E35<>"",$G35<>""), UPPER( LEFT(TRIM(LEFT($G35,IFERROR(FIND(";",$G35)-1,999))),1)& IFERROR( MID(TRIM(LEFT($G35,IFERROR(FIND(";",$G35)-1,999))), FIND(" ",TRIM(LEFT($G35,IFERROR(FIND(";",$G35)-1,999))))+1,1), MID(TRIM(LEFT($G35,IFERROR(FIND(";",$G35)-1,999))),2,1) ) )&"-"&TEXT($C35,"yyyy-mm-dd"), "") | R35: =IF($L35<>"","Purpose "&CHAR(10)&$L35&CHAR(10)&CHAR(10),"")& IF($M35<>"","Stops (in order) "&CHAR(10)&$M35&CHAR(10)&CHAR(10),"")& IF($N35<>"","To-Do (hard requirements) "&CHAR(10)&$N35&CHAR(10)&CHAR(10),"")& IF($O35<>"","Suggested Timeline "&CHAR(10)&$O35&CHAR(10)&CHAR(10),"")& IF($P35<>"","Guardrails "&CHAR(10)&$P35&CHAR(10)&CHAR(10),"")& IF($Q35<>"","Completion signals "&CHAR(10)&$Q35,"") | V35: =IF($B35="","",IF(_xludf.TEXTJOIN(" | ",TRUE,IF($B35="","Missing Title",""),IF($C35="","Missing Date",""),IF($D35="","Missing Start",""),IF($E35="","Missing End",""),IF($G35="","Missing Required Attendees",""),IF($T35="","Missing Status",""),IF(AND($D35<>"",$E35<>"",$D35>=$E35),"Start>=End",""),IF(OR($R35="",LEN($R35)<60,ISNUMBER(MATCH(TRIM($R35),StatusList,0))),"Body overwritten/short",""))="","OK",_xludf.TEXTJOIN(" | ",TRUE,IF($B35="","Missing Title",""),IF($C35="","Missing Date",""),IF($D35="","Missing Start",""),IF($E35="","Missing End",""),IF($G35="","Missing Required Attendees",""),IF($T35="","Missing Status",""),IF(AND($D35<>"",$E35<>"",$D35>=$E35),"Start>=End",""),IF(OR($R35="",LEN($R35)<60,ISNUMBER(MATCH(TRIM($R35),StatusList,0))),"Body overwritten/short",""))))
A36: =IF(AND($B36<>"",$C36<>"",$D36<>"",$E36<>"",$G36<>""), UPPER( LEFT(TRIM(LEFT($G36,IFERROR(FIND(";",$G36)-1,999))),1)& IFERROR( MID(TRIM(LEFT($G36,IFERROR(FIND(";",$G36)-1,999))), FIND(" ",TRIM(LEFT($G36,IFERROR(FIND(";",$G36)-1,999))))+1,1), MID(TRIM(LEFT($G36,IFERROR(FIND(";",$G36)-1,999))),2,1) ) )&"-"&TEXT($C36,"yyyy-mm-dd"), "") | R36: =IF($L36<>"","Purpose "&CHAR(10)&$L36&CHAR(10)&CHAR(10),"")& IF($M36<>"","Stops (in order) "&CHAR(10)&$M36&CHAR(10)&CHAR(10),"")& IF($N36<>"","To-Do (hard requirements) "&CHAR(10)&$N36&CHAR(10)&CHAR(10),"")& IF($O36<>"","Suggested Timeline "&CHAR(10)&$O36&CHAR(10)&CHAR(10),"")& IF($P36<>"","Guardrails "&CHAR(10)&$P36&CHAR(10)&CHAR(10),"")& IF($Q36<>"","Completion signals "&CHAR(10)&$Q36,"") | V36: =IF($B36="","",IF(_xludf.TEXTJOIN(" | ",TRUE,IF($B36="","Missing Title",""),IF($C36="","Missing Date",""),IF($D36="","Missing Start",""),IF($E36="","Missing End",""),IF($G36="","Missing Required Attendees",""),IF($T36="","Missing Status",""),IF(AND($D36<>"",$E36<>"",$D36>=$E36),"Start>=End",""),IF(OR($R36="",LEN($R36)<60,ISNUMBER(MATCH(TRIM($R36),StatusList,0))),"Body overwritten/short",""))="","OK",_xludf.TEXTJOIN(" | ",TRUE,IF($B36="","Missing Title",""),IF($C36="","Missing Date",""),IF($D36="","Missing Start",""),IF($E36="","Missing End",""),IF($G36="","Missing Required Attendees",""),IF($T36="","Missing Status",""),IF(AND($D36<>"",$E36<>"",$D36>=$E36),"Start>=End",""),IF(OR($R36="",LEN($R36)<60,ISNUMBER(MATCH(TRIM($R36),StatusList,0))),"Body overwritten/short",""))))
A37: =IF(AND($B37<>"",$C37<>"",$D37<>"",$E37<>"",$G37<>""), UPPER( LEFT(TRIM(LEFT($G37,IFERROR(FIND(";",$G37)-1,999))),1)& IFERROR( MID(TRIM(LEFT($G37,IFERROR(FIND(";",$G37)-1,999))), FIND(" ",TRIM(LEFT($G37,IFERROR(FIND(";",$G37)-1,999))))+1,1), MID(TRIM(LEFT($G37,IFERROR(FIND(";",$G37)-1,999))),2,1) ) )&"-"&TEXT($C37,"yyyy-mm-dd"), "") | R37: =IF($L37<>"","Purpose "&CHAR(10)&$L37&CHAR(10)&CHAR(10),"")& IF($M37<>"","Stops (in order) "&CHAR(10)&$M37&CHAR(10)&CHAR(10),"")& IF($N37<>"","To-Do (hard requirements) "&CHAR(10)&$N37&CHAR(10)&CHAR(10),"")& IF($O37<>"","Suggested Timeline "&CHAR(10)&$O37&CHAR(10)&CHAR(10),"")& IF($P37<>"","Guardrails "&CHAR(10)&$P37&CHAR(10)&CHAR(10),"")& IF($Q37<>"","Completion signals "&CHAR(10)&$Q37,"") | V37: =IF($B37="","",IF(_xludf.TEXTJOIN(" | ",TRUE,IF($B37="","Missing Title",""),IF($C37="","Missing Date",""),IF($D37="","Missing Start",""),IF($E37="","Missing End",""),IF($G37="","Missing Required Attendees",""),IF($T37="","Missing Status",""),IF(AND($D37<>"",$E37<>"",$D37>=$E37),"Start>=End",""),IF(OR($R37="",LEN($R37)<60,ISNUMBER(MATCH(TRIM($R37),StatusList,0))),"Body overwritten/short",""))="","OK",_xludf.TEXTJOIN(" | ",TRUE,IF($B37="","Missing Title",""),IF($C37="","Missing Date",""),IF($D37="","Missing Start",""),IF($E37="","Missing End",""),IF($G37="","Missing Required Attendees",""),IF($T37="","Missing Status",""),IF(AND($D37<>"",$E37<>"",$D37>=$E37),"Start>=End",""),IF(OR($R37="",LEN($R37)<60,ISNUMBER(MATCH(TRIM($R37),StatusList,0))),"Body overwritten/short",""))))
A38: =IF(AND($B38<>"",$C38<>"",$D38<>"",$E38<>"",$G38<>""), UPPER( LEFT(TRIM(LEFT($G38,IFERROR(FIND(";",$G38)-1,999))),1)& IFERROR( MID(TRIM(LEFT($G38,IFERROR(FIND(";",$G38)-1,999))), FIND(" ",TRIM(LEFT($G38,IFERROR(FIND(";",$G38)-1,999))))+1,1), MID(TRIM(LEFT($G38,IFERROR(FIND(";",$G38)-1,999))),2,1) ) )&"-"&TEXT($C38,"yyyy-mm-dd"), "") | R38: =IF($L38<>"","Purpose "&CHAR(10)&$L38&CHAR(10)&CHAR(10),"")& IF($M38<>"","Stops (in order) "&CHAR(10)&$M38&CHAR(10)&CHAR(10),"")& IF($N38<>"","To-Do (hard requirements) "&CHAR(10)&$N38&CHAR(10)&CHAR(10),"")& IF($O38<>"","Suggested Timeline "&CHAR(10)&$O38&CHAR(10)&CHAR(10),"")& IF($P38<>"","Guardrails "&CHAR(10)&$P38&CHAR(10)&CHAR(10),"")& IF($Q38<>"","Completion signals "&CHAR(10)&$Q38,"") | V38: =IF($B38="","",IF(_xludf.TEXTJOIN(" | ",TRUE,IF($B38="","Missing Title",""),IF($C38="","Missing Date",""),IF($D38="","Missing Start",""),IF($E38="","Missing End",""),IF($G38="","Missing Required Attendees",""),IF($T38="","Missing Status",""),IF(AND($D38<>"",$E38<>"",$D38>=$E38),"Start>=End",""),IF(OR($R38="",LEN($R38)<60,ISNUMBER(MATCH(TRIM($R38),StatusList,0))),"Body overwritten/short",""))="","OK",_xludf.TEXTJOIN(" | ",TRUE,IF($B38="","Missing Title",""),IF($C38="","Missing Date",""),IF($D38="","Missing Start",""),IF($E38="","Missing End",""),IF($G38="","Missing Required Attendees",""),IF($T38="","Missing Status",""),IF(AND($D38<>"",$E38<>"",$D38>=$E38),"Start>=End",""),IF(OR($R38="",LEN($R38)<60,ISNUMBER(MATCH(TRIM($R38),StatusList,0))),"Body overwritten/short",""))))
A39: =IF(AND($B39<>"",$C39<>"",$D39<>"",$E39<>"",$G39<>""), UPPER( LEFT(TRIM(LEFT($G39,IFERROR(FIND(";",$G39)-1,999))),1)& IFERROR( MID(TRIM(LEFT($G39,IFERROR(FIND(";",$G39)-1,999))), FIND(" ",TRIM(LEFT($G39,IFERROR(FIND(";",$G39)-1,999))))+1,1), MID(TRIM(LEFT($G39,IFERROR(FIND(";",$G39)-1,999))),2,1) ) )&"-"&TEXT($C39,"yyyy-mm-dd"), "") | R39: =IF($L39<>"","Purpose "&CHAR(10)&$L39&CHAR(10)&CHAR(10),"")& IF($M39<>"","Stops (in order) "&CHAR(10)&$M39&CHAR(10)&CHAR(10),"")& IF($N39<>"","To-Do (hard requirements) "&CHAR(10)&$N39&CHAR(10)&CHAR(10),"")& IF($O39<>"","Suggested Timeline "&CHAR(10)&$O39&CHAR(10)&CHAR(10),"")& IF($P39<>"","Guardrails "&CHAR(10)&$P39&CHAR(10)&CHAR(10),"")& IF($Q39<>"","Completion signals "&CHAR(10)&$Q39,"") | V39: =IF($B39="","",IF(_xludf.TEXTJOIN(" | ",TRUE,IF($B39="","Missing Title",""),IF($C39="","Missing Date",""),IF($D39="","Missing Start",""),IF($E39="","Missing End",""),IF($G39="","Missing Required Attendees",""),IF($T39="","Missing Status",""),IF(AND($D39<>"",$E39<>"",$D39>=$E39),"Start>=End",""),IF(OR($R39="",LEN($R39)<60,ISNUMBER(MATCH(TRIM($R39),StatusList,0))),"Body overwritten/short",""))="","OK",_xludf.TEXTJOIN(" | ",TRUE,IF($B39="","Missing Title",""),IF($C39="","Missing Date",""),IF($D39="","Missing Start",""),IF($E39="","Missing End",""),IF($G39="","Missing Required Attendees",""),IF($T39="","Missing Status",""),IF(AND($D39<>"",$E39<>"",$D39>=$E39),"Start>=End",""),IF(OR($R39="",LEN($R39)<60,ISNUMBER(MATCH(TRIM($R39),StatusList,0))),"Body overwritten/short",""))))
A40: =IF(AND($B40<>"",$C40<>"",$D40<>"",$E40<>"",$G40<>""), UPPER( LEFT(TRIM(LEFT($G40,IFERROR(FIND(";",$G40)-1,999))),1)& IFERROR( MID(TRIM(LEFT($G40,IFERROR(FIND(";",$G40)-1,999))), FIND(" ",TRIM(LEFT($G40,IFERROR(FIND(";",$G40)-1,999))))+1,1), MID(TRIM(LEFT($G40,IFERROR(FIND(";",$G40)-1,999))),2,1) ) )&"-"&TEXT($C40,"yyyy-mm-dd"), "") | R40: =IF($L40<>"","Purpose "&CHAR(10)&$L40&CHAR(10)&CHAR(10),"")& IF($M40<>"","Stops (in order) "&CHAR(10)&$M40&CHAR(10)&CHAR(10),"")& IF($N40<>"","To-Do (hard requirements) "&CHAR(10)&$N40&CHAR(10)&CHAR(10),"")& IF($O40<>"","Suggested Timeline "&CHAR(10)&$O40&CHAR(10)&CHAR(10),"")& IF($P40<>"","Guardrails "&CHAR(10)&$P40&CHAR(10)&CHAR(10),"")& IF($Q40<>"","Completion signals "&CHAR(10)&$Q40,"") | V40: =IF($B40="","",IF(_xludf.TEXTJOIN(" | ",TRUE,IF($B40="","Missing Title",""),IF($C40="","Missing Date",""),IF($D40="","Missing Start",""),IF($E40="","Missing End",""),IF($G40="","Missing Required Attendees",""),IF($T40="","Missing Status",""),IF(AND($D40<>"",$E40<>"",$D40>=$E40),"Start>=End",""),IF(OR($R40="",LEN($R40)<60,ISNUMBER(MATCH(TRIM($R40),StatusList,0))),"Body overwritten/short",""))="","OK",_xludf.TEXTJOIN(" | ",TRUE,IF($B40="","Missing Title",""),IF($C40="","Missing Date",""),IF($D40="","Missing Start",""),IF($E40="","Missing End",""),IF($G40="","Missing Required Attendees",""),IF($T40="","Missing Status",""),IF(AND($D40<>"",$E40<>"",$D40>=$E40),"Start>=End",""),IF(OR($R40="",LEN($R40)<60,ISNUMBER(MATCH(TRIM($R40),StatusList,0))),"Body overwritten/short",""))))
... A150: =IF(AND($B150<>"",$C150<>"",$D150<>"",$E150<>"",$G150<>""), UPPER( LEFT(TRIM(LEFT($G150,IFERROR(FIND(";",$G150)-1,999))),1)& IFERROR( MID(TRIM(LEFT($G150,IFERROR(FIND(";",$G150)-1,999))), FIND(" ",TRIM(LEFT($G150,IFERROR(FIND(";",$G150)-1,999))))+1,1), MID(TRIM(LEFT($G150,IFERROR(FIND(";",$G150)-1,999))),2,1) ) )&"-"&TEXT($C150,"yyyy-mm-dd"), "") | R150: =IF($L150<>"","Purpose "&CHAR(10)&$L150&CHAR(10)&CHAR(10),"")& IF($M150<>"","Stops (in order) "&CHAR(10)&$M150&CHAR(10)&CHAR(10),"")& IF($N150<>"","To-Do (hard requirements) "&CHAR(10)&$N150&CHAR(10)&CHAR(10),"")& IF($O150<>"","Suggested Timeline "&CHAR(10)&$O150&CHAR(10)&CHAR(10),"")& IF($P150<>"","Guardrails "&CHAR(10)&$P150&CHAR(10)&CHAR(10),"")& IF($Q150<>"","Completion signals "&CHAR(10)&$Q150,"") | V150: =IF($B150="","",IF(_xludf.TEXTJOIN(" | ",TRUE,IF($B150="","Missing Title",""),IF($C150="","Missing Date",""),IF($D150="","Missing Start",""),IF($E150="","Missing End",""),IF($G150="","Missing Required Attendees",""),IF($T150="","Missing Status",""),IF(AND($D150<>"",$E150<>"",$D150>=$E150),"Start>=End",""),IF(OR($R150="",LEN($R150)<60,ISNUMBER(MATCH(TRIM($R150),StatusList,0))),"Body overwritten/short",""))="","OK",_xludf.TEXTJOIN(" | ",TRUE,IF($B150="","Missing Title",""),IF($C150="","Missing Date",""),IF($D150="","Missing Start",""),IF($E150="","Missing End",""),IF($G150="","Missing Required Attendees",""),IF($T150="","Missing Status",""),IF(AND($D150<>"",$E150<>"",$D150>=$E150),"Start>=End",""),IF(OR($R150="",LEN($R150)<60,ISNUMBER(MATCH(TRIM($R150),StatusList,0))),"Body overwritten/short",""))))
R151: =IF($L151<>"","Purpose "&CHAR(10)&$L151&CHAR(10)&CHAR(10),"")& IF($M151<>"","Stops (in order) "&CHAR(10)&$M151&CHAR(10)&CHAR(10),"")& IF($N151<>"","To-Do (hard requirements) "&CHAR(10)&$N151&CHAR(10)&CHAR(10),"")& IF($O151<>"","Suggested Timeline "&CHAR(10)&$O151&CHAR(10)&CHAR(10),"")& IF($P151<>"","Guardrails "&CHAR(10)&$P151&CHAR(10)&CHAR(10),"")& IF($Q151<>"","Completion signals "&CHAR(10)&$Q151,"") | V151: =IF($B151="","",IF(_xludf.TEXTJOIN(" | ",TRUE,IF($B151="","Missing Title",""),IF($C151="","Missing Date",""),IF($D151="","Missing Start",""),IF($E151="","Missing End",""),IF($G151="","Missing Required Attendees",""),IF($T151="","Missing Status",""),IF(AND($D151<>"",$E151<>"",$D151>=$E151),"Start>=End",""),IF(OR($R151="",LEN($R151)<60,ISNUMBER(MATCH(TRIM($R151),StatusList,0))),"Body overwritten/short",""))="","OK",_xludf.TEXTJOIN(" | ",TRUE,IF($B151="","Missing Title",""),IF($C151="","Missing Date",""),IF($D151="","Missing Start",""),IF($E151="","Missing End",""),IF($G151="","Missing Required Attendees",""),IF($T151="","Missing Status",""),IF(AND($D151<>"",$E151<>"",$D151>=$E151),"Start>=End",""),IF(OR($R151="",LEN($R151)<60,ISNUMBER(MATCH(TRIM($R151),StatusList,0))),"Body overwritten/short",""))))
R152: =IF($L152<>"","Purpose "&CHAR(10)&$L152&CHAR(10)&CHAR(10),"")& IF($M152<>"","Stops (in order) "&CHAR(10)&$M152&CHAR(10)&CHAR(10),"")& IF($N152<>"","To-Do (hard requirements) "&CHAR(10)&$N152&CHAR(10)&CHAR(10),"")& IF($O152<>"","Suggested Timeline "&CHAR(10)&$O152&CHAR(10)&CHAR(10),"")& IF($P152<>"","Guardrails "&CHAR(10)&$P152&CHAR(10)&CHAR(10),"")& IF($Q152<>"","Completion signals "&CHAR(10)&$Q152,"") | V152: =IF($B152="","",IF(_xludf.TEXTJOIN(" | ",TRUE,IF($B152="","Missing Title",""),IF($C152="","Missing Date",""),IF($D152="","Missing Start",""),IF($E152="","Missing End",""),IF($G152="","Missing Required Attendees",""),IF($T152="","Missing Status",""),IF(AND($D152<>"",$E152<>"",$D152>=$E152),"Start>=End",""),IF(OR($R152="",LEN($R152)<60,ISNUMBER(MATCH(TRIM($R152),StatusList,0))),"Body overwritten/short",""))="","OK",_xludf.TEXTJOIN(" | ",TRUE,IF($B152="","Missing Title",""),IF($C152="","Missing Date",""),IF($D152="","Missing Start",""),IF($E152="","Missing End",""),IF($G152="","Missing Required Attendees",""),IF($T152="","Missing Status",""),IF(AND($D152<>"",$E152<>"",$D152>=$E152),"Start>=End",""),IF(OR($R152="",LEN($R152)<60,ISNUMBER(MATCH(TRIM($R152),StatusList,0))),"Body overwritten/short",""))))
R153: =IF($L153<>"","Purpose "&CHAR(10)&$L153&CHAR(10)&CHAR(10),"")& IF($M153<>"","Stops (in order) "&CHAR(10)&$M153&CHAR(10)&CHAR(10),"")& IF($N153<>"","To-Do (hard requirements) "&CHAR(10)&$N153&CHAR(10)&CHAR(10),"")& IF($O153<>"","Suggested Timeline "&CHAR(10)&$O153&CHAR(10)&CHAR(10),"")& IF($P153<>"","Guardrails "&CHAR(10)&$P153&CHAR(10)&CHAR(10),"")& IF($Q153<>"","Completion signals "&CHAR(10)&$Q153,"") | V153: =IF($B153="","",IF(_xludf.TEXTJOIN(" | ",TRUE,IF($B153="","Missing Title",""),IF($C153="","Missing Date",""),IF($D153="","Missing Start",""),IF($E153="","Missing End",""),IF($G153="","Missing Required Attendees",""),IF($T153="","Missing Status",""),IF(AND($D153<>"",$E153<>"",$D153>=$E153),"Start>=End",""),IF(OR($R153="",LEN($R153)<60,ISNUMBER(MATCH(TRIM($R153),StatusList,0))),"Body overwritten/short",""))="","OK",_xludf.TEXTJOIN(" | ",TRUE,IF($B153="","Missing Title",""),IF($C153="","Missing Date",""),IF($D153="","Missing Start",""),IF($E153="","Missing End",""),IF($G153="","Missing Required Attendees",""),IF($T153="","Missing Status",""),IF(AND($D153<>"",$E153<>"",$D153>=$E153),"Start>=End",""),IF(OR($R153="",LEN($R153)<60,ISNUMBER(MATCH(TRIM($R153),StatusList,0))),"Body overwritten/short",""))))
R154: =IF($L154<>"","Purpose "&CHAR(10)&$L154&CHAR(10)&CHAR(10),"")& IF($M154<>"","Stops (in order) "&CHAR(10)&$M154&CHAR(10)&CHAR(10),"")& IF($N154<>"","To-Do (hard requirements) "&CHAR(10)&$N154&CHAR(10)&CHAR(10),"")& IF($O154<>"","Suggested Timeline "&CHAR(10)&$O154&CHAR(10)&CHAR(10),"")& IF($P154<>"","Guardrails "&CHAR(10)&$P154&CHAR(10)&CHAR(10),"")& IF($Q154<>"","Completion signals "&CHAR(10)&$Q154,"") | V154: =IF($B154="","",IF(_xludf.TEXTJOIN(" | ",TRUE,IF($B154="","Missing Title",""),IF($C154="","Missing Date",""),IF($D154="","Missing Start",""),IF($E154="","Missing End",""),IF($G154="","Missing Required Attendees",""),IF($T154="","Missing Status",""),IF(AND($D154<>"",$E154<>"",$D154>=$E154),"Start>=End",""),IF(OR($R154="",LEN($R154)<60,ISNUMBER(MATCH(TRIM($R154),StatusList,0))),"Body overwritten/short",""))="","OK",_xludf.TEXTJOIN(" | ",TRUE,IF($B154="","Missing Title",""),IF($C154="","Missing Date",""),IF($D154="","Missing Start",""),IF($E154="","Missing End",""),IF($G154="","Missing Required Attendees",""),IF($T154="","Missing Status",""),IF(AND($D154<>"",$E154<>"",$D154>=$E154),"Start>=End",""),IF(OR($R154="",LEN($R154)<60,ISNUMBER(MATCH(TRIM($R154),StatusList,0))),"Body overwritten/short",""))))
R155: =IF($L155<>"","Purpose "&CHAR(10)&$L155&CHAR(10)&CHAR(10),"")& IF($M155<>"","Stops (in order) "&CHAR(10)&$M155&CHAR(10)&CHAR(10),"")& IF($N155<>"","To-Do (hard requirements) "&CHAR(10)&$N155&CHAR(10)&CHAR(10),"")& IF($O155<>"","Suggested Timeline "&CHAR(10)&$O155&CHAR(10)&CHAR(10),"")& IF($P155<>"","Guardrails "&CHAR(10)&$P155&CHAR(10)&CHAR(10),"")& IF($Q155<>"","Completion signals "&CHAR(10)&$Q155,"") | V155: =IF($B155="","",IF(_xludf.TEXTJOIN(" | ",TRUE,IF($B155="","Missing Title",""),IF($C155="","Missing Date",""),IF($D155="","Missing Start",""),IF($E155="","Missing End",""),IF($G155="","Missing Required Attendees",""),IF($T155="","Missing Status",""),IF(AND($D155<>"",$E155<>"",$D155>=$E155),"Start>=End",""),IF(OR($R155="",LEN($R155)<60,ISNUMBER(MATCH(TRIM($R155),StatusList,0))),"Body overwritten/short",""))="","OK",_xludf.TEXTJOIN(" | ",TRUE,IF($B155="","Missing Title",""),IF($C155="","Missing Date",""),IF($D155="","Missing Start",""),IF($E155="","Missing End",""),IF($G155="","Missing Required Attendees",""),IF($T155="","Missing Status",""),IF(AND($D155<>"",$E155<>"",$D155>=$E155),"Start>=End",""),IF(OR($R155="",LEN($R155)<60,ISNUMBER(MATCH(TRIM($R155),StatusList,0))),"Body overwritten/short",""))))
R156: =IF($L156<>"","Purpose "&CHAR(10)&$L156&CHAR(10)&CHAR(10),"")& IF($M156<>"","Stops (in order) "&CHAR(10)&$M156&CHAR(10)&CHAR(10),"")& IF($N156<>"","To-Do (hard requirements) "&CHAR(10)&$N156&CHAR(10)&CHAR(10),"")& IF($O156<>"","Suggested Timeline "&CHAR(10)&$O156&CHAR(10)&CHAR(10),"")& IF($P156<>"","Guardrails "&CHAR(10)&$P156&CHAR(10)&CHAR(10),"")& IF($Q156<>"","Completion signals "&CHAR(10)&$Q156,"") | V156: =IF($B156="","",IF(_xludf.TEXTJOIN(" | ",TRUE,IF($B156="","Missing Title",""),IF($C156="","Missing Date",""),IF($D156="","Missing Start",""),IF($E156="","Missing End",""),IF($G156="","Missing Required Attendees",""),IF($T156="","Missing Status",""),IF(AND($D156<>"",$E156<>"",$D156>=$E156),"Start>=End",""),IF(OR($R156="",LEN($R156)<60,ISNUMBER(MATCH(TRIM($R156),StatusList,0))),"Body overwritten/short",""))="","OK",_xludf.TEXTJOIN(" | ",TRUE,IF($B156="","Missing Title",""),IF($C156="","Missing Date",""),IF($D156="","Missing Start",""),IF($E156="","Missing End",""),IF($G156="","Missing Required Attendees",""),IF($T156="","Missing Status",""),IF(AND($D156<>"",$E156<>"",$D156>=$E156),"Start>=End",""),IF(OR($R156="",LEN($R156)<60,ISNUMBER(MATCH(TRIM($R156),StatusList,0))),"Body overwritten/short",""))))
R157: =IF($L157<>"","Purpose "&CHAR(10)&$L157&CHAR(10)&CHAR(10),"")& IF($M157<>"","Stops (in order) "&CHAR(10)&$M157&CHAR(10)&CHAR(10),"")& IF($N157<>"","To-Do (hard requirements) "&CHAR(10)&$N157&CHAR(10)&CHAR(10),"")& IF($O157<>"","Suggested Timeline "&CHAR(10)&$O157&CHAR(10)&CHAR(10),"")& IF($P157<>"","Guardrails "&CHAR(10)&$P157&CHAR(10)&CHAR(10),"")& IF($Q157<>"","Completion signals "&CHAR(10)&$Q157,"") | V157: =IF($B157="","",IF(_xludf.TEXTJOIN(" | ",TRUE,IF($B157="","Missing Title",""),IF($C157="","Missing Date",""),IF($D157="","Missing Start",""),IF($E157="","Missing End",""),IF($G157="","Missing Required Attendees",""),IF($T157="","Missing Status",""),IF(AND($D157<>"",$E157<>"",$D157>=$E157),"Start>=End",""),IF(OR($R157="",LEN($R157)<60,ISNUMBER(MATCH(TRIM($R157),StatusList,0))),"Body overwritten/short",""))="","OK",_xludf.TEXTJOIN(" | ",TRUE,IF($B157="","Missing Title",""),IF($C157="","Missing Date",""),IF($D157="","Missing Start",""),IF($E157="","Missing End",""),IF($G157="","Missing Required Attendees",""),IF($T157="","Missing Status",""),IF(AND($D157<>"",$E157<>"",$D157>=$E157),"Start>=End",""),IF(OR($R157="",LEN($R157)<60,ISNUMBER(MATCH(TRIM($R157),StatusList,0))),"Body overwritten/short",""))))
R158: =IF($L158<>"","Purpose "&CHAR(10)&$L158&CHAR(10)&CHAR(10),"")& IF($M158<>"","Stops (in order) "&CHAR(10)&$M158&CHAR(10)&CHAR(10),"")& IF($N158<>"","To-Do (hard requirements) "&CHAR(10)&$N158&CHAR(10)&CHAR(10),"")& IF($O158<>"","Suggested Timeline "&CHAR(10)&$O158&CHAR(10)&CHAR(10),"")& IF($P158<>"","Guardrails "&CHAR(10)&$P158&CHAR(10)&CHAR(10),"")& IF($Q158<>"","Completion signals "&CHAR(10)&$Q158,"") | V158: =IF($B158="","",IF(_xludf.TEXTJOIN(" | ",TRUE,IF($B158="","Missing Title",""),IF($C158="","Missing Date",""),IF($D158="","Missing Start",""),IF($E158="","Missing End",""),IF($G158="","Missing Required Attendees",""),IF($T158="","Missing Status",""),IF(AND($D158<>"",$E158<>"",$D158>=$E158),"Start>=End",""),IF(OR($R158="",LEN($R158)<60,ISNUMBER(MATCH(TRIM($R158),StatusList,0))),"Body overwritten/short",""))="","OK",_xludf.TEXTJOIN(" | ",TRUE,IF($B158="","Missing Title",""),IF($C158="","Missing Date",""),IF($D158="","Missing Start",""),IF($E158="","Missing End",""),IF($G158="","Missing Required Attendees",""),IF($T158="","Missing Status",""),IF(AND($D158<>"",$E158<>"",$D158>=$E158),"Start>=End",""),IF(OR($R158="",LEN($R158)<60,ISNUMBER(MATCH(TRIM($R158),StatusList,0))),"Body overwritten/short",""))))
R159: =IF($L159<>"","Purpose "&CHAR(10)&$L159&CHAR(10)&CHAR(10),"")& IF($M159<>"","Stops (in order) "&CHAR(10)&$M159&CHAR(10)&CHAR(10),"")& IF($N159<>"","To-Do (hard requirements) "&CHAR(10)&$N159&CHAR(10)&CHAR(10),"")& IF($O159<>"","Suggested Timeline "&CHAR(10)&$O159&CHAR(10)&CHAR(10),"")& IF($P159<>"","Guardrails "&CHAR(10)&$P159&CHAR(10)&CHAR(10),"")& IF($Q159<>"","Completion signals "&CHAR(10)&$Q159,"") | V159: =IF($B159="","",IF(_xludf.TEXTJOIN(" | ",TRUE,IF($B159="","Missing Title",""),IF($C159="","Missing Date",""),IF($D159="","Missing Start",""),IF($E159="","Missing End",""),IF($G159="","Missing Required Attendees",""),IF($T159="","Missing Status",""),IF(AND($D159<>"",$E159<>"",$D159>=$E159),"Start>=End",""),IF(OR($R159="",LEN($R159)<60,ISNUMBER(MATCH(TRIM($R159),StatusList,0))),"Body overwritten/short",""))="","OK",_xludf.TEXTJOIN(" | ",TRUE,IF($B159="","Missing Title",""),IF($C159="","Missing Date",""),IF($D159="","Missing Start",""),IF($E159="","Missing End",""),IF($G159="","Missing Required Attendees",""),IF($T159="","Missing Status",""),IF(AND($D159<>"",$E159<>"",$D159>=$E159),"Start>=End",""),IF(OR($R159="",LEN($R159)<60,ISNUMBER(MATCH(TRIM($R159),StatusList,0))),"Body overwritten/short",""))))
R160: =IF($L160<>"","Purpose "&CHAR(10)&$L160&CHAR(10)&CHAR(10),"")& IF($M160<>"","Stops (in order) "&CHAR(10)&$M160&CHAR(10)&CHAR(10),"")& IF($N160<>"","To-Do (hard requirements) "&CHAR(10)&$N160&CHAR(10)&CHAR(10),"")& IF($O160<>"","Suggested Timeline "&CHAR(10)&$O160&CHAR(10)&CHAR(10),"")& IF($P160<>"","Guardrails "&CHAR(10)&$P160&CHAR(10)&CHAR(10),"")& IF($Q160<>"","Completion signals "&CHAR(10)&$Q160,"") | V160: =IF($B160="","",IF(_xludf.TEXTJOIN(" | ",TRUE,IF($B160="","Missing Title",""),IF($C160="","Missing Date",""),IF($D160="","Missing Start",""),IF($E160="","Missing End",""),IF($G160="","Missing Required Attendees",""),IF($T160="","Missing Status",""),IF(AND($D160<>"",$E160<>"",$D160>=$E160),"Start>=End",""),IF(OR($R160="",LEN($R160)<60,ISNUMBER(MATCH(TRIM($R160),StatusList,0))),"Body overwritten/short",""))="","OK",_xludf.TEXTJOIN(" | ",TRUE,IF($B160="","Missing Title",""),IF($C160="","Missing Date",""),IF($D160="","Missing Start",""),IF($E160="","Missing End",""),IF($G160="","Missing Required Attendees",""),IF($T160="","Missing Status",""),IF(AND($D160<>"",$E160<>"",$D160>=$E160),"Start>=End",""),IF(OR($R160="",LEN($R160)<60,ISNUMBER(MATCH(TRIM($R160),StatusList,0))),"Body overwritten/short",""))))
R161: =IF($L161<>"","Purpose "&CHAR(10)&$L161&CHAR(10)&CHAR(10),"")& IF($M161<>"","Stops (in order) "&CHAR(10)&$M161&CHAR(10)&CHAR(10),"")& IF($N161<>"","To-Do (hard requirements) "&CHAR(10)&$N161&CHAR(10)&CHAR(10),"")& IF($O161<>"","Suggested Timeline "&CHAR(10)&$O161&CHAR(10)&CHAR(10),"")& IF($P161<>"","Guardrails "&CHAR(10)&$P161&CHAR(10)&CHAR(10),"")& IF($Q161<>"","Completion signals "&CHAR(10)&$Q161,"") | V161: =IF($B161="","",IF(_xludf.TEXTJOIN(" | ",TRUE,IF($B161="","Missing Title",""),IF($C161="","Missing Date",""),IF($D161="","Missing Start",""),IF($E161="","Missing End",""),IF($G161="","Missing Required Attendees",""),IF($T161="","Missing Status",""),IF(AND($D161<>"",$E161<>"",$D161>=$E161),"Start>=End",""),IF(OR($R161="",LEN($R161)<60,ISNUMBER(MATCH(TRIM($R161),StatusList,0))),"Body overwritten/short",""))="","OK",_xludf.TEXTJOIN(" | ",TRUE,IF($B161="","Missing Title",""),IF($C161="","Missing Date",""),IF($D161="","Missing Start",""),IF($E161="","Missing End",""),IF($G161="","Missing Required Attendees",""),IF($T161="","Missing Status",""),IF(AND($D161<>"",$E161<>"",$D161>=$E161),"Start>=End",""),IF(OR($R161="",LEN($R161)<60,ISNUMBER(MATCH(TRIM($R161),StatusList,0))),"Body overwritten/short",""))))
R162: =IF($L162<>"","Purpose "&CHAR(10)&$L162&CHAR(10)&CHAR(10),"")& IF($M162<>"","Stops (in order) "&CHAR(10)&$M162&CHAR(10)&CHAR(10),"")& IF($N162<>"","To-Do (hard requirements) "&CHAR(10)&$N162&CHAR(10)&CHAR(10),"")& IF($O162<>"","Suggested Timeline "&CHAR(10)&$O162&CHAR(10)&CHAR(10),"")& IF($P162<>"","Guardrails "&CHAR(10)&$P162&CHAR(10)&CHAR(10),"")& IF($Q162<>"","Completion signals "&CHAR(10)&$Q162,"") | V162: =IF($B162="","",IF(_xludf.TEXTJOIN(" | ",TRUE,IF($B162="","Missing Title",""),IF($C162="","Missing Date",""),IF($D162="","Missing Start",""),IF($E162="","Missing End",""),IF($G162="","Missing Required Attendees",""),IF($T162="","Missing Status",""),IF(AND($D162<>"",$E162<>"",$D162>=$E162),"Start>=End",""),IF(OR($R162="",LEN($R162)<60,ISNUMBER(MATCH(TRIM($R162),StatusList,0))),"Body overwritten/short",""))="","OK",_xludf.TEXTJOIN(" | ",TRUE,IF($B162="","Missing Title",""),IF($C162="","Missing Date",""),IF($D162="","Missing Start",""),IF($E162="","Missing End",""),IF($G162="","Missing Required Attendees",""),IF($T162="","Missing Status",""),IF(AND($D162<>"",$E162<>"",$D162>=$E162),"Start>=End",""),IF(OR($R162="",LEN($R162)<60,ISNUMBER(MATCH(TRIM($R162),StatusList,0))),"Body overwritten/short",""))))
... R500: =IF($L500<>"","Purpose "&CHAR(10)&$L500&CHAR(10)&CHAR(10),"")& IF($M500<>"","Stops (in order) "&CHAR(10)&$M500&CHAR(10)&CHAR(10),"")& IF($N500<>"","To-Do (hard requirements) "&CHAR(10)&$N500&CHAR(10)&CHAR(10),"")& IF($O500<>"","Suggested Timeline "&CHAR(10)&$O500&CHAR(10)&CHAR(10),"")& IF($P500<>"","Guardrails "&CHAR(10)&$P500&CHAR(10)&CHAR(10),"")& IF($Q500<>"","Completion signals "&CHAR(10)&$Q500,"") | V500: =IF($B500="","",IF(_xludf.TEXTJOIN(" | ",TRUE,IF($B500="","Missing Title",""),IF($C500="","Missing Date",""),IF($D500="","Missing Start",""),IF($E500="","Missing End",""),IF($G500="","Missing Required Attendees",""),IF($T500="","Missing Status",""),IF(AND($D500<>"",$E500<>"",$D500>=$E500),"Start>=End",""),IF(OR($R500="",LEN($R500)<60,ISNUMBER(MATCH(TRIM($R500),StatusList,0))),"Body overwritten/short",""))="","OK",_xludf.TEXTJOIN(" | ",TRUE,IF($B500="","Missing Title",""),IF($C500="","Missing Date",""),IF($D500="","Missing Start",""),IF($E500="","Missing End",""),IF($G500="","Missing Required Attendees",""),IF($T500="","Missing Status",""),IF(AND($D500<>"",$E500<>"",$D500>=$E500),"Start>=End",""),IF(OR($R500="",LEN($R500)<60,ISNUMBER(MATCH(TRIM($R500),StatusList,0))),"Body overwritten/short",""))))
R501: end

Sheet Correspondence Ledger
A1: # | B1: Workstream / Thread | C1: Subject | D1: Purpose | E1: Status | F1: Waiting on | G1: Next move
A2: 1 | B2: Glen Cove W2 MIB Cards / DS8178 Programming + Epic Validation | C2: RE: Glen Cove Hsp W2 MIB Cards PO 7025040707 - Monday, 1/26 and Tuesday, 1/27 Installation | D2: Thank Akbar, validate his one-pager, quietly add your expanded companion guide, set an update loop | E2: SENT (per your note) | F2: Any corrections/updates to Akbar’s 1-pager | G2: If no response but field issues appear, reply with the specific symptom + point to the relevant section of your companion guide
A3: 2 | B3: REQ1282033 — SIUH Anesthesia Carts / Serial Cables (SPEC999015) | C3: REQ1282033 (SIUH) — Serial cable requirement + procurement next steps (SPEC999015) | D3: Lock: swap vs addition, final qty (2 vs 4), procurement owner, ship-to, needed-by | E3: DRAFTED | F3: Tim/Steve/Mohamed/Akbar confirmation | G3: Send. Then track: qty, quote owner, requisition owner, ETA, delivery confirmation
A4: 3 | B4: Epic Beans Device Type Test — CDW Tech Onsite (SDF) | C4: Epic Beans Device Type Test (SDF) — Confirm readiness, roles, and pass/fail plan for Mon 1/26 12:00–2:30 | D4: Convert invite into an executable test plan: pass/fail owner + rollback owner | E4: DRAFTED | F4: Epic point person + rollback owner confirmation | G4: Send. Then add a one-line “go/no-go” confirmation request morning-of
A5: 4 | B5: LIJ Cybernet — 80 units (scope mapping) | C5: LIJ Cybernet (80) — Facility mapping + wave counts needed to stage correctly (due 02/06) | D5: Force “LIJ” into facility mapping + qty per wave + neuron scope clarity | E5: DRAFTED | F5: Tim confirmation on LIJ mapping + wave quantities | G5: Send. Then update your tracker with mapping IDs (LIJMC-NHP vs LIJ-VS vs LIJ-FH etc.)

Sheet unwired teams invite tab
A1: Event ID | B1: MV-2026-01-11
A2: Title | B2: =IFERROR(VLOOKUP($L$4,'Invite Builder'!$A:$U,2,FALSE),"")
A3: Date | B3: =IFERROR(VLOOKUP($L$4,'Invite Builder'!$A:$U,3,FALSE),"")
A4: Time | B4: =IFERROR(VLOOKUP($L$4,'Invite Builder'!$A:$U,4,FALSE),"")&" – "&IFERROR(VLOOKUP($L$4,'Invite Builder'!$A:$U,5,FALSE),"")&" "&IFERROR(VLOOKUP($L$4,'Invite Builder'!$A:$U,6,FALSE),"")
A5: Location | B5: =IFERROR(VLOOKUP($L$4,'Invite Builder'!$A:$U,9,FALSE),"")
A7: Teams Body (copy/paste) | B7: (click cell below, Ctrl+A, Ctrl+C)
A8: =IFERROR(VLOOKUP($L$4,'Invite Builder'!$A:$U,18,FALSE),"")

Sheet IP-2026-01-12
A1: Field | B1: Drop-in
A2: Title | B2: iPhone/Rover — Recurring Training Block (Starts Week of 1/12)
A3: Required attendees | B3: Emmanuel Sanchez; Ezekiel; Erik Guzman; Julio Mojica; Asher Ali; Valentyn Nykoliuk; Tanjim Khan; Shazaib Idrees; Cyen Heyliger; Connor Hoffman
A4: Optional attendees | B4: Nayelin Monegro; Rich Perez
A5: Date | B5: 46034
A6: Start / End | B6: 9:00 AM – 6:00 PM (Mon–Fri) — recurring starting 1/12
A7: Show as | B7: Busy
A8: Location | B8: Training window (no meeting link)
A9: Reminder | B9: 30 minutes
A10: Description / Body | B10: iPhone/Rover Shadow Training — Recurring Block (Starts Week of 1/12) This is a training window, not a meeting. Use this block to schedule and complete shadow sessions. No one needs to join. What this is: A recurring training window for iPhone/Rover shadowing + skill-building. Each trainee completes at least 1–2 shadow blocks to start, then continues as needed. Knowledge gaps get logged and tracked. Mentors: • Emmanuel Sanchez (Lenox Hill) • Erik Guzman (PBMC) • Ezekiel (Staten Island N&S) Trainees: • Julio Mojica • Asher Ali • Valentyn Nykoliuk • Tanjim Khan • Shazaib Idrees • Cyen Heyliger • Connor Hoffman TRAINEES — DO THIS Send your mentor: • Two time windows next week you can shadow (and more as needed) • Your main site • Any constraints (access issues, hard stop time, etc.) After each shadow block: • Update the Training Log the same day (what was covered + knowledge gaps + next topic) MENTORS — DO THIS • Tell me how many trainees you can actively support at a time • Coordinate shadow blocks with those trainees • Update the Training Log with: Trainee / Mentor / Date-Time / Site / What was covered / Knowledge gaps & blockers / Next recommended topic RULE Training Log is the source of truth. No side chats as the “real plan.”
A11: Checkpoints / Completion signals | B11: • Trainee/mentor connections made and first shadow block scheduled • Training Log updated same day after each shadow block • Knowledge gaps captured and follow-up topics assigned

Sheet Khadejah 1-8-2026
A1: Field | B1: Drop-in
A2: Title | B2: Khadejah — Inventory Counts + Locations (1 Marcus + HQ) + Pallets + Arm Attach Doc (1/8)
A3: Required attendees | B3: Khadejah Harrison
A4: Optional attendees | B4: Rich Perez ; Bonita Outlaw
A5: Date | B5: 46030
A6: Start / End | B6: 8:00 AM – 5:00 PM (adjust to your real hours)
A7: Show as | B7: Busy
A8: Location | B8: HQ + 1 Marcus (multi-stop; see agenda)
A9: Reminder | B9: 30 minutes
A10: Description / Body | B10: Objective - Establish a single reliable view of what we have and where it is (HQ + 1 Marcus), including pallet stock, so we can forecast deployment trajectory. To-Do (checklist) ☐ Start in HQ: sweep all staging zones + pallets; log COUNT + EXACT LOCATION for each item (prioritize Neurons + arms first) ☐ Tag pallets as P-001 / P-002 / … and record contents (at least Neurons + arms per pallet) ☐ Repeat the same sweep at 1 Marcus; log counts + exact locations ☐ Update Inventory Master (single source of truth): consolidate counts; mark CONFLICTs; timestamp LastCounted + CountedBy ☐ Arm→Neuron attach: capture steps (clean angles) + note any tools/hardware required ☐ Send EOD summary to Rich: HQ vs 1 Marcus totals, pallet status, shortages/blockers, runway for upcoming sites Location format (use exactly) [SITE] - [AREA] - [SUBAREA] Example: HQ - Config Desks - Under Desk Row A Guardrails - No guessing. If unsure, mark UNKNOWN/CONFLICT and note why. - Don’t move stock without updating its location in the master.
A11: Checkpoints / Completion signals | B11: Counts + locations captured for HQ and 1 Marcus (Neurons + arms minimum) Pallets tagged + recorded Inventory Master updated + timestamped Arm attach steps captured + shared EOD summary sent to Rich

Sheet Alejandro 1-8-2026
A1: Field | B1: Drop-in
A2: Title | B2: Alejandro — 3HQ Key Drop + HQ Plainview Config + PBMC Prep (1/8)
A3: Required attendees | B3: Alejandro Perales
A4: Optional attendees | B4: Ralph (3HQ) ; Khadejah Harrison ; Akbar (if he’s the config owner)
A5: Date | B5: 46030
A6: Start / End | B6: 8:00 AM – 5:00 PM (adjust to your real hours)
A7: Show as | B7: Busy
A8: Location | B8: HQ — Plainview (multi-stop details in agenda)
A9: Reminder | B9: 30 minutes
A10: Description / Body | B10: Purpose - Execute the 1/8 run: return universal key, configure devices at HQ Plainview, stage for PBMC deployment readiness, and align counts with Khadejah. Stops (in order) 1) 3HQ - Key drop with Ralph 2) HQ - Plainview - Device configuration + staging 3) PBMC - Deployment prep / readiness To-Do (hard requirements) - Contact Ralph first thing AM to coordinate key handoff (time + exact meetup spot). - Drop off universal key to Ralph at 3HQ and confirm receipt. - Head to HQ Plainview ASAP after key drop. - Configure devices at HQ (confirm which units require config vs already prepped). - Stage/pack for PBMC deployment (devices + required cables/adapters + spares). - Before deployment: sync with Khadejah on counts and reconcile any gaps. Suggested Timeline (adjust as needed) - 8:00-8:15 Call/text Ralph; lock handoff details - 8:15-9:00 3HQ key drop -> confirm receipt - 9:00-1:00 HQ Plainview: configure devices + verification checks - 1:00-2:00 Staging/packout for PBMC (labeling + inventory sanity check) - 2:00-2:15 Quick sync w/ Khadejah: counts + deployment plan - 2:15+ Travel/prepare for PBMC deployment window Guardrails (avoid scope creep) - If Tim is involved on install timing: meet at the requested time, but confirm requirements in advance. - Do not accept extra add-ons without approval - log requests and escalate. Completion signals (message back in Teams chat) - Key returned to Ralph + time - HQ config complete + device count - PBMC staging complete + any blockers - Counts aligned with Khadejah + final count
A11: Checkpoints / Completion signals | B11: Key returned to Ralph @ ____ (time) HQ config complete - ____ devices PBMC staging complete - blockers: ____ / none Counts aligned with Khadejah - final count ____

Sheet Julio 1-8-2026
A1: Field | B1: Drop-in
A2: Title | B2: Julio — Arms Transport + Spreadsheet Updates + Assist Counts (HQ / 1 Marcus) (1/8)
A3: Required attendees | B3: Julio Mojica
A4: Optional attendees | B4: Khadejah Harrison ; Rich Perez
A5: Date | B5: 46030
A6: Start / End | B6: 8:00 AM – 5:00 PM (adjust to real hours)
A7: Show as | B7: Busy
A8: Location | B8: HQ + 1 Marcus (multi-stop; see checklist)
A9: Reminder | B9: 30 minutes
A10: Description / Body | B10: Objective: Transport arms, log them in the master spreadsheet, then assist Khadejah with counts. Checklist: (1) Transport arms (2) Add arms into spreadsheet (qty + exact location) (3) Assist Khadejah with counts. Coordination: Coordinate with Julio after transport to work out counts on-site without extra driving; stop by 1 Marcus first only if it reduces back-and-forth. Completion: Arms delivered + logged; counts advanced; blockers flagged; status sent.
A11: Status | B11: Planned

Sheet Picklists
A1: ShowAs | B1: Status | C1: ReminderMinutes | D1: TimeZone
A2: Busy | B2: Planned | C2: 5 | D2: Local
A3: Free | B3: In Progress | C3: 10 | D3: America/New_York
A4: Tentative | B4: Blocked | C4: 15
A5: Out of Office | B5: Done | C5: 30
C6: 60
C7: 120

Sheet Drop-ins
A1: Audience | B1: Use | C1: Message (copy/paste) | D1: Completed
A2: Ralph | B2: AM coordination | C2: Morning Ralph - Alejandro Perales is dropping off the universal key today. What time + meetup spot at 3HQ works best? He'll confirm once it's handed off. | D2: Yes
A3: Alejandro | B3: Run order / checkpoints | C3: Today's run order: 1) Contact Ralph now, lock handoff details 2) Drop key at 3HQ + confirm receipt 3) Head to HQ Plainview ASAP 4) Configure + stage devices for PBMC 5) Sync with Khadejah on counts before deployment Ping after each checkpoint (Key / HQ config / Staging / Counts). | D3: Yes
A4: Khadejah | B4: Counts sync | C4: Quick sync today - when you have a window, send your latest counts + any gaps. Alejandro will align staging with your numbers before deployment. | D4: Yes
A5: Bonita | B5: FYI update | C5: FYI: Alejandro is returning the universal key to Ralph at 3HQ this morning, then heading to HQ Plainview for config + PBMC staging. I'll flag any blockers. | D5: Yes
