Workbook
Name ItemModel: '12.1-My Inventory List'!$D$2:$D$1048576
Name ItemType: '12.1-My Inventory List'!$A$2:$A$1048576

Sheet 00_Error_Log
A1: Log ID | B1: Logged On | C1: Version | D1: Scope | E1: Category | F1: Severity | G1: Trigger | H1: Issue | I1: Impact | J1: Fix / Next Step | K1: Owner | L1: Status | M1: Notes / Evidence
A2: 1 | B2: 2026-03-07 | C2: vNext10 official schema | D2: Deployments | E2: Duplicate CF | F2: High | G2: Schema refactor | H2: Duplicate conditional formatting stopped matching the moved identity columns. | I2: Duplicates were not reliably flagged during entry. | J2: Rebuilt duplicate CF against the official candidate schema and made it always-on. | L2: Resolved | M2: Watch fields: Cybernet/Neuron hostnames, serials, Cybernet MAC, asset tag, dialysis, anesthesia, medical device serial.
A3: 2 | B3: 2026-03-07 | C3: vNext10 official schema | D3: Workbook | E3: Error log design | F3: Medium | G3: Tracker debugging | H3: Error log was deployment-scoped instead of workbook-scoped. | I3: Tracker/process mistakes were buried inside row-level noise. | J3: Converted the sheet into a workbook debug log for schema, CF, repair, and release issues. | L3: Resolved | M3: Use this log for workbook bugs and version regressions, not deployment rows.
A4: 3 | B4: 2026-03-07 | C4: vNext10 official schema | D4: Deployments | E4: Data refresh | F4: Medium | G4: Refactored candidate + active tracker | H4: Loaded current active Deployments data into the refactored candidate schema by header name. | I4: Keeps the official schema while avoiding stale row data. | J4: Future backfill from deprecated sheets should happen in a dedicated integration pass. | L4: Resolved | M4: Copied manual fields from the active 2026-03-07 tracker; auto/formula columns stay formula-driven.

Sheet 00_CF_Dictionary
A1: Sheet | B1: Table | C1: AppliesTo | D1: RuleType | E1: Priority | F1: Formula | G1: dxfId | H1: Purpose | I1: Color/category | J1: Color Signature | K1: Color Name | L1: Cause
A5: 01_Warehouse_Ledger | C5: C8 | D5: expression | E5: 1 | F5: AND(TRIM($A8)="",OR($B8<>"",$C8<>"",$D8<>"",$E8<>"",$F8<>"",$I8<>"")) | G5: 37 | I5: FFF8CBAD | J5: fill:solid:fg(rgb=FFF4CCCC):bg(rgb=FFF4CCCC)||font:none
A6: 01_Warehouse_Ledger | C6: C8 | D6: expression | E6: 2 | F6: AND(TRIM($A8)<>"",COUNTIF($A$2:$A$2002,$A8)>1) | G6: 36 | I6: FFF8CBAD | J6: fill:solid:fg(rgb=FFFFC7CE):bg(rgb=FFFFC7CE)||font:b|color(rgb=FF9C0006)
A7: 01_Warehouse_Ledger | C7: A2:R7 A8:B8 A9:R2002 D8:R8 | D7: expression | E7: 3 | F7: AND(TRIM($A2)="",OR($B2<>"",$C2<>"",$D2<>"",$E2<>"",$I2<>"",$J2<>"")) | G7: 41 | I7: FFF8CBAD | J7: fill:solid:fg(rgb=FFFFC7CE):bg(rgb=FFFFC7CE)||font:b|color(rgb=FF9C0006)
A8: 01_Warehouse_Ledger | C8: A2:R7 A8:B8 A9:R2002 D8:R8 | D8: expression | E8: 4 | F8: AND(TRIM($A2)<>"",NOT(AND(LEFT($A2,4)="PAL-",LEN($A2)=11,ISNUMBER(--MID($A2,5,7))))) | G8: 40 | I8: FFF8CBAD | J8: fill:solid:fg(rgb=FFFFEB9C):bg(rgb=FFFFEB9C)||font:none
A9: 01_Warehouse_Ledger | C9: A2:R7 A8:B8 A9:R2002 D8:R8 | D9: expression | E9: 5 | F9: AND(TRIM($A2)<>"",COUNTIF($A$2:$A$2002,$A2)>1) | G9: 39 | I9: FFF8CBAD | J9: fill:solid:fg(rgb=FFC6EFCE):bg(rgb=FFC6EFCE)||font:b|color(rgb=FF006100)
A10: 01_Warehouse_Ledger | C10: A2:R7 A8:B8 A9:R2002 D8:R8 | D10: expression | E10: 6 | F10: AND(TRIM($A2)<>"",$C2<>"",$D2<>"",$D2<>"0",$C2<>$D2) | G10: 38 | I10: FFFFF2CC | J10: fill:solid:fg(rgb=FFFCE4D6):bg(rgb=FFFCE4D6)||font:b|color(rgb=FF9C5700)
A11: 02_Warehouse_Locations | C11: A133 | D11: expression | E11: 1 | F11: AND(TRIM($A133)="",OR($B133<>"",$C133<>"",$D133<>"",$E133<>"",$F133<>"",$I133<>"")) | G11: 35 | I11: FFF8CBAD | J11: fill:solid:fg(rgb=FFFFC7CE):bg(rgb=FFFFC7CE)||font:b|color(rgb=FF9C0006)
A12: 02_Warehouse_Locations | C12: A133 | D12: expression | E12: 2 | F12: AND(TRIM($A133)<>"",COUNTIF($A$2:$A$2002,$A133)>1) | G12: 34 | I12: FFF8CBAD | J12: fill::fg(none):bg(rgb=FFFFEB9C)||font:color(rgb=FF9C5700)
A13: 02_Warehouse_Locations | C13: A2:I132 A134:I2002 | D13: expression | E13: 3 | F13: AND(TRIM($A2)="",OR($B2<>"",$C2<>"",$D2<>"",$E2<>"",$F2<>"",$I2<>"")) | G13: 33 | I13: FFF8CBAD | J13: fill::fg(none):bg(rgb=FFC6EFCE)||font:color(rgb=FF006100)
A14: 02_Warehouse_Locations | C14: A2:I132 A134:I2002 | D14: expression | E14: 4 | F14: AND(TRIM($A2)<>"",COUNTIF($A$2:$A$2002,$A2)>1) | G14: 32 | I14: FFF8CBAD | J14: fill:solid:fg(rgb=FFC6EFCE):bg(none)||font:none
A15: 02_Warehouse_Locations | C15: B133:I133 | D15: expression | E15: 116 | F15: AND(TRIM(#REF!)="",OR($B133<>"",$C133<>"",$D133<>"",$E133<>"",$F133<>"",$I133<>"")) | G15: 31 | I15: FFF8CBAD | J15: fill:solid:fg(rgb=FFFFEB9C):bg(none)||font:none
A16: 02_Warehouse_Locations | C16: B133:I133 | D16: expression | E16: 117 | F16: AND(TRIM(#REF!)<>"",COUNTIF($A$2:$A$2002,#REF!)>1) | G16: 30 | I16: FFF8CBAD | J16: fill:solid:fg(rgb=FFC6EFCE):bg(rgb=FFC6EFCE)||font:none
... A23: 05_Scan_Lookup | C23: B3 | D23: expression | E23: 4 | F23: AND(TRIM($A3)<>"",$C3<>"",$D3<>"",$D3<>"0",$C3<>$D3) | G23: 23 | I23: FFFFF2CC | J23: fill:solid:fg(rgb=FFFFC7CE):bg(rgb=FFFFC7CE)||font:b|color(rgb=FF9C0006)
A24: ZZ_Deprecated | B24: tblDeviceConfig | C24: Deployments!$BL$2:$BL$532 | D24: expression | E24: 1 | F24: $F2="Yes" | G24: 0 | H24: Deprecated – regenerated rules appended below | I24: Deprecated | J24: fill:solid:fg(rgb=FFFFC7CE):bg(rgb=FFFFC7CE)||font:none
A25: ZZ_Deprecated | B25: tblDeviceConfig | C25: Deployments!$BM$2:$BM$532 | D25: expression | E25: 2 | F25: AND($A2="Cybernet",$B2="Yes",$C2<>"Yes",LEN(TRIM(R2))=0) | G25: 5 | H25: Deprecated – regenerated rules appended below | I25: Deprecated | J25: fill:solid:fg(rgb=FFFFEB9C):bg(rgb=FFFFEB9C)||font:none
A26: ZZ_Deprecated | B26: tblDeviceConfig | C26: Deployments!$BN$2:$BN$532 | D26: expression | E26: 3 | F26: AND($A2="Neuron",$B2="Yes",$C2<>"Yes",LEN(TRIM(S2))=0) | G26: 5 | H26: Deprecated – regenerated rules appended below | I26: Deprecated | J26: fill:solid:fg(rgb=FFFFEB9C):bg(rgb=FFFFEB9C)||font:none
A27: ZZ_Deprecated | B27: tblDeviceConfig | C27: Deployments!$BO$2:$BO$532 | D27: expression | E27: 4 | F27: AND($A2="Cybernet",$B2="Yes",$C2<>"Yes",LEN(TRIM(BH2))=0) | G27: 5 | H27: Deprecated – regenerated rules appended below | I27: Deprecated | J27: fill:solid:fg(rgb=FFFFEB9C):bg(rgb=FFFFEB9C)||font:none
A28: ZZ_Deprecated | B28: tblDeviceConfig | C28: Deployments!$BP$2:$BP$532 | D28: expression | E28: 5 | F28: AND($C2="Yes",LEN(TRIM(INDEX($1:$1048576,ROW(),COLUMN())))=0) | G28: 45 | H28: Deprecated – regenerated rules appended below | I28: Deprecated | J28: fill:solid:fg(rgb=FFFFC7CE):bg(rgb=FFFFC7CE)||font:b|color(rgb=FF9C0006)
A29: 14 - Config Log | B29: tblConfigSnapshot | C29: I2:I503 | D29: expression | E29: 8 | F29: AND($I2<>"",OR($K2="Yes",$J2="PM Approved")) | G29: 6 | I29: Green | J29: fill:solid:fg(rgb=FFC6EFCE):bg(rgb=FFC6EFCE)||font:none
A30: 14 - Config Log | B30: tblConfigSnapshot | C30: I2:I503 | D30: expression | E30: 9 | F30: AND($I2<>"",NOT(OR($K2="Yes",$J2="PM Approved"))) | G30: 5 | I30: Yellow | J30: fill:solid:fg(rgb=FFFFEB9C):bg(rgb=FFFFEB9C)||font:none
A31: 14 - Config Log | B31: tblConfigSnapshot | C31: Q2:Q503 | D31: expression | E31: 10 | F31: Q2<>"" | G31: 4 | I31: Red | J31: fill:solid:fg(rgb=FFFFC7CE):bg(rgb=FFFFC7CE)||font:none
A32: 14 - Config Log | B32: tblConfigSnapshot | C32: R2:R503 | D32: expression | E32: 11 | F32: R2<>"" | G32: 3 | I32: FFFFE699 | J32: fill:solid:fg(rgb=FFFFE699):bg(rgb=FFFFE699)||font:none
A33: 14 - Config Log | B33: tblConfigSnapshot | C33: S2:S503 | D33: expression | E33: 12 | F33: S2<>"" | G33: 2 | I33: FFFFE699 | J33: fill:solid:fg(rgb=FFFFE699):bg(rgb=FFFFE699)||font:none
A34: 14 - Config Log | B34: tblConfigSnapshot | C34: T2:T503 | D34: expression | E34: 13 | F34: AND(T2<>"",T2="OK") | G34: 1 | I34: Green | J34: fill:solid:fg(rgb=FFC6EFCE):bg(rgb=FFC6EFCE)||font:none
A35: 14 - Config Log | B35: tblConfigSnapshot | C35: T2:T503 | D35: expression | E35: 14 | F35: AND(T2<>"",T2<>"OK") | G35: 0 | I35: Red | J35: fill:solid:fg(rgb=FFFFC7CE):bg(rgb=FFFFC7CE)||font:none
A36: 15 - Imaging Progress | C36: D1:D1048576 | D36: cellIs | E36: 1 | F36: 100% | G36: 12 | J36: fill:solid:fg(none):bg(theme=6|tint=0.79998168889431442)||font:color(rgb=FF00B050)
A37: 15 - Imaging Progress | C37: F2:F14 | D37: cellIs | E37: 2 | F37: 20 | G37: 11 | J37: fill:solid:fg(none):bg(rgb=FF92D050)||font:color(theme=1)
A38: 15 - Imaging Progress | C38: F2:F14 | D38: cellIs | E38: 3 | F38: 2 | G38: 10 | J38: fill:solid:fg(none):bg(rgb=FFFF0000)||font:color(theme=1)
A39: 15 - Imaging Progress | C39: F2:F14 | D39: cellIs | E39: 4 | F39: 6 | 9 | G39: 9 | J39: fill:solid:fg(none):bg(rgb=FFFEFFA6)||font:color(theme=1)
A40: 15 - Imaging Progress | C40: F2:F14 | D40: cellIs | E40: 5 | F40: 3 | 5 | G40: 8 | J40: fill:solid:fg(none):bg(theme=9|tint=0.59999389629810485)||font:color(theme=1)
A41: 15 - Imaging Progress | C41: F2:F15 | D41: cellIs | E41: 6 | F41: 10 | 20 | G41: 7 | J41: fill:solid:fg(none):bg(theme=6|tint=0.79998168889431442)||font:color(theme=1)
A42: Deployments | B42: tblDeviceConfig | C42: Deployments!CC2:CC532 A2:BZ49 T50:BZ100 AJ101:BZ103 AJ104:AQ104 T106:BZ149 T105:AQ105 AS104:BZ105 A50:R149 T101:AH101 T103:AH104 U102:AH102 A150:BZ531 | D42: expression | E42: 1 | F42: $F2="Yes" | G42: 43 | H42: Duplicates/conflicts flag (DupDeployed=Yes) | I42: Other | J42: fill:solid:fg(rgb=FF8B0000):bg(rgb=FF8B0000)||font:color(rgb=FFFFFFFF)
A43: Deployments | B43: tblDeviceConfig | C43: Deployments!B2:B532 | D43: expression | E43: 4 | F43: LOWER(TRIM($B2))="no" | G43: 42 | H43: Rule – see formula | I43: Yellow | J43: fill:solid:fg(rgb=FFFFEB9C):bg(rgb=FFFFEB9C)||font:none
A44: Deployments | B44: tblDeviceConfig | C44: Deployments!R99:R144 | D44: expression | E44: 5 | F44: AND(INDEX($A:$BI,ROW(),MATCH("Deployed",$A$1:$BI$1,0))="Yes",LEN(TRIM(N99))=0) | G44: 38 | H44: Rule – see formula | I44: Other | J44: fill:solid:fg(rgb=FFFCE4D6):bg(rgb=FFFCE4D6)||font:b|color(rgb=FF9C5700)
A45: Deployments | B45: tblDeviceConfig | C45: Deployments!I2:I532 | D45: expression | E45: 7 | F45: AND($A2<>"",LEN(TRIM($I2))=0) | G45: 40 | H45: Rule – see formula | I45: Yellow | J45: fill:solid:fg(rgb=FFFFEB9C):bg(rgb=FFFFEB9C)||font:none
A46: Deployments | B46: tblDeviceConfig | C46: Deployments!BI2:BI532 | D46: expression | E46: 17 | F46: AND($A2="Cybernet",UPPER(TRIM($B2))="YES",LEN(TRIM($BI2))=0) | G46: 71 | H46: Cybernet Software List missing (Deployed=Yes) | I46: Teal | J46: fill:solid:fg(rgb=FF00B0F0):bg(indexed=64)||font:none | K46: Teal | L46: Deployed Cybernet but Software List is blank
A47: Deployments | B47: tblDeviceConfig | C47: Deployments!BI2:BI532 | D47: expression | E47: 18 | F47: AND($A2="Cybernet",UPPER(TRIM($B2))="YES",LEN(TRIM($BI2))>0) | G47: 33 | H47: Cybernet Software List present (Deployed=Yes) | I47: Green | J47: fill:patternFill:bg(rgb=FFC6EFCE)||font:color(rgb=FF006100) | K47: Green | L47: Deployed Cybernet has Software List (apps accounted for)
A48: Deployments | B48: tblDeviceConfig | C48: Deployments!BM2:BM532 | D48: expression | E48: 25 | F48: BI2="Yes" | G48: 32 | H48: Rule – see formula | I48: Green | J48: fill:solid:fg(rgb=FFC6EFCE):bg(none)||font:none
A49: Deployments | B49: tblDeviceConfig | C49: Deployments!BM2:BM532 | D49: expression | E49: 26 | F49: BI2="Blocked" | G49: 31 | H49: Rule – see formula | I49: Yellow | J49: fill:solid:fg(rgb=FFFFEB9C):bg(none)||font:none
A50: Deployments | B50: tblDeviceConfig | C50: Deployments!S2:U101 S103:U532 S102 U102 | D50: expression | E50: 32 | F50: AND( $B2="Yes", $U2<>"", LOWER(TRIM($U2))<>"n/a", COUNTIFS($U$2:$U$532,$U2,$B$2:$B$532,"Yes")>1 ) | G50: 36 | H50: Duplicate value (deployed scope) – investigate conflict | I50: Red | J50: fill:solid:fg(rgb=FFFFC7CE):bg(rgb=FFFFC7CE)||font:b|color(rgb=FF9C0006)
A51: Deployments | B51: tblDeviceConfig | C51: Deployments!W2:W49 W150:W531 | D51: expression | E51: 33 | F51: AND($B2="Yes",$S2<>"",LOWER(TRIM($S2))<>"n/a",COUNTIFS($S$2:$S$532,$S2,$B$2:$B$532,"Yes")>1) | G51: 35 | H51: Duplicate value (deployed scope) – investigate conflict | I51: Red | J51: fill:solid:fg(rgb=FFFFC7CE):bg(rgb=FFFFC7CE)||font:b|color(rgb=FF9C0006)
A52: Deployments | B52: tblDeviceConfig | C52: Deployments!R2:S103 R106:S532 R104:R105 | D52: expression | E52: 102 | F52: AND($B2="Yes",$R2<>"",LOWER(TRIM($R2))<>"n/a",COUNTIFS($R$2:$R$532,$R2,$B$2:$B$532,"Yes")>1) | G52: 16 | H52: Duplicate value (deployed scope) – investigate conflict | I52: Red | J52: fill:solid:fg(rgb=FFFFC7CE):bg(rgb=FFFFC7CE)||font:b|color(rgb=FF9C0006)
A53: Deployments | B53: tblDeviceConfig | C53: Deployments!R2:S49 R50:R149 R150:S531 | D53: expression | E53: 103 | F53: AND($B2="Yes",$N2<>"") | G53: 39 | H53: Rule – see formula | I53: Green | J53: fill:solid:fg(rgb=FFC6EFCE):bg(rgb=FFC6EFCE)||font:b|color(rgb=FF006100)
A54: Deployments | B54: tblDeviceConfig | C54: Deployments!T2:T101 T103:T532 | D54: expression | E54: 105 | F54: AND($B2="Yes",$O2<>"",LOWER(TRIM($O2))<>"n/a",COUNTIFS($O$2:$O$532,$O2,$B$2:$B$532,"Yes")>1) | G54: 37 | H54: Duplicate value (deployed scope) – investigate conflict | I54: Other | J54: fill:solid:fg(rgb=FFF4CCCC):bg(rgb=FFF4CCCC)||font:none
A55: Deployments | B55: tblDeviceConfig | C55: Deployments!G2:H163 G167:H532 H165:H166 G164:G166 | D55: expression | E55: 107 | F55: AND($B2="Yes",$G2<>"",$H2<>"",LOWER(TRIM($G2))<>LOWER(TRIM($H2))) | G55: 41 | H55: Mismatch between expected vs actual (case-insensitive compare) | I55: Red | J55: fill:solid:fg(rgb=FFFFC7CE):bg(rgb=FFFFC7CE)||font:b|color(rgb=FF9C0006)
A56: Deployments | B56: tblDeviceConfig | C56: Deployments!R2:S49 R50:R149 R150:S531 B2:C532 | D56: expression | E56: 144 | F56: AND($B2="Yes",$BO2="Yes") | G56: 30 | H56: Rule – see formula | I56: Green | J56: fill:solid:fg(rgb=FFC6EFCE):bg(rgb=FFC6EFCE)||font:none
A57: Deployments | B57: tblDeviceConfig | C57: Deployments!D2:E532 | D57: expression | E57: 146 | F57: AND($B2="Yes",$BO2="No") | G57: 29 | H57: Rule – see formula | I57: Yellow | J57: fill:solid:fg(rgb=FFFFEB9C):bg(rgb=FFFFEB9C)||font:none
A58: Deployments | B58: tblDeviceConfig | C58: Deployments!I2:Q532 | D58: expression | E58: 147 | F58: AND($BO2="Yes",$A2<>"Neuron",COUNTBLANK($E2:$L2)>0) | G58: 28 | H58: Rule – see formula | I58: Other | J58: fill:solid:fg(rgb=FFF4CCCC):bg(rgb=FFF4CCCC)||font:none
A59: Deployments | B59: tblDeviceConfig | C59: Deployments!P2:P1048576 | D59: expression | E59: 148 | F59: AND($BE2<>"",OR($BD2="Yes",$L2<>"")) | G59: 27 | H59: DEPRECATED (sqref bounded to table end row 532): Rule – see formula | I59: Green | J59: fill::fg(none):bg(rgb=FFC6EFCE)||font:color(rgb=FF006100)
... A71: Deployments | B71: tblDeviceConfig | C71: Deployments!H164 | D71: expression | E71: 202 | F71: AND($B164="Yes",$G166<>"",$H164<>"",LOWER(TRIM($G166))<>LOWER(TRIM($H164))) | G71: 14 | H71: Mismatch between expected vs actual (case-insensitive compare) | I71: Red | J71: fill:solid:fg(rgb=FFFFC7CE):bg(rgb=FFFFC7CE)||font:b|color(rgb=FF9C0006)
A72: Deployments | B72: tblDeviceConfig | C72: Deployments!H2:H532 Q2:Q532 AF2:AF532 AG2:AG532 AL2:AL532 AS2:AS532 AD2:AD532 | D72: expression | E72: DEPRECATED | F72: AND(UPPER($B2)="YES",LEN(TRIM(INDEX($1:$1048576,ROW(),COLUMN())))=0) | G72: 13 | H72: DEPRECATED: split into per-field purple required-field rules; old INDEX-based blank check did not flag blanks reliably (PI_Use_Case / PI_Validated_Date). | I72: Deprecated | J72: fill:solid:fg(theme=4|tint=0.59999389629810485):bg(indexed=64)||font:none | K72: Purple | L72: DEPRECATED
A73: Deployments | B73: tblDeviceConfig | C73: Deployments!R2:R532 | D73: expression | E73: 204 | F73: AND(UPPER(TRIM($B2))="YES",$A2="Cybernet",LEN(TRIM($R2))=0) | G73: 13 | H73: Missing required deployment field when Deployed=Yes (blank/whitespace) | I73: Purple | J73: fill:solid:fg(theme=4|tint=0.59999389629810485):bg(indexed=64)||font:none | K73: Purple | L73: Deployed=Yes and required field is blank (Cybernet Hostname)
A74: Deployments | B74: tblDeviceConfig | C74: Deployments!S2:S532 | D74: expression | E74: 205 | F74: AND(UPPER(TRIM($B2))="YES",$A2="Neuron",LEN(TRIM($S2))=0) | G74: 13 | H74: DEPRECATED (rule updated): Neuron Hostname required for Neuron or Cybernet when Deployed=Yes. Old formula used Neuron-only gate. | Missing required deployment field when Deployed=Yes (blank/whitespace) | I74: Purple | J74: fill:solid:fg(theme=4|tint=0.59999389629810485):bg(indexed=64)||font:none | K74: Purple | L74: Deployed=Yes and required field is blank (Neuron Hostname)
A75: Deployments | B75: tblDeviceConfig | C75: Deployments!H2:H532 | D75: expression | E75: 203 | F75: AND(UPPER(TRIM($B2))="YES",LEN(TRIM($H2))=0) | G75: 13 | H75: Required field missing when Deployed=Yes (Install Building) | I75: Purple | J75: fill:solid:fg(theme=4|tint=0.59999389629810485):bg(indexed=64)||font:none | K75: Purple | L75: Deployed=Yes and Install Building is blank
A76: Deployments | B76: tblDeviceConfig | C76: Deployments!I2:I532 | D76: expression | E76: 206 | F76: AND(UPPER(TRIM($B2))="YES",LEN(TRIM($I2))=0) | G76: 13 | H76: Required field missing when Deployed=Yes (PI Use Case) | I76: Purple | J76: fill:solid:fg(theme=4|tint=0.59999389629810485):bg(indexed=64)||font:none | K76: Purple | L76: Deployed=Yes and PI Use Case is blank
A77: Deployments | B77: tblDeviceConfig | C77: Deployments!Q2:Q532 | D77: expression | E77: 207 | F77: AND(UPPER(TRIM($B2))="YES",LEN(TRIM($Q2))=0) | G77: 13 | H77: Required field missing when Deployed=Yes (PI Validated Date) | I77: Purple | J77: fill:solid:fg(theme=4|tint=0.59999389629810485):bg(indexed=64)||font:none | K77: Purple | L77: Deployed=Yes and PI Validated Date is blank
A78: Deployments | B78: tblDeviceConfig | C78: Deployments!AF2:AF532 | D78: expression | E78: 208 | F78: AND(UPPER(TRIM($B2))="YES",LEN(TRIM($AF2))=0) | G78: 13 | H78: Required field missing when Deployed=Yes (Area/Unit) | I78: Purple | J78: fill:solid:fg(theme=4|tint=0.59999389629810485):bg(indexed=64)||font:none | K78: Purple | L78: Deployed=Yes and Area/Unit is blank
A79: Deployments | B79: tblDeviceConfig | C79: Deployments!AG2:AG532 | D79: expression | E79: 209 | F79: AND(UPPER(TRIM($B2))="YES",LEN(TRIM($AG2))=0) | G79: 13 | H79: Required field missing when Deployed=Yes (Room) | I79: Purple | J79: fill:solid:fg(theme=4|tint=0.59999389629810485):bg(indexed=64)||font:none | K79: Purple | L79: Deployed=Yes and Room is blank
A80: Deployments | B80: tblDeviceConfig | C80: Deployments!AL2:AL532 | D80: expression | E80: 210 | F80: AND(UPPER(TRIM($B2))="YES",LEN(TRIM($AL2))=0) | G80: 13 | H80: Required field missing when Deployed=Yes (Medical Device ID) | I80: Purple | J80: fill:solid:fg(theme=4|tint=0.59999389629810485):bg(indexed=64)||font:none | K80: Purple | L80: Deployed=Yes and Medical Device ID is blank
A81: Deployments | B81: tblDeviceConfig | C81: Deployments!AS2:AS532 | D81: expression | E81: 211 | F81: AND(UPPER(TRIM($B2))="YES",LEN(TRIM($AS2))=0) | G81: 13 | H81: Required field missing when Deployed=Yes (Medical Peripheral 2) | I81: Purple | J81: fill:solid:fg(theme=4|tint=0.59999389629810485):bg(indexed=64)||font:none | K81: Purple | L81: Deployed=Yes and Medical Peripheral 2 is blank
A82: Deployments | B82: tblDeviceConfig | C82: Deployments!AD2:AD532 | D82: expression | E82: 212 | F82: AND(UPPER(TRIM($B2))="YES",LEN(TRIM($AD2))=0) | G82: 13 | H82: Required field missing when Deployed=Yes (Anesthesia S/N) | I82: Purple | J82: fill:solid:fg(theme=4|tint=0.59999389629810485):bg(indexed=64)||font:none | K82: Purple | L82: Deployed=Yes and Anesthesia S/N is blank
A83: Deployments | B83: tblDeviceConfig | C83: Deployments!S2:S532 | D83: expression | E83: 205 | F83: AND(UPPER(TRIM($B2))="YES",OR(UPPER(TRIM($A2))="NEURON",UPPER(TRIM($A2))="CYBERNET"),LEN(TRIM($S2))=0) | G83: 13 | H83: Missing required deployment field when Deployed=Yes (blank/whitespace) | Neuron Hostname required for Neuron or Cybernet | I83: Purple | J83: fill:solid:fg(theme=4|tint=0.59999389629810485):bg(indexed=64)||font:none
A84: Deployments | B84: tblDeviceConfig | C84: Deployments!T2:T532 | D84: expression | E84: 213 | F84: AND(UPPER(TRIM($B2))="YES",OR(UPPER(TRIM($A2))="NEURON",UPPER(TRIM($A2))="CYBERNET"),LEN(TRIM($T2))=0) | G84: 13 | H84: Missing required deployment field when Deployed=Yes (blank/whitespace) | Neuron MAC required for Neuron or Cybernet | I84: Purple | J84: fill:solid:fg(theme=4|tint=0.59999389629810485):bg(indexed=64)||font:none
A85: Deployments | B85: tblDeviceConfig | C85: Deployments!P2:P532 | D85: expression | E85: 148 | F85: AND($BE2<>"",OR($BD2="Yes",$L2<>"")) | G85: 27 | H85: Rule – see formula | I85: Green | J85: fill::fg(none):bg(rgb=FFC6EFCE)||font:color(rgb=FF006100)
A86: Deployments | B86: tblDeviceConfig | C86: Deployments!P2:P532 | D86: expression | E86: 149 | F86: AND($BE2<>"",$BD2<>"Yes",$L2="") | G86: 26 | H86: Rule – see formula | I86: Red | J86: fill::fg(none):bg(rgb=FFFFC7CE)||font:color(rgb=FF9C0006)
A87: Deployments | B87: tblDeviceConfig | C87: Deployments!AK2:AK532 | D87: expression | E87: 214 | F87: AND(UPPER(TRIM($B2))="YES",LEN(TRIM($AK2))=0) | G87: 13 | H87: Missing required deployment field when Deployed=Yes (blank/whitespace) | Medical Device Model required | I87: Purple | J87: fill:solid:fg(theme=4|tint=0.59999389629810485):bg(indexed=64)||font:none
A88: Deployments | B88: tblDeviceConfig | C88: Deployments!AR2:AR532 | D88: expression | E88: 215 | F88: AND(UPPER(TRIM($B2))="YES",LEN(TRIM($AR2))=0) | G88: 13 | H88: Missing required deployment field when Deployed=Yes (blank/whitespace) | Medical Peripheral 1 required | I88: Purple | J88: fill:solid:fg(theme=4|tint=0.59999389629810485):bg(indexed=64)||font:none
A89: Deployments | B89: tblDeviceConfig | C89: Deployments!$C$2:$C$532, Deployments!$G$2:$G$532, Deployments!$H$2:$H$532, Deployments!$I$2:$I$532, Deployments!$J$2:$J$532, Deployments!$K$2:$K$532, Deployments!$L$2:$L$532, Deployments!$U$2:$U$532, Deployments!$V$2:$V$532, Deployments!$W$2:$W$532, Deployments!$AD$2:$AD$532, Deployments!$AL$2:$AL$532, Deployments!$AS$2:$AS$532, Deployments!$BI$2:$BI$532 | D89: expression | E89: Varies | F89: Base: AND(UPPER(TRIM($B2))="YES",LEN(TRIM(<COL2>))=0). Software List (BI) uses Cybernet guardrail: AND(UPPER(TRIM($A2))="CYBERNET",UPPER(TRIM($B2))="YES",LEN(TRIM($BI2))=0). | G89: 73 | H89: Deployment-required purple: when Deployed=Yes, flag missing required fields (location, hostnames, device metadata, peripherals, software list). | I89: Fill RGB FFD9B3FF; Font RGB FF000000.
A90: Deployments | B90: tblDeviceConfig | C90: Deployments!$B$2:$B$532, Deployments!$C$2:$C$532, Deployments!$G$2:$G$532, Deployments!$H$2:$H$532, Deployments!$U$2:$U$532, Deployments!$BI$2:$BI$532 | D90: expression | E90: Varies | F90: Base: AND(LEN(TRIM($A2))>0,UPPER(TRIM($B2))<>"YES",LEN(TRIM(<COL2>))=0). Cybernet-only for U and BI: AND(UPPER(TRIM($A2))="CYBERNET",UPPER(TRIM($B2))<>"YES",LEN(TRIM(<COL2>))=0). | G90: 74 | H90: Config-prep purple: before deployment (Deployed not Yes), flag missing prep fields to reduce lookup time. | I90: Fill RGB FFE6CCFF; Font RGB FF000000.
A91: Base: AND(LEN(TRIM($A2))>0,UPPER(TRIM($B2))<>"YES",LEN(TRIM(<COL2>))=0). Cybernet-only for U and BI: AND(UPPER(TRIM($A2))="CYBERNET",UPPER(TRIM($B2))<>"YES",LEN(TRIM(<COL2>))=0). | B91: Config-prep purple: before deployment (Deployed not Yes), flag missing prep fields to reduce lookup time. | C91: Config-prep purple: before deployment (Deployed not Yes), flag missing prep fields to reduce lookup time. | D91: Config-prep purple: before deployment (Deployed not Yes), flag missing prep fields to reduce lookup time. | E91: Config-prep purple: before deployment (Deployed not Yes), flag missing prep fields to reduce lookup time. | F91: Config-prep purple: before deployment (Deployed not Yes), flag missing prep fields to reduce lookup time. | G91: Config-prep purple: before deployment (Deployed not Yes), flag missing prep fields to reduce lookup time. | H91: Fill RGB FFE6CCFF; Font RGB FF000000. | I91: Base: AND(LEN(TRIM($A2))>0,UPPER(TRIM($B2))<>"YES",LEN(TRIM(<COL2>))=0). Cybernet-only for U and BI: AND(UPPER(TRIM($A2))="CYBERNET",UPPER(TRIM($B2))<>"YES",LEN(TRIM(<COL2>))=0).
A92: Deployments | B92: tblDeviceConfig | C92: Deployments!$U$2:$U$532 | D92: expression | E92: AUTO | F92: AND($U2<>"",LOWER(TRIM($U2))<>"n/a",LOWER(TRIM($U2))<>"na",COUNTIF($U$2:$U$532,$U2)>1) | G92: AUTO | H92: Always-on duplicate Cybernet Hostname check. | I92: Duplicate | J92: Fill RGB FFFFC7CE; Font RGB FF9C0006 | K92: Red | L92: Official schema duplicate watch field
A93: Deployments | B93: tblDeviceConfig | C93: Deployments!$V$2:$V$532 | D93: expression | E93: AUTO | F93: AND($V2<>"",LOWER(TRIM($V2))<>"n/a",LOWER(TRIM($V2))<>"na",COUNTIF($V$2:$V$532,$V2)>1) | G93: AUTO | H93: Always-on duplicate Cybernet Serial check. | I93: Duplicate | J93: Fill RGB FFFFC7CE; Font RGB FF9C0006 | K93: Red | L93: Official schema duplicate watch field
A94: Deployments | B94: tblDeviceConfig | C94: Deployments!$W$2:$W$532 | D94: expression | E94: AUTO | F94: AND($W2<>"",LOWER(TRIM($W2))<>"n/a",LOWER(TRIM($W2))<>"na",COUNTIF($W$2:$W$532,$W2)>1) | G94: AUTO | H94: Always-on duplicate Neuron Hostname check. | I94: Duplicate | J94: Fill RGB FFFFC7CE; Font RGB FF9C0006 | K94: Red | L94: Official schema duplicate watch field
A95: Deployments | B95: tblDeviceConfig | C95: Deployments!$AA$2:$AA$532 | D95: expression | E95: AUTO | F95: AND($AA2<>"",LOWER(TRIM($AA2))<>"n/a",LOWER(TRIM($AA2))<>"na",COUNTIF($AA$2:$AA$532,$AA2)>1) | G95: AUTO | H95: Always-on duplicate Neuron S/N check. | I95: Duplicate | J95: Fill RGB FFFFC7CE; Font RGB FF9C0006 | K95: Red | L95: Official schema duplicate watch field
A96: Deployments | B96: tblDeviceConfig | C96: Deployments!$AC$2:$AC$532 | D96: expression | E96: AUTO | F96: AND($AC2<>"",LOWER(TRIM($AC2))<>"n/a",LOWER(TRIM($AC2))<>"na",COUNTIF($AC$2:$AC$532,$AC2)>1) | G96: AUTO | H96: Always-on duplicate Cybernet MAC check. | I96: Duplicate | J96: Fill RGB FFFFC7CE; Font RGB FF9C0006 | K96: Red | L96: Official schema duplicate watch field
A97: Deployments | B97: tblDeviceConfig | C97: Deployments!$AE$2:$AE$532 | D97: expression | E97: AUTO | F97: AND($AE2<>"",LOWER(TRIM($AE2))<>"n/a",LOWER(TRIM($AE2))<>"na",COUNTIF($AE$2:$AE$532,$AE2)>1) | G97: AUTO | H97: Always-on duplicate Asset Tag check. | I97: Duplicate | J97: Fill RGB FFFFC7CE; Font RGB FF9C0006 | K97: Red | L97: Official schema duplicate watch field
A98: Deployments | B98: tblDeviceConfig | C98: Deployments!$AJ$2:$AJ$532 | D98: expression | E98: AUTO | F98: AND($AJ2<>"",LOWER(TRIM($AJ2))<>"n/a",LOWER(TRIM($AJ2))<>"na",COUNTIF($AJ$2:$AJ$532,$AJ2)>1) | G98: AUTO | H98: Always-on duplicate Dialysis S/N check. | I98: Duplicate | J98: Fill RGB FFFFC7CE; Font RGB FF9C0006 | K98: Red | L98: Official schema duplicate watch field
A99: Deployments | B99: tblDeviceConfig | C99: Deployments!$AK$2:$AK$532 | D99: expression | E99: AUTO | F99: AND($AK2<>"",LOWER(TRIM($AK2))<>"n/a",LOWER(TRIM($AK2))<>"na",COUNTIF($AK$2:$AK$532,$AK2)>1) | G99: AUTO | H99: Always-on duplicate Anesthesia S/N check. | I99: Duplicate | J99: Fill RGB FFFFC7CE; Font RGB FF9C0006 | K99: Red | L99: Official schema duplicate watch field
A100: Deployments | B100: tblDeviceConfig | C100: Deployments!$AL$2:$AL$532 | D100: expression | E100: AUTO | F100: AND($AL2<>"",LOWER(TRIM($AL2))<>"n/a",LOWER(TRIM($AL2))<>"na",COUNTIF($AL$2:$AL$532,$AL2)>1) | G100: AUTO | H100: Always-on duplicate Medical Device S/N check. | I100: Duplicate | J100: Fill RGB FFFFC7CE; Font RGB FF9C0006 | K100: Red | L100: Official schema duplicate watch field
A104: 02_Warehouse_Locations | C104: 02_Warehouse_Locations!A2:I132 A134:I2002 | D104: expression | E104: 4 | F104: AND(TRIM($A2)<>"",COUNTIF($A$2:$A$2002,$A2)>1) | G104: 02_Warehouse_Locations!A2:I132 A134:I2002 | H104: AUTO: see formula | I104: 59
A105: 02_Warehouse_Locations | C105: AUTO|dxfId=59|fill=FFF8CBAD | D105: expression | E105: 58 | F105: AND(TRIM($A133)="",OR($B133<>"",$C133<>"",$D133<>"",$E133<>"",$F133<>"",$I133<>"")) | G105: AUTO|dxfId=58|fill=FFF8CBAD | H105: AUTO: see formula | I105: 02_Warehouse_Locations!B133:I133
A106: 02_Warehouse_Locations | C106: 02_Warehouse_Locations!B133:I133 | D106: expression | E106: 116 | F106: AND(TRIM($A133)<>"",COUNTIF($A$2:$A$2002,$A133)>1) | G106: 57 | H106: AUTO: see formula | I106: AUTO|dxfId=57|fill=FFF8CBAD
A107: 03_Warehouse_Movements | C107: 117 | D107: expression | E107: 1 | F107: AND($B2<>"",OR($A2="",TRIM($C2)="",TRIM($E2)="")) | G107: 56 | H107: AUTO: see formula | I107: AUTO|dxfId=56|fill=FFF8CBAD
A108: 03_Warehouse_Movements | C108: 03_Warehouse_Movements!A2:J500 | D108: expression | E108: 4 | F108: AND(TRIM($C2)<>"",TRIM($E2)<>"",$D2="") | G108: 03_Warehouse_Movements!A2:J500 | H108: AUTO: see formula | I108: 55
A109: 04_Label_Export | C109: AUTO|dxfId=55|fill=FFF8CBAD | D109: expression | E109: 3 | F109: AND(OR($A3="LOCATION",$A3="PALLET"),TRIM($B3)<>"",TRIM($C3)="") | G109: 54 | H109: AUTO: see formula | I109: AUTO|dxfId=54|fill=FFFFF2CC
A110: 05_Scan_Lookup | C110: 04_Label_Export!A3:D1005 | D110: expression | E110: 1 | F110: AND(TRIM($A3)="",OR($B3<>"",$C3<>"",$D3<>"",$E3<>"",$I3<>"",$J3<>"")) | G110: 53 | H110: AUTO: see formula | I110: AUTO|dxfId=53|fill=FFFFF2CC
A111: 05_Scan_Lookup | C111: 05_Scan_Lookup!B3 | D111: expression | E111: 2 | F111: AND(TRIM($A3)<>"",NOT(AND(LEFT($A3,4)="PAL-",LEN($A3)=11,ISNUMBER(--MID($A3,5,7))))) | G111: 05_Scan_Lookup!B3 | H111: AUTO: see formula | I111: 52
A112: 05_Scan_Lookup | C112: 05_Scan_Lookup!B3 | D112: expression | E112: 3 | F112: AND(TRIM($A3)<>"",COUNTIF($A$2:$A$2002,$A3)>1) | G112: AUTO|dxfId=52|fill=FFF8CBAD | H112: AUTO: see formula | I112: 51
A113: 05_Scan_Lookup | C113: 05_Scan_Lookup!B3 | D113: expression | E113: 4 | F113: AND(TRIM($A3)<>"",$C3<>"",$D3<>"",$D3<>"0",$C3<>$D3) | G113: AUTO|dxfId=51|fill=FFF8CBAD | H113: AUTO: see formula | I113: 50
A114: Deployments | B114: tblDeviceConfig | C114: AUTO|dxfId=50|fill=FFF8CBAD | D114: expression | E114: 1 | F114: $F2="Yes" | G114: 49 | H114: AUTO: see formula | I114: AUTO|dxfId=49|fill=FFFFF2CC
A115: Deployments | B115: tblDeviceConfig | C115: Deployments!B2:B532 | D115: expression | E115: 4 | F115: LOWER(TRIM($B2))="no" | G115: Deployments!CC2:CC532 A2:BZ49 W50:BZ100 AH101:BZ103 AH104:AQ104 W106:BZ149 W105:AQ105 AS104:BZ105 A50:U149 K101:W101 K103:W104 K102:X102 A150:BZ531 | H115: AUTO: see formula | I115: 43
A116: Deployments | B116: tblDeviceConfig | C116: Deployments!B2:B532 | D116: expression | E116: AUTO|dxfId=43|fill=FF8B0000|font=FFFFFFFF | F116: 42 | G116: AUTO|dxfId=42|fill=FFFFEB9C | H116: 220 | I116: AND(LEN(TRIM($A2))>0,LEN(TRIM($B2))=0)
A117: Deployments | B117: tblDeviceConfig | C117: Deployments!G2:H163 G167:H532 H165:H166 G164:G166 | D117: expression | E117: 74 | F117: AND($B2="Yes",$G2<>"",$H2<>"",LOWER(TRIM($G2))<>LOWER(TRIM($H2))) | G117: Missing helpful (config-prep purple) when not deployed yet | H117: AUTO: see formula | I117: AUTO|dxfId=74|fill=FFE6CCFF|font=FF000000
A118: Deployments | B118: tblDeviceConfig | C118: 107 | D118: expression | E118: 41 | F118: AUTO|dxfId=41|fill=FFFFC7CE|font=FF9C0006 | G118: Deployments!M2:M532 | H118: AUTO: see formula | I118: 7
A119: Deployments | B119: tblDeviceConfig | C119: Deployments!M2:M532 | D119: expression | E119: 206 | F119: AND($A2<>"",LEN(TRIM($M2))=0) | G119: 13 | H119: AUTO: see formula | I119: 40
A120: Deployments | B120: tblDeviceConfig | C120: AUTO|dxfId=40|fill=FFFFEB9C | D120: expression | E120: AND(UPPER(TRIM($B2))="YES",LEN(TRIM($M2))=0) | F120: AUTO|dxfId=13 | G120: Deployments!U2:V49 U50:U149 U150:V531 | H120: AUTO: see formula | I120: 103
A121: Deployments | B121: tblDeviceConfig | C121: AND($B2="Yes",$R2<>"") | D121: expression | E121: 5 | F121: 39 | G121: AUTO|dxfId=39|fill=FFC6EFCE|font=FF006100 | H121: AUTO: see formula | I121: Deployments!U99:U144
A122: Deployments | B122: tblDeviceConfig | C122: AND(INDEX($A:$BI,ROW(),MATCH("Deployed",$A$1:$BI$1,0))="Yes",LEN(TRIM(R99))=0) | D122: expression | E122: 38 | F122: AND($B2="Yes",$S2<>"",LOWER(TRIM($S2))<>"n/a",COUNTIFS($S$2:$S$532,$S2,$B$2:$B$532,"Yes")>1) | G122: AUTO|dxfId=38|fill=FFFCE4D6|font=FF9C5700 | H122: AUTO: see formula | I122: Deployments!W2:W101 W103:W532
A123: Deployments | B123: tblDeviceConfig | C123: 105 | D123: expression | E123: 37 | F123: AUTO|dxfId=37|fill=FFF4CCCC | G123: Deployments!V2:X101 V103:X532 V102 X102 | H123: AUTO: see formula | I123: 32
...

Sheet 00_README
A1: Use this sheet as the quick operating guide. Enter data only in the non-AUTO columns. For pallet moves, log the move once in 03_Warehouse_Movements and 01_Warehouse_Ledger updates itself.
A2: Task
A4: Go to tab | B4: Edit these columns | C4: Notes / outcome | D4: Add / update a pallet
A5: 01_Warehouse_Ledger | B5: A,B,C,E,F,G,I,J,K,L | C5: One row per pallet. Do NOT type in CurrentLocationCode / LastMove fields (AUTO). | D5: Move a pallet
A6: 03_Warehouse_Movements | B6: A,B,C,E,H,I,J (F,G optional) | C6: Add one movement row (MOVE / RECEIVE / SHIP / RETURN / etc). Ledger CurrentLocationCode + LastMoveTS update automatically. | D6: Add / update a location
A7: 02_Warehouse_Locations | B7: A–G,I | C7: One row per warehouse slot. QR_Payload auto = LocationCode. | D7: Print QR labels
A8: 04_Label_Export | B8: Nothing (auto list) | C8: Print LOCATION labels (top section) and PALLET labels (starts at row 505). QR payload stays minimal (LocationCode / PalletID). | D8: Find where a pallet is
A9: 05_Scan_Lookup | B9: Scan into B3 | C9: Scan Pallet QR -> see CurrentLocationCode + map fields instantly. | D9: Tie a device to a pallet
A10: BL (PalletID (Manual)) | B10: Deployments | C10: Enter PalletID on the device row -> BM/BN/BO auto-fill Warehouse Location + Pallet Status + Last Move TS. | D10: Pallet moves - the 30-second routine
A13: 1)
A14: Go to 03_Warehouse_Movements and add a NEW row at the top of the data (first blank row). | B14: 2)
A15: Fill: Timestamp (A), Action (B)=MOVE, PalletID (C)=scan or type, ToLocation (E)=scan location code, ByWho (H), Ref (I) if relevant, Notes (J) if needed. Optional: Item (F) + Qty (G) if you are tracking contents. | B15: 3)
A16: Do NOT edit FromLocation (D). It auto-fills from the pallet’s prior state (based on 01_Warehouse_Ledger). | B16: 4)
A17: Sanity check: open 01_Warehouse_Ledger -> CurrentLocationCode (AUTO) and LastMoveTS (AUTO) should update for that PalletID. | B17: 5)
A18: Optional: if the move changed the pallet’s lifecycle (STAGED/DEPLOYED/RETURNED), update PalletStatus (E) on 01_Warehouse_Ledger. | B18: Data rules (don’t break the tracker)
A20: • Only type into columns that are NOT labeled (AUTO) or (deprecated).
A21: • PalletIDs must exist in 01_Warehouse_Ledger before you reference them anywhere else (moves, device config, contents, labels).
A22: • PalletID format enforced by the ledger CF: PAL-0000001 (PAL- + 7 digits). Duplicates highlight.
A23: • LocationCode: pick from 02_Warehouse_Locations (use dropdowns where present).
A24: • If a cell looks formula-driven, leave it alone. Don’t paste over formulas.
A25: • If you must paste, paste VALUES only (not formatting) into input columns.
A26: • When in doubt: use 05_Scan_Lookup to verify the pallet’s current location before moving anything.
A27: Quick troubleshooting
A29: • 05_Scan_Lookup shows blanks -> confirm you scanned a valid PalletID that exists in 01_Warehouse_Ledger column A.
A30: • Move row highlights -> check required fields in 03_Warehouse_Movements: Timestamp (A), Action (B), PalletID (C), ToLocation (E).
A31: • FromLocation (AUTO) stays blank -> the pallet is unknown to the ledger or has no prior location. Add the pallet to 01_Warehouse_Ledger, set HomeLocationCode (C), then re-enter the move row.
A32: • CurrentLocationCode not updating -> confirm 03_Warehouse_Movements has a row with that PalletID and a ToLocation value; then check 01_Warehouse_Ledger columns D and M for that pallet.
... A92: TOOLING ERROR LOG (AUTO-GENERATED)
A94: ErrID | B94: Layer | C94: Part | D94: What | E94: Why | F94: Fix | G94: QA | H94: Evidence
A95: E-011 | B95: packaging | C95: /xl/worksheets/sheet1-3.xml | D95: Excel repair replaced worksheets 1-3 (XML error) | E95: Worksheet XML serialized with non-canonical namespace prefixes (xmlns_ns0 / <ns0_...>); Desktop repair replaces the parts and Web may refuse to open. | F95: Rewrite worksheets 1-3 with canonical namespaces (default worksheet ns + mc/xr/r). Preserve all other parts byte-for-byte. | G95: Desktop opens without repair; Web opens in Edit without 'WORKBOOK REPAIRED' banner. | H95: error066400_01.xml: replaced sheet1-3
A96: E-012 | B96: tables | C96: /xl/tables/table9.xml + sheet12 header | D96: tblDeviceConfig table header mismatch triggers repair | E96: tableColumn names encode line breaks as (e.g., Medical Device Class/Model) but header cells used literal newlines; Excel repairs the table on open. | F96: Make header cells match tableColumn names exactly (use strings) OR update table9 column names consistently. Do not delete/reorder sharedStrings. | G96: Web opens without repair banner; Desktop produces no new error*.xml. Table ref remains A1:CC532 (81 cols). | H96: diff: table9.xml names vs sheet12 row1
A97: E-013 | B97: data | C97: /xl/sharedStrings.xml + sheet12 A2:CC532 | D97: Deployed/Installed and other fields show wrong text (sharedStrings drift) | E97: SharedStrings were edited by deletion/reorder in a prior candidate, shifting indices. Cells still point to old indices so values display as unrelated strings. | F97: Integration rule: never delete/reorder sharedStrings. Overwrite non-formula columns in A2:CC532 with Active values; append new strings only; keep formula columns intact. | G97: Spot-check B2/C2 and random rows: values match Active; formulas still compute; Web renders correctly. | H97: Web screenshot showing wrong values; candidate i092 B2!=Yes
A98: E-014 | B98: runlog | C98: 2026-03-04 0928 | D98: Base: CANDIDATE_DeploymentTracker_vNext10_2026-03-04_1315_WEBSAFE.xlsx | E98: Output: CANDIDATE_DeploymentTracker_vNext10_2026-03-04_0928_WEBSAFE.xlsx | F98: Edited parts: xl/styles.xml; xl/worksheets/sheet4.xml; xl/worksheets/sheet5.xml; xl/worksheets/sheet8.xml; xl/sharedStrings.xml; xl/worksheets/sheet3.xml | G98: Why: styles.xml had mc:Ignorable="x14ac x16r2 xr" but missing xmlns decls (validator); web_repaired styles.xml adds these namespaces. Also 3 CF sqref singletons not canonical (C8, A133, B3). | H98: Stop-ship: no ns0 prefixes; no xlfn/xlpm/xludf tokens; tblDeviceConfig wiring preserved; CF sqref canonical; rels/tableParts preserved; Web outcome PENDING.
A100: OFFICIAL DEPLOYMENTS SCHEMA NOTE
A101: The official schema is the current column order on Deployments row 1 in this workbook.
A102: When refactoring, update these together: Deployments headers, duplicate CF, DesignationChanged, DupDeployed, 00_CF_Dictionary, and 00_README.

Sheet 01_Warehouse_Ledger
A1: PalletID | B1: HomeLocationCode | C1: CurrentLocationCode (AUTO) | D1: PalletStatus | E1: Compliance | F1: TTL_Days | G1: Expires (AUTO) | H1: ContentsSummary | I1: CreatedDate | J1: Notes | K1: CreatedBy | L1: LastMoveTS (AUTO) | M1: LastMovedBy (AUTO) | N1: QR_Payload_Pallet (deprecated) | O1: ReceiptDate (deprecated) | P1: Ref (deprecated) | Q1: Item (deprecated) | R1: QtyReceived (deprecated) | S1: Serials (deprecated) | T1: EnteredBy_RAW (deprecated) | U1: Legacy_RawInputs (deprecated) | V1: StockLines (AUTO) | W1: StockQtyTotal (AUTO) | X1: StockUniquePN (AUTO) | Y1: StockHasPN (AUTO) | Z1: PAL-0000001
A2: OVERFLOW-RICH-CYBERNETS-CFAM-CCMC | B2: CHRIS_OVERFLOW_A_ZONE3 | C2: ACTIVE | D2: =IF($C2="","",IFERROR(LOOKUP(2,1/('03_Warehouse_Movements'!$C$2:$C$500=$A2),'03_Warehouse_Movements'!$E$2:$E$500),$C2)) | E2: STANDARD | F2: CYBERNETS CFAM/CCMC QTY:15 | G2: 7 | H2: =IF(AND($F2="TEMP",$G2>0,$M2<>""),$M2+$G2,"") | I2: NORTHWELL NUERON PROJECT | J2: Alejandro Perales | K2: 46053 | L2: B:WH-Z1-A01-AISLE-FLOOR-02 F:OVERFLOW-<ClientLastName>-PO<PO>-<Category>-<Seq> D:WH-Z1-A01-AISLE-FLOOR-02 | M2: =IF($C2="","",IFERROR(LOOKUP(2,1/('03_Warehouse_Movements'!$C$2:$C$500=$A2),'03_Warehouse_Movements'!$A$2:$A$500),"")) | N2: =IF($C2="","",IFERROR(LOOKUP(2,1/('03_Warehouse_Movements'!$C$2:$C$500=$A2),'03_Warehouse_Movements'!$H$2:$H$500),"")) | O2: =A2 | P2: 46284 | Q2: 144180 | V2: PAL-0000002 | W2: =IF($A2="","",COUNTIF('07_Pallet_Contents'!$A$2:$A$3000,$A2)) | X2: =IF($A2="","",SUMIF('07_Pallet_Contents'!$A$2:$A$3000,$A2,'07_Pallet_Contents'!$D$2:$D$3000)) | Y2: =IF($A2="","",SUMIF('07_Pallet_Contents'!$A$2:$A$3000,$A2,'07_Pallet_Contents'!$I$2:$I$3000)) | Z2: =IF($A2="","",IF(COUNTIF('07_Pallet_Contents'!$A$2:$A$3000,$A2)>0,"Yes",""))
A3: WH-STAGE-IN | C3: STAGED | D3: =IF($C3="","",IFERROR(LOOKUP(2,1/('03_Warehouse_Movements'!$C$2:$C$500=$A3),'03_Warehouse_Movements'!$E$2:$E$500),$C3)) | E3: SAFE | F3: SAMPLE: Monitors 24-40 | H3: =IF(AND($F3="TEMP",$G3>0,$M3<>""),$M3+$G3,"") | I3: SAMPLE: replace with real notes / serials / constraints | J3: SAMPLE-TECH | K3: 46052 | L3: B:OVERFLOW-<ClientLastName>-PO<PO>-<Category>-<Seq> | M3: =IF($C3="","",IFERROR(LOOKUP(2,1/('03_Warehouse_Movements'!$C$2:$C$500=$A3),'03_Warehouse_Movements'!$A$2:$A$500),"")) | N3: =IF($C3="","",IFERROR(LOOKUP(2,1/('03_Warehouse_Movements'!$C$2:$C$500=$A3),'03_Warehouse_Movements'!$H$2:$H$500),"")) | O3: =A3 | V3: PAL-0000003 | W3: =IF($A2="","",COUNTIF('07_Pallet_Contents'!$A$2:$A$3000,$A2)) | X3: =IF($A2="","",SUMIF('07_Pallet_Contents'!$A$2:$A$3000,$A2,'07_Pallet_Contents'!$D$2:$D$3000)) | Y3: =IF($A2="","",SUMIF('07_Pallet_Contents'!$A$2:$A$3000,$A2,'07_Pallet_Contents'!$I$2:$I$3000)) | Z3: =IF($A2="","",IF(COUNTIF('07_Pallet_Contents'!$A$2:$A$3000,$A2)>0,"Yes",""))
A4: OVERFLOW-CHRIS-UMAIR_TICKETS- | B4: CHRIS_OVERFLOW_A_ZONE1 | C4: UNSAFE | D4: =IF($C4="","",IFERROR(LOOKUP(2,1/('03_Warehouse_Movements'!$C$2:$C$500=$A4),'03_Warehouse_Movements'!$E$2:$E$500),$C4)) | E4: STANDARD | F4: Monitors T24-40 | H4: =IF(AND($F4="TEMP",$G4>0,$M4<>""),$M4+$G4,"") | I4: 24 Day Ticket | J4: B:OVERFLOW-CHRIS-UMAIR_TICKETS- D:CHRIS_OVERFLOW_A_ZONE1 | K4: 46046 | L4: B:WH-Z1-A01-AISLE-FLOOR-02 F:OVERFLOW-<ClientLastName>-PO<PO>-<Category>-<Seq> D:WH-Z1-A01-AISLE-FLOOR-02 | M4: =IF($C4="","",IFERROR(LOOKUP(2,1/('03_Warehouse_Movements'!$C$2:$C$500=$A4),'03_Warehouse_Movements'!$A$2:$A$500),"")) | N4: =IF($C4="","",IFERROR(LOOKUP(2,1/('03_Warehouse_Movements'!$C$2:$C$500=$A4),'03_Warehouse_Movements'!$H$2:$H$500),"")) | O4: =A4 | U4: 46046 | V4: PAL-0000004 | W4: =IF($A2="","",COUNTIF('07_Pallet_Contents'!$A$2:$A$3000,$A2)) | X4: =IF($A2="","",SUMIF('07_Pallet_Contents'!$A$2:$A$3000,$A2,'07_Pallet_Contents'!$D$2:$D$3000)) | Y4: =IF($A2="","",SUMIF('07_Pallet_Contents'!$A$2:$A$3000,$A2,'07_Pallet_Contents'!$I$2:$I$3000)) | Z4: =IF($A2="","",IF(COUNTIF('07_Pallet_Contents'!$A$2:$A$3000,$A2)>0,"Yes",""))
A5: WH-Z1-AisleO-Bay10-Level1 | B5: 48x T24i-30 | C5: 48x T24i-30 | D5: =IF($C5="","",IFERROR(LOOKUP(2,1/('03_Warehouse_Movements'!$C$2:$C$500=$A5),'03_Warehouse_Movements'!$E$2:$E$500),$C5)) | E5: STANDARD | F5: SAMPLE: Monitors 24-40 | H5: =IF(AND($F5="TEMP",$G5>0,$M5<>""),$M5+$G5,"") | I5: Geoff Gerber | J5: SAMPLE-TECH | K5: 46051 | L5: B:OVERFLOW-CHRIS- D:CHRIS_OVERFLOW_A_ZONE1 | M5: =IF($C5="","",IFERROR(LOOKUP(2,1/('03_Warehouse_Movements'!$C$2:$C$500=$A5),'03_Warehouse_Movements'!$A$2:$A$500),"")) | N5: =IF($C5="","",IFERROR(LOOKUP(2,1/('03_Warehouse_Movements'!$C$2:$C$500=$A5),'03_Warehouse_Movements'!$H$2:$H$500),"")) | O5: =A5 | U5: 46051 | V5: PAL-0000005 | W5: =IF($A2="","",COUNTIF('07_Pallet_Contents'!$A$2:$A$3000,$A2)) | X5: =IF($A2="","",SUMIF('07_Pallet_Contents'!$A$2:$A$3000,$A2,'07_Pallet_Contents'!$D$2:$D$3000)) | Y5: =IF($A2="","",SUMIF('07_Pallet_Contents'!$A$2:$A$3000,$A2,'07_Pallet_Contents'!$I$2:$I$3000)) | Z5: =IF($A2="","",IF(COUNTIF('07_Pallet_Contents'!$A$2:$A$3000,$A2)>0,"Yes",""))
A6: Northwell Capsule & GCX | B6: WH-ZR-AisleM-Bay1-Level3 | C6: capsule & GCX | D6: =IF($C6="","",IFERROR(LOOKUP(2,1/('03_Warehouse_Movements'!$C$2:$C$500=$A6),'03_Warehouse_Movements'!$E$2:$E$500),$C6)) | E6: STANDARD | F6: SAMPLE: Monitors 24-40 | H6: =IF(AND($F6="TEMP",$G6>0,$M6<>""),$M6+$G6,"") | I6: crate looks broken, contents are tightly wrapped / unable to 100% verify actually contents of boxes | J6: Khadejah Harrison | K6: 46059 | L6: PAL-0000006 | M6: =IF($C6="","",IFERROR(LOOKUP(2,1/('03_Warehouse_Movements'!$C$2:$C$500=$A6),'03_Warehouse_Movements'!$A$2:$A$500),"")) | N6: =IF($C6="","",IFERROR(LOOKUP(2,1/('03_Warehouse_Movements'!$C$2:$C$500=$A6),'03_Warehouse_Movements'!$H$2:$H$500),"")) | O6: =A6 | W6: =IF($A2="","",COUNTIF('07_Pallet_Contents'!$A$2:$A$3000,$A2)) | X6: =IF($A2="","",SUMIF('07_Pallet_Contents'!$A$2:$A$3000,$A2,'07_Pallet_Contents'!$D$2:$D$3000)) | Y6: =IF($A2="","",SUMIF('07_Pallet_Contents'!$A$2:$A$3000,$A2,'07_Pallet_Contents'!$I$2:$I$3000)) | Z6: =IF($A2="","",IF(COUNTIF('07_Pallet_Contents'!$A$2:$A$3000,$A2)>0,"Yes",""))
A7: WH-Z1-NOOverflow | C7: 19x T24 Thinkvision Monitor 63CFMAR1US | D7: =IF($C7="","",IFERROR(LOOKUP(2,1/('03_Warehouse_Movements'!$C$2:$C$500=$A7),'03_Warehouse_Movements'!$E$2:$E$500),$C7)) | E7: SAFE | F7: SAMPLE: Monitors 24-40 | H7: =IF(AND($F7="TEMP",$G7>0,$M7<>""),$M7+$G7,"") | I7: PAL-0000007 | K7: 46052 | L7: B:OVERFLOW-CHRIS- D:CHRIS_OVERFLOW_A_ZONE1 | M7: =IF($C7="","",IFERROR(LOOKUP(2,1/('03_Warehouse_Movements'!$C$2:$C$500=$A7),'03_Warehouse_Movements'!$A$2:$A$500),"")) | N7: =IF($C7="","",IFERROR(LOOKUP(2,1/('03_Warehouse_Movements'!$C$2:$C$500=$A7),'03_Warehouse_Movements'!$H$2:$H$500),"")) | O7: =A7 | W7: =IF($A2="","",COUNTIF('07_Pallet_Contents'!$A$2:$A$3000,$A2)) | X7: =IF($A2="","",SUMIF('07_Pallet_Contents'!$A$2:$A$3000,$A2,'07_Pallet_Contents'!$D$2:$D$3000)) | Y7: =IF($A2="","",SUMIF('07_Pallet_Contents'!$A$2:$A$3000,$A2,'07_Pallet_Contents'!$I$2:$I$3000)) | Z7: =IF($A2="","",IF(COUNTIF('07_Pallet_Contents'!$A$2:$A$3000,$A2)>0,"Yes",""))
A8: WH-Z1-AisleO-Bay7-Level1 | C8: TEMP | D8: =IF($C8="","",IFERROR(LOOKUP(2,1/('03_Warehouse_Movements'!$C$2:$C$500=$A8),'03_Warehouse_Movements'!$E$2:$E$500),$C8)) | E8: SAFE | F8: PAL-0000008 | G8: 14 | H8: =IF(AND($F8="TEMP",$G8>0,$M8<>""),$M8+$G8,"") | I8: Geoff Gerber | J8: SAMPLE-TECH | K8: 46052 | L8: B:OVERFLOW-CHRIS- D:CHRIS_OVERFLOW_A_ZONE1 | M8: =IF($C8="","",IFERROR(LOOKUP(2,1/('03_Warehouse_Movements'!$C$2:$C$500=$A8),'03_Warehouse_Movements'!$A$2:$A$500),"")) | N8: =IF($C8="","",IFERROR(LOOKUP(2,1/('03_Warehouse_Movements'!$C$2:$C$500=$A8),'03_Warehouse_Movements'!$H$2:$H$500),"")) | O8: =A8 | W8: =IF($A2="","",COUNTIF('07_Pallet_Contents'!$A$2:$A$3000,$A2)) | X8: =IF($A2="","",SUMIF('07_Pallet_Contents'!$A$2:$A$3000,$A2,'07_Pallet_Contents'!$D$2:$D$3000)) | Y8: =IF($A2="","",SUMIF('07_Pallet_Contents'!$A$2:$A$3000,$A2,'07_Pallet_Contents'!$I$2:$I$3000)) | Z8: =IF($A2="","",IF(COUNTIF('07_Pallet_Contents'!$A$2:$A$3000,$A2)>0,"Yes",""))
A9: OVERFLOW-SAMPLE-PO1007-CAT3-PAL008 | B9: WH-Z1-AisleA-Bay1-Level5 | C9: SAMPLE: Power Supplies | D9: =IF($C9="","",IFERROR(LOOKUP(2,1/('03_Warehouse_Movements'!$C$2:$C$500=$A9),'03_Warehouse_Movements'!$E$2:$E$500),$C9)) | E9: STANDARD | F9: SAMPLE: Monitors 24-40 | H9: =IF(AND($F9="TEMP",$G9>0,$M9<>""),$M9+$G9,"") | I9: PAL-0000009 | J9: SAMPLE-TECH | K9: 46052 | L9: B:OVERFLOW-<ClientLastName>-PO<PO>-<Category>-<Seq> | M9: =IF($C9="","",IFERROR(LOOKUP(2,1/('03_Warehouse_Movements'!$C$2:$C$500=$A9),'03_Warehouse_Movements'!$A$2:$A$500),"")) | N9: =IF($C9="","",IFERROR(LOOKUP(2,1/('03_Warehouse_Movements'!$C$2:$C$500=$A9),'03_Warehouse_Movements'!$H$2:$H$500),"")) | O9: =A9 | W9: =IF($A2="","",COUNTIF('07_Pallet_Contents'!$A$2:$A$3000,$A2)) | X9: =IF($A2="","",SUMIF('07_Pallet_Contents'!$A$2:$A$3000,$A2,'07_Pallet_Contents'!$D$2:$D$3000)) | Y9: =IF($A2="","",SUMIF('07_Pallet_Contents'!$A$2:$A$3000,$A2,'07_Pallet_Contents'!$I$2:$I$3000)) | Z9: =IF($A2="","",IF(COUNTIF('07_Pallet_Contents'!$A$2:$A$3000,$A2)>0,"Yes",""))
A10: WH-Z1-AisleA-Bay1-Level6 | C10: SAMPLE: Imaging Equipment | D10: =IF($C10="","",IFERROR(LOOKUP(2,1/('03_Warehouse_Movements'!$C$2:$C$500=$A10),'03_Warehouse_Movements'!$E$2:$E$500),$C10)) | E10: STANDARD | F10: SAMPLE: Monitors 24-40 | H10: =IF(AND($F10="TEMP",$G10>0,$M10<>""),$M10+$G10,"") | I10: PAL-0000010 | J10: SAMPLE-TECH | K10: 46052 | L10: B:OVERFLOW-<ClientLastName>-PO<PO>-<Category>-<Seq> | M10: =IF($C10="","",IFERROR(LOOKUP(2,1/('03_Warehouse_Movements'!$C$2:$C$500=$A10),'03_Warehouse_Movements'!$A$2:$A$500),"")) | N10: =IF($C10="","",IFERROR(LOOKUP(2,1/('03_Warehouse_Movements'!$C$2:$C$500=$A10),'03_Warehouse_Movements'!$H$2:$H$500),"")) | O10: =A10 | W10: =IF($A2="","",COUNTIF('07_Pallet_Contents'!$A$2:$A$3000,$A2)) | X10: =IF($A2="","",SUMIF('07_Pallet_Contents'!$A$2:$A$3000,$A2,'07_Pallet_Contents'!$D$2:$D$3000)) | Y10: =IF($A2="","",SUMIF('07_Pallet_Contents'!$A$2:$A$3000,$A2,'07_Pallet_Contents'!$I$2:$I$3000)) | Z10: =IF($A2="","",IF(COUNTIF('07_Pallet_Contents'!$A$2:$A$3000,$A2)>0,"Yes",""))
A11: WH-Z1-AisleA-Bay1-Level7 | C11: SAMPLE: Misc Hardware | D11: =IF($C11="","",IFERROR(LOOKUP(2,1/('03_Warehouse_Movements'!$C$2:$C$500=$A11),'03_Warehouse_Movements'!$E$2:$E$500),$C11)) | E11: STANDARD | F11: SAMPLE: Monitors 24-40 | H11: =IF(AND($F11="TEMP",$G11>0,$M11<>""),$M11+$G11,"") | I11: B | J11: SAMPLE-TECH | K11: 46052 | L11: B:OVERFLOW-<ClientLastName>-PO<PO>-<Category>-<Seq> | M11: =IF($C11="","",IFERROR(LOOKUP(2,1/('03_Warehouse_Movements'!$C$2:$C$500=$A11),'03_Warehouse_Movements'!$A$2:$A$500),"")) | N11: =IF($C11="","",IFERROR(LOOKUP(2,1/('03_Warehouse_Movements'!$C$2:$C$500=$A11),'03_Warehouse_Movements'!$H$2:$H$500),"")) | O11: =A11 | Q11: PAL-0000011 | W11: =IF($A2="","",COUNTIF('07_Pallet_Contents'!$A$2:$A$3000,$A2)) | X11: =IF($A2="","",SUMIF('07_Pallet_Contents'!$A$2:$A$3000,$A2,'07_Pallet_Contents'!$D$2:$D$3000)) | Y11: =IF($A2="","",SUMIF('07_Pallet_Contents'!$A$2:$A$3000,$A2,'07_Pallet_Contents'!$I$2:$I$3000)) | Z11: =IF($A2="","",IF(COUNTIF('07_Pallet_Contents'!$A$2:$A$3000,$A2)>0,"Yes",""))
A12: WH-Z1-AisleA-Bay1-Level8 | C12: SAMPLE: Dell Devices | D12: =IF($C12="","",IFERROR(LOOKUP(2,1/('03_Warehouse_Movements'!$C$2:$C$500=$A12),'03_Warehouse_Movements'!$E$2:$E$500),$C12)) | E12: STANDARD | F12: SAMPLE: Monitors 24-40 | H12: =IF(AND($F12="TEMP",$G12>0,$M12<>""),$M12+$G12,"") | I12: PAL-0000012 | J12: SAMPLE-TECH | K12: 46052 | L12: B:OVERFLOW-<ClientLastName>-PO<PO>-<Category>-<Seq> | M12: =IF($C12="","",IFERROR(LOOKUP(2,1/('03_Warehouse_Movements'!$C$2:$C$500=$A12),'03_Warehouse_Movements'!$A$2:$A$500),"")) | N12: =IF($C12="","",IFERROR(LOOKUP(2,1/('03_Warehouse_Movements'!$C$2:$C$500=$A12),'03_Warehouse_Movements'!$H$2:$H$500),"")) | O12: =A12 | W12: =IF($A2="","",COUNTIF('07_Pallet_Contents'!$A$2:$A$3000,$A2)) | X12: =IF($A2="","",SUMIF('07_Pallet_Contents'!$A$2:$A$3000,$A2,'07_Pallet_Contents'!$D$2:$D$3000)) | Y12: =IF($A2="","",SUMIF('07_Pallet_Contents'!$A$2:$A$3000,$A2,'07_Pallet_Contents'!$I$2:$I$3000)) | Z12: =IF($A2="","",IF(COUNTIF('07_Pallet_Contents'!$A$2:$A$3000,$A2)>0,"Yes",""))
A13: WH-Z1-AisleA-Bay1-Level9 | C13: PAL-0000013 | D13: =IF($C13="","",IFERROR(LOOKUP(2,1/('03_Warehouse_Movements'!$C$2:$C$500=$A13),'03_Warehouse_Movements'!$E$2:$E$500),$C13)) | E13: STANDARD | F13: SAMPLE: Monitors 24-40 | H13: =IF(AND($F13="TEMP",$G13>0,$M13<>""),$M13+$G13,"") | I13: SAMPLE: replace with real notes / serials / constraints | J13: SAMPLE-TECH | K13: 46052 | L13: B:OVERFLOW-<ClientLastName>-PO<PO>-<Category>-<Seq> | M13: =IF($C13="","",IFERROR(LOOKUP(2,1/('03_Warehouse_Movements'!$C$2:$C$500=$A13),'03_Warehouse_Movements'!$A$2:$A$500),"")) | N13: =IF($C13="","",IFERROR(LOOKUP(2,1/('03_Warehouse_Movements'!$C$2:$C$500=$A13),'03_Warehouse_Movements'!$H$2:$H$500),"")) | O13: =A13 | W13: =IF($A2="","",COUNTIF('07_Pallet_Contents'!$A$2:$A$3000,$A2)) | X13: =IF($A2="","",SUMIF('07_Pallet_Contents'!$A$2:$A$3000,$A2,'07_Pallet_Contents'!$D$2:$D$3000)) | Y13: =IF($A2="","",SUMIF('07_Pallet_Contents'!$A$2:$A$3000,$A2,'07_Pallet_Contents'!$I$2:$I$3000)) | Z13: =IF($A2="","",IF(COUNTIF('07_Pallet_Contents'!$A$2:$A$3000,$A2)>0,"Yes",""))
A14: WH-Z1-AisleA-Bay1-Level10 | C14: SAMPLE: Cables & Adapters | D14: =IF($C14="","",IFERROR(LOOKUP(2,1/('03_Warehouse_Movements'!$C$2:$C$500=$A14),'03_Warehouse_Movements'!$E$2:$E$500),$C14)) | E14: STANDARD | F14: PAL-0000008 | G14: 14 | H14: =IF(AND($F14="TEMP",$G14>0,$M14<>""),$M14+$G14,"") | I14: PAL-0000014 | J14: SAMPLE-TECH | K14: 46052 | L14: B:OVERFLOW-<ClientLastName>-PO<PO>-<Category>-<Seq> | M14: =IF($C14="","",IFERROR(LOOKUP(2,1/('03_Warehouse_Movements'!$C$2:$C$500=$A14),'03_Warehouse_Movements'!$A$2:$A$500),"")) | N14: =IF($C14="","",IFERROR(LOOKUP(2,1/('03_Warehouse_Movements'!$C$2:$C$500=$A14),'03_Warehouse_Movements'!$H$2:$H$500),"")) | O14: =A14 | W14: =IF($A2="","",COUNTIF('07_Pallet_Contents'!$A$2:$A$3000,$A2)) | X14: =IF($A2="","",SUMIF('07_Pallet_Contents'!$A$2:$A$3000,$A2,'07_Pallet_Contents'!$D$2:$D$3000)) | Y14: =IF($A2="","",SUMIF('07_Pallet_Contents'!$A$2:$A$3000,$A2,'07_Pallet_Contents'!$I$2:$I$3000)) | Z14: =IF($A2="","",IF(COUNTIF('07_Pallet_Contents'!$A$2:$A$3000,$A2)>0,"Yes",""))
A15: WH-Z1-AisleA-Bay1-Level11 | C15: SAMPLE: Racks & Rails | D15: =IF($C15="","",IFERROR(LOOKUP(2,1/('03_Warehouse_Movements'!$C$2:$C$500=$A15),'03_Warehouse_Movements'!$E$2:$E$500),$C15)) | E15: STANDARD | F15: SAMPLE: Monitors 24-40 | H15: =IF(AND($F15="TEMP",$G15>0,$M15<>""),$M15+$G15,"") | I15: PAL-0000015 | J15: SAMPLE-TECH | K15: 46052 | L15: B:OVERFLOW-<ClientLastName>-PO<PO>-<Category>-<Seq> | M15: =IF($C15="","",IFERROR(LOOKUP(2,1/('03_Warehouse_Movements'!$C$2:$C$500=$A15),'03_Warehouse_Movements'!$A$2:$A$500),"")) | N15: =IF($C15="","",IFERROR(LOOKUP(2,1/('03_Warehouse_Movements'!$C$2:$C$500=$A15),'03_Warehouse_Movements'!$H$2:$H$500),"")) | O15: =A15 | W15: =IF($A2="","",COUNTIF('07_Pallet_Contents'!$A$2:$A$3000,$A2)) | X15: =IF($A2="","",SUMIF('07_Pallet_Contents'!$A$2:$A$3000,$A2,'07_Pallet_Contents'!$D$2:$D$3000)) | Y15: =IF($A2="","",SUMIF('07_Pallet_Contents'!$A$2:$A$3000,$A2,'07_Pallet_Contents'!$I$2:$I$3000)) | Z15: =IF($A2="","",IF(COUNTIF('07_Pallet_Contents'!$A$2:$A$3000,$A2)>0,"Yes",""))
A16: OVERFLOW-SAMPLE-PO1014-CAT5-PAL015 | B16: WH-Z1-AisleA-Bay1-Level12 | C16: SAMPLE: Networking Gear | D16: =IF($C16="","",IFERROR(LOOKUP(2,1/('03_Warehouse_Movements'!$C$2:$C$500=$A16),'03_Warehouse_Movements'!$E$2:$E$500),$C16)) | E16: STANDARD | F16: SAMPLE: Monitors 24-40 | H16: =IF(AND($F16="TEMP",$G16>0,$M16<>""),$M16+$G16,"") | I16: PAL-0000016 | J16: SAMPLE-TECH | K16: 46052 | L16: B:OVERFLOW-<ClientLastName>-PO<PO>-<Category>-<Seq> | M16: =IF($C16="","",IFERROR(LOOKUP(2,1/('03_Warehouse_Movements'!$C$2:$C$500=$A16),'03_Warehouse_Movements'!$A$2:$A$500),"")) | N16: =IF($C16="","",IFERROR(LOOKUP(2,1/('03_Warehouse_Movements'!$C$2:$C$500=$A16),'03_Warehouse_Movements'!$H$2:$H$500),"")) | O16: =A16 | W16: =IF($A2="","",COUNTIF('07_Pallet_Contents'!$A$2:$A$3000,$A2)) | X16: =IF($A2="","",SUMIF('07_Pallet_Contents'!$A$2:$A$3000,$A2,'07_Pallet_Contents'!$D$2:$D$3000)) | Y16: =IF($A2="","",SUMIF('07_Pallet_Contents'!$A$2:$A$3000,$A2,'07_Pallet_Contents'!$I$2:$I$3000)) | Z16: =IF($A2="","",IF(COUNTIF('07_Pallet_Contents'!$A$2:$A$3000,$A2)>0,"Yes",""))
A17: WH-Z1-AisleA-Bay1-Level13 | C17: SAMPLE: Keyboards & Mice | D17: =IF($C17="","",IFERROR(LOOKUP(2,1/('03_Warehouse_Movements'!$C$2:$C$500=$A17),'03_Warehouse_Movements'!$E$2:$E$500),$C17)) | E17: STANDARD | F17: SAMPLE: Monitors 24-40 | H17: =IF(AND($F17="TEMP",$G17>0,$M17<>""),$M17+$G17,"") | I17: PAL-0000017 | J17: SAMPLE-TECH | K17: 46052 | L17: B:OVERFLOW-<ClientLastName>-PO<PO>-<Category>-<Seq> | M17: =IF($C17="","",IFERROR(LOOKUP(2,1/('03_Warehouse_Movements'!$C$2:$C$500=$A17),'03_Warehouse_Movements'!$A$2:$A$500),"")) | N17: =IF($C17="","",IFERROR(LOOKUP(2,1/('03_Warehouse_Movements'!$C$2:$C$500=$A17),'03_Warehouse_Movements'!$H$2:$H$500),"")) | O17: =A17 | W17: =IF($A2="","",COUNTIF('07_Pallet_Contents'!$A$2:$A$3000,$A2)) | X17: =IF($A2="","",SUMIF('07_Pallet_Contents'!$A$2:$A$3000,$A2,'07_Pallet_Contents'!$D$2:$D$3000)) | Y17: =IF($A2="","",SUMIF('07_Pallet_Contents'!$A$2:$A$3000,$A2,'07_Pallet_Contents'!$I$2:$I$3000)) | Z17: =IF($A2="","",IF(COUNTIF('07_Pallet_Contents'!$A$2:$A$3000,$A2)>0,"Yes",""))
A18: WH-Z1-AisleA-Bay1-Level14 | C18: SAMPLE: Spare Parts | D18: =IF($C18="","",IFERROR(LOOKUP(2,1/('03_Warehouse_Movements'!$C$2:$C$500=$A18),'03_Warehouse_Movements'!$E$2:$E$500),$C18)) | E18: STANDARD | F18: SAMPLE: Monitors 24-40 | H18: =IF(AND($F18="TEMP",$G18>0,$M18<>""),$M18+$G18,"") | I18: PAL-0000018 | J18: SAMPLE-TECH | K18: 46052 | L18: B:OVERFLOW-<ClientLastName>-PO<PO>-<Category>-<Seq> | M18: =IF($C18="","",IFERROR(LOOKUP(2,1/('03_Warehouse_Movements'!$C$2:$C$500=$A18),'03_Warehouse_Movements'!$A$2:$A$500),"")) | N18: =IF($C18="","",IFERROR(LOOKUP(2,1/('03_Warehouse_Movements'!$C$2:$C$500=$A18),'03_Warehouse_Movements'!$H$2:$H$500),"")) | O18: =A18 | W18: =IF($A2="","",COUNTIF('07_Pallet_Contents'!$A$2:$A$3000,$A2)) | X18: =IF($A2="","",SUMIF('07_Pallet_Contents'!$A$2:$A$3000,$A2,'07_Pallet_Contents'!$D$2:$D$3000)) | Y18: =IF($A2="","",SUMIF('07_Pallet_Contents'!$A$2:$A$3000,$A2,'07_Pallet_Contents'!$I$2:$I$3000)) | Z18: =IF($A2="","",IF(COUNTIF('07_Pallet_Contents'!$A$2:$A$3000,$A2)>0,"Yes",""))
A19: WH-Z1-AisleA-Bay1-Level15 | C19: PAL-0000019 | D19: =IF($C19="","",IFERROR(LOOKUP(2,1/('03_Warehouse_Movements'!$C$2:$C$500=$A19),'03_Warehouse_Movements'!$E$2:$E$500),$C19)) | E19: STANDARD | F19: SAMPLE: Monitors 24-40 | H19: =IF(AND($F19="TEMP",$G19>0,$M19<>""),$M19+$G19,"") | I19: PAL-0000009 | J19: SAMPLE-TECH | K19: 46052 | L19: B:OVERFLOW-<ClientLastName>-PO<PO>-<Category>-<Seq> | M19: =IF($C19="","",IFERROR(LOOKUP(2,1/('03_Warehouse_Movements'!$C$2:$C$500=$A19),'03_Warehouse_Movements'!$A$2:$A$500),"")) | N19: =IF($C19="","",IFERROR(LOOKUP(2,1/('03_Warehouse_Movements'!$C$2:$C$500=$A19),'03_Warehouse_Movements'!$H$2:$H$500),"")) | O19: =A19 | W19: =IF($A2="","",COUNTIF('07_Pallet_Contents'!$A$2:$A$3000,$A2)) | X19: =IF($A2="","",SUMIF('07_Pallet_Contents'!$A$2:$A$3000,$A2,'07_Pallet_Contents'!$D$2:$D$3000)) | Y19: =IF($A2="","",SUMIF('07_Pallet_Contents'!$A$2:$A$3000,$A2,'07_Pallet_Contents'!$I$2:$I$3000)) | Z19: =IF($A2="","",IF(COUNTIF('07_Pallet_Contents'!$A$2:$A$3000,$A2)>0,"Yes",""))
A20: WH-Z1-AisleA-Bay1-Level16 | C20: PAL-0000020 | D20: =IF($C20="","",IFERROR(LOOKUP(2,1/('03_Warehouse_Movements'!$C$2:$C$500=$A20),'03_Warehouse_Movements'!$E$2:$E$500),$C20)) | E20: STANDARD | F20: PAL-0000008 | G20: 14 | H20: =IF(AND($F20="TEMP",$G20>0,$M20<>""),$M20+$G20,"") | I20: PAL-0000010 | J20: SAMPLE-TECH | K20: 46052 | L20: B:OVERFLOW-<ClientLastName>-PO<PO>-<Category>-<Seq> | M20: =IF($C20="","",IFERROR(LOOKUP(2,1/('03_Warehouse_Movements'!$C$2:$C$500=$A20),'03_Warehouse_Movements'!$A$2:$A$500),"")) | N20: =IF($C20="","",IFERROR(LOOKUP(2,1/('03_Warehouse_Movements'!$C$2:$C$500=$A20),'03_Warehouse_Movements'!$H$2:$H$500),"")) | O20: =A20 | W20: =IF($A2="","",COUNTIF('07_Pallet_Contents'!$A$2:$A$3000,$A2)) | X20: =IF($A2="","",SUMIF('07_Pallet_Contents'!$A$2:$A$3000,$A2,'07_Pallet_Contents'!$D$2:$D$3000)) | Y20: =IF($A2="","",SUMIF('07_Pallet_Contents'!$A$2:$A$3000,$A2,'07_Pallet_Contents'!$I$2:$I$3000)) | Z20: =IF($A2="","",IF(COUNTIF('07_Pallet_Contents'!$A$2:$A$3000,$A2)>0,"Yes",""))
A21: WH-Z1-AisleA-Bay1-Level17 | C21: PAL-0000021 | D21: =IF($C21="","",IFERROR(LOOKUP(2,1/('03_Warehouse_Movements'!$C$2:$C$500=$A21),'03_Warehouse_Movements'!$E$2:$E$500),$C21)) | E21: STANDARD | F21: SAMPLE: Monitors 24-40 | H21: =IF(AND($F21="TEMP",$G21>0,$M21<>""),$M21+$G21,"") | I21: B | J21: SAMPLE-TECH | K21: 46052 | L21: B:OVERFLOW-<ClientLastName>-PO<PO>-<Category>-<Seq> | M21: =IF($C21="","",IFERROR(LOOKUP(2,1/('03_Warehouse_Movements'!$C$2:$C$500=$A21),'03_Warehouse_Movements'!$A$2:$A$500),"")) | N21: =IF($C21="","",IFERROR(LOOKUP(2,1/('03_Warehouse_Movements'!$C$2:$C$500=$A21),'03_Warehouse_Movements'!$H$2:$H$500),"")) | O21: =A21 | W21: =IF($A2="","",COUNTIF('07_Pallet_Contents'!$A$2:$A$3000,$A2)) | X21: =IF($A2="","",SUMIF('07_Pallet_Contents'!$A$2:$A$3000,$A2,'07_Pallet_Contents'!$D$2:$D$3000)) | Y21: =IF($A2="","",SUMIF('07_Pallet_Contents'!$A$2:$A$3000,$A2,'07_Pallet_Contents'!$I$2:$I$3000)) | Z21: =IF($A2="","",IF(COUNTIF('07_Pallet_Contents'!$A$2:$A$3000,$A2)>0,"Yes",""))
A22: WH-Z1-AisleA-Bay1-Level18 | C22: PAL-0000022 | D22: =IF($C22="","",IFERROR(LOOKUP(2,1/('03_Warehouse_Movements'!$C$2:$C$500=$A22),'03_Warehouse_Movements'!$E$2:$E$500),$C22)) | E22: STANDARD | F22: SAMPLE: Monitors 24-40 | H22: =IF(AND($F22="TEMP",$G22>0,$M22<>""),$M22+$G22,"") | I22: PAL-0000012 | J22: SAMPLE-TECH | K22: 46052 | L22: B:OVERFLOW-<ClientLastName>-PO<PO>-<Category>-<Seq> | M22: =IF($C22="","",IFERROR(LOOKUP(2,1/('03_Warehouse_Movements'!$C$2:$C$500=$A22),'03_Warehouse_Movements'!$A$2:$A$500),"")) | N22: =IF($C22="","",IFERROR(LOOKUP(2,1/('03_Warehouse_Movements'!$C$2:$C$500=$A22),'03_Warehouse_Movements'!$H$2:$H$500),"")) | O22: =A22 | W22: =IF($A2="","",COUNTIF('07_Pallet_Contents'!$A$2:$A$3000,$A2)) | X22: =IF($A2="","",SUMIF('07_Pallet_Contents'!$A$2:$A$3000,$A2,'07_Pallet_Contents'!$D$2:$D$3000)) | Y22: =IF($A2="","",SUMIF('07_Pallet_Contents'!$A$2:$A$3000,$A2,'07_Pallet_Contents'!$I$2:$I$3000)) | Z22: =IF($A2="","",IF(COUNTIF('07_Pallet_Contents'!$A$2:$A$3000,$A2)>0,"Yes",""))
A23: OVERFLOW-SAMPLE-PO1021-CAT2-PAL022 | B23: WH-Z1-AisleA-Bay1-Level19 | C23: PAL-0000023 | D23: =IF($C23="","",IFERROR(LOOKUP(2,1/('03_Warehouse_Movements'!$C$2:$C$500=$A23),'03_Warehouse_Movements'!$E$2:$E$500),$C23)) | E23: STANDARD | F23: SAMPLE: Monitors 24-40 | H23: =IF(AND($F23="TEMP",$G23>0,$M23<>""),$M23+$G23,"") | I23: SAMPLE: replace with real notes / serials / constraints | J23: SAMPLE-TECH | K23: 46052 | L23: B:OVERFLOW-<ClientLastName>-PO<PO>-<Category>-<Seq> | M23: =IF($C23="","",IFERROR(LOOKUP(2,1/('03_Warehouse_Movements'!$C$2:$C$500=$A23),'03_Warehouse_Movements'!$A$2:$A$500),"")) | N23: =IF($C23="","",IFERROR(LOOKUP(2,1/('03_Warehouse_Movements'!$C$2:$C$500=$A23),'03_Warehouse_Movements'!$H$2:$H$500),"")) | O23: =A23 | W23: =IF($A2="","",COUNTIF('07_Pallet_Contents'!$A$2:$A$3000,$A2)) | X23: =IF($A2="","",SUMIF('07_Pallet_Contents'!$A$2:$A$3000,$A2,'07_Pallet_Contents'!$D$2:$D$3000)) | Y23: =IF($A2="","",SUMIF('07_Pallet_Contents'!$A$2:$A$3000,$A2,'07_Pallet_Contents'!$I$2:$I$3000)) | Z23: =IF($A2="","",IF(COUNTIF('07_Pallet_Contents'!$A$2:$A$3000,$A2)>0,"Yes",""))
A24: WH-Z1-AisleA-Bay1-Level20 | C24: PAL-0000024 | D24: =IF($C24="","",IFERROR(LOOKUP(2,1/('03_Warehouse_Movements'!$C$2:$C$500=$A24),'03_Warehouse_Movements'!$E$2:$E$500),$C24)) | E24: STANDARD | F24: SAMPLE: Monitors 24-40 | H24: =IF(AND($F24="TEMP",$G24>0,$M24<>""),$M24+$G24,"") | I24: PAL-0000014 | J24: SAMPLE-TECH | K24: 46052 | L24: B:OVERFLOW-<ClientLastName>-PO<PO>-<Category>-<Seq> | M24: =IF($C24="","",IFERROR(LOOKUP(2,1/('03_Warehouse_Movements'!$C$2:$C$500=$A24),'03_Warehouse_Movements'!$A$2:$A$500),"")) | N24: =IF($C24="","",IFERROR(LOOKUP(2,1/('03_Warehouse_Movements'!$C$2:$C$500=$A24),'03_Warehouse_Movements'!$H$2:$H$500),"")) | O24: =A24 | W24: =IF($A2="","",COUNTIF('07_Pallet_Contents'!$A$2:$A$3000,$A2)) | X24: =IF($A2="","",SUMIF('07_Pallet_Contents'!$A$2:$A$3000,$A2,'07_Pallet_Contents'!$D$2:$D$3000)) | Y24: =IF($A2="","",SUMIF('07_Pallet_Contents'!$A$2:$A$3000,$A2,'07_Pallet_Contents'!$I$2:$I$3000)) | Z24: =IF($A2="","",IF(COUNTIF('07_Pallet_Contents'!$A$2:$A$3000,$A2)>0,"Yes",""))
A25: WH-Z1-AisleB-Bay1-Level1 | C25: PAL-0000025 | D25: =IF($C25="","",IFERROR(LOOKUP(2,1/('03_Warehouse_Movements'!$C$2:$C$500=$A25),'03_Warehouse_Movements'!$E$2:$E$500),$C25)) | E25: STANDARD | F25: SAMPLE: Monitors 24-40 | H25: =IF(AND($F25="TEMP",$G25>0,$M25<>""),$M25+$G25,"") | I25: PAL-0000015 | J25: SAMPLE-TECH | K25: 46052 | L25: B:OVERFLOW-<ClientLastName>-PO<PO>-<Category>-<Seq> | M25: =IF($C25="","",IFERROR(LOOKUP(2,1/('03_Warehouse_Movements'!$C$2:$C$500=$A25),'03_Warehouse_Movements'!$A$2:$A$500),"")) | N25: =IF($C25="","",IFERROR(LOOKUP(2,1/('03_Warehouse_Movements'!$C$2:$C$500=$A25),'03_Warehouse_Movements'!$H$2:$H$500),"")) | O25: =A25 | W25: =IF($A2="","",COUNTIF('07_Pallet_Contents'!$A$2:$A$3000,$A2)) | X25: =IF($A2="","",SUMIF('07_Pallet_Contents'!$A$2:$A$3000,$A2,'07_Pallet_Contents'!$D$2:$D$3000)) | Y25: =IF($A2="","",SUMIF('07_Pallet_Contents'!$A$2:$A$3000,$A2,'07_Pallet_Contents'!$I$2:$I$3000)) | Z25: =IF($A2="","",IF(COUNTIF('07_Pallet_Contents'!$A$2:$A$3000,$A2)>0,"Yes",""))
A26: WH-Z1-AisleB-Bay1-Level2 | C26: PAL-0000026 | D26: =IF($C26="","",IFERROR(LOOKUP(2,1/('03_Warehouse_Movements'!$C$2:$C$500=$A26),'03_Warehouse_Movements'!$E$2:$E$500),$C26)) | E26: STANDARD | F26: PAL-0000008 | G26: 14 | H26: =IF(AND($F26="TEMP",$G26>0,$M26<>""),$M26+$G26,"") | I26: PAL-0000016 | J26: SAMPLE-TECH | K26: 46052 | L26: B:OVERFLOW-<ClientLastName>-PO<PO>-<Category>-<Seq> | M26: =IF($C26="","",IFERROR(LOOKUP(2,1/('03_Warehouse_Movements'!$C$2:$C$500=$A26),'03_Warehouse_Movements'!$A$2:$A$500),"")) | N26: =IF($C26="","",IFERROR(LOOKUP(2,1/('03_Warehouse_Movements'!$C$2:$C$500=$A26),'03_Warehouse_Movements'!$H$2:$H$500),"")) | O26: =A26 | W26: =IF($A2="","",COUNTIF('07_Pallet_Contents'!$A$2:$A$3000,$A2)) | X26: =IF($A2="","",SUMIF('07_Pallet_Contents'!$A$2:$A$3000,$A2,'07_Pallet_Contents'!$D$2:$D$3000)) | Y26: =IF($A2="","",SUMIF('07_Pallet_Contents'!$A$2:$A$3000,$A2,'07_Pallet_Contents'!$I$2:$I$3000)) | Z26: =IF($A2="","",IF(COUNTIF('07_Pallet_Contents'!$A$2:$A$3000,$A2)>0,"Yes",""))
A27: WH-Z1-AisleB-Bay1-Level3 | C27: PAL-0000027 | D27: =IF($C27="","",IFERROR(LOOKUP(2,1/('03_Warehouse_Movements'!$C$2:$C$500=$A27),'03_Warehouse_Movements'!$E$2:$E$500),$C27)) | E27: STANDARD | F27: SAMPLE: Monitors 24-40 | H27: =IF(AND($F27="TEMP",$G27>0,$M27<>""),$M27+$G27,"") | I27: PAL-0000017 | J27: SAMPLE-TECH | K27: 46052 | L27: B:OVERFLOW-<ClientLastName>-PO<PO>-<Category>-<Seq> | M27: =IF($C27="","",IFERROR(LOOKUP(2,1/('03_Warehouse_Movements'!$C$2:$C$500=$A27),'03_Warehouse_Movements'!$A$2:$A$500),"")) | N27: =IF($C27="","",IFERROR(LOOKUP(2,1/('03_Warehouse_Movements'!$C$2:$C$500=$A27),'03_Warehouse_Movements'!$H$2:$H$500),"")) | O27: =A27 | W27: =IF($A2="","",COUNTIF('07_Pallet_Contents'!$A$2:$A$3000,$A2)) | X27: =IF($A2="","",SUMIF('07_Pallet_Contents'!$A$2:$A$3000,$A2,'07_Pallet_Contents'!$D$2:$D$3000)) | Y27: =IF($A2="","",SUMIF('07_Pallet_Contents'!$A$2:$A$3000,$A2,'07_Pallet_Contents'!$I$2:$I$3000)) | Z27: =IF($A2="","",IF(COUNTIF('07_Pallet_Contents'!$A$2:$A$3000,$A2)>0,"Yes",""))
A28: WH-Z1-AisleB-Bay1-Level4 | C28: PAL-0000028 | D28: =IF($C28="","",IFERROR(LOOKUP(2,1/('03_Warehouse_Movements'!$C$2:$C$500=$A28),'03_Warehouse_Movements'!$E$2:$E$500),$C28)) | E28: STANDARD | F28: SAMPLE: Monitors 24-40 | H28: =IF(AND($F28="TEMP",$G28>0,$M28<>""),$M28+$G28,"") | I28: PAL-0000018 | J28: SAMPLE-TECH | K28: 46052 | L28: B:OVERFLOW-<ClientLastName>-PO<PO>-<Category>-<Seq> | M28: =IF($C28="","",IFERROR(LOOKUP(2,1/('03_Warehouse_Movements'!$C$2:$C$500=$A28),'03_Warehouse_Movements'!$A$2:$A$500),"")) | N28: =IF($C28="","",IFERROR(LOOKUP(2,1/('03_Warehouse_Movements'!$C$2:$C$500=$A28),'03_Warehouse_Movements'!$H$2:$H$500),"")) | O28: =A28 | W28: =IF($A2="","",COUNTIF('07_Pallet_Contents'!$A$2:$A$3000,$A2)) | X28: =IF($A2="","",SUMIF('07_Pallet_Contents'!$A$2:$A$3000,$A2,'07_Pallet_Contents'!$D$2:$D$3000)) | Y28: =IF($A2="","",SUMIF('07_Pallet_Contents'!$A$2:$A$3000,$A2,'07_Pallet_Contents'!$I$2:$I$3000)) | Z28: =IF($A2="","",IF(COUNTIF('07_Pallet_Contents'!$A$2:$A$3000,$A2)>0,"Yes",""))
A29: WH-Z1-AisleB-Bay1-Level5 | C29: PAL-0000029 | D29: =IF($C29="","",IFERROR(LOOKUP(2,1/('03_Warehouse_Movements'!$C$2:$C$500=$A29),'03_Warehouse_Movements'!$E$2:$E$500),$C29)) | E29: STANDARD | F29: SAMPLE: Monitors 24-40 | H29: =IF(AND($F29="TEMP",$G29>0,$M29<>""),$M29+$G29,"") | I29: PAL-0000009 | J29: SAMPLE-TECH | K29: 46052 | L29: B:OVERFLOW-<ClientLastName>-PO<PO>-<Category>-<Seq> | M29: =IF($C29="","",IFERROR(LOOKUP(2,1/('03_Warehouse_Movements'!$C$2:$C$500=$A29),'03_Warehouse_Movements'!$A$2:$A$500),"")) | N29: =IF($C29="","",IFERROR(LOOKUP(2,1/('03_Warehouse_Movements'!$C$2:$C$500=$A29),'03_Warehouse_Movements'!$H$2:$H$500),"")) | O29: =A29 | W29: =IF($A2="","",COUNTIF('07_Pallet_Contents'!$A$2:$A$3000,$A2)) | X29: =IF($A2="","",SUMIF('07_Pallet_Contents'!$A$2:$A$3000,$A2,'07_Pallet_Contents'!$D$2:$D$3000)) | Y29: =IF($A2="","",SUMIF('07_Pallet_Contents'!$A$2:$A$3000,$A2,'07_Pallet_Contents'!$I$2:$I$3000)) | Z29: =IF($A2="","",IF(COUNTIF('07_Pallet_Contents'!$A$2:$A$3000,$A2)>0,"Yes",""))
A30: OVERFLOW-SAMPLE-PO1028-CAT4-PAL029 | B30: WH-Z1-AisleB-Bay1-Level6 | C30: PAL-0000030 | D30: =IF($C30="","",IFERROR(LOOKUP(2,1/('03_Warehouse_Movements'!$C$2:$C$500=$A30),'03_Warehouse_Movements'!$E$2:$E$500),$C30)) | E30: STANDARD | F30: SAMPLE: Monitors 24-40 | H30: =IF(AND($F30="TEMP",$G30>0,$M30<>""),$M30+$G30,"") | I30: PAL-0000010 | J30: SAMPLE-TECH | K30: 46052 | L30: B:OVERFLOW-<ClientLastName>-PO<PO>-<Category>-<Seq> | M30: =IF($C30="","",IFERROR(LOOKUP(2,1/('03_Warehouse_Movements'!$C$2:$C$500=$A30),'03_Warehouse_Movements'!$A$2:$A$500),"")) | N30: =IF($C30="","",IFERROR(LOOKUP(2,1/('03_Warehouse_Movements'!$C$2:$C$500=$A30),'03_Warehouse_Movements'!$H$2:$H$500),"")) | O30: =A30 | W30: =IF($A2="","",COUNTIF('07_Pallet_Contents'!$A$2:$A$3000,$A2)) | X30: =IF($A2="","",SUMIF('07_Pallet_Contents'!$A$2:$A$3000,$A2,'07_Pallet_Contents'!$D$2:$D$3000)) | Y30: =IF($A2="","",SUMIF('07_Pallet_Contents'!$A$2:$A$3000,$A2,'07_Pallet_Contents'!$I$2:$I$3000)) | Z30: =IF($A2="","",IF(COUNTIF('07_Pallet_Contents'!$A$2:$A$3000,$A2)>0,"Yes",""))
A31: WH-Z1-AisleB-Bay1-Level7 | C31: PAL-0000031 | D31: =IF($C31="","",IFERROR(LOOKUP(2,1/('03_Warehouse_Movements'!$C$2:$C$500=$A31),'03_Warehouse_Movements'!$E$2:$E$500),$C31)) | E31: STANDARD | F31: SAMPLE: Monitors 24-40 | H31: =IF(AND($F31="TEMP",$G31>0,$M31<>""),$M31+$G31,"") | I31: B | J31: SAMPLE-TECH | K31: 46052 | L31: B:OVERFLOW-<ClientLastName>-PO<PO>-<Category>-<Seq> | M31: =IF($C31="","",IFERROR(LOOKUP(2,1/('03_Warehouse_Movements'!$C$2:$C$500=$A31),'03_Warehouse_Movements'!$A$2:$A$500),"")) | N31: =IF($C31="","",IFERROR(LOOKUP(2,1/('03_Warehouse_Movements'!$C$2:$C$500=$A31),'03_Warehouse_Movements'!$H$2:$H$500),"")) | O31: =A31 | W31: =IF($A2="","",COUNTIF('07_Pallet_Contents'!$A$2:$A$3000,$A2)) | X31: =IF($A2="","",SUMIF('07_Pallet_Contents'!$A$2:$A$3000,$A2,'07_Pallet_Contents'!$D$2:$D$3000)) | Y31: =IF($A2="","",SUMIF('07_Pallet_Contents'!$A$2:$A$3000,$A2,'07_Pallet_Contents'!$I$2:$I$3000)) | Z31: =IF($A2="","",IF(COUNTIF('07_Pallet_Contents'!$A$2:$A$3000,$A2)>0,"Yes",""))
A32: WH-Z1-AisleB-Bay1-Level8 | C32: PAL-0000032 | D32: =IF($C32="","",IFERROR(LOOKUP(2,1/('03_Warehouse_Movements'!$C$2:$C$500=$A32),'03_Warehouse_Movements'!$E$2:$E$500),$C32)) | E32: STANDARD | F32: PAL-0000008 | G32: 14 | H32: =IF(AND($F32="TEMP",$G32>0,$M32<>""),$M32+$G32,"") | I32: PAL-0000012 | J32: SAMPLE-TECH | K32: 46052 | L32: B:OVERFLOW-<ClientLastName>-PO<PO>-<Category>-<Seq> | M32: =IF($C32="","",IFERROR(LOOKUP(2,1/('03_Warehouse_Movements'!$C$2:$C$500=$A32),'03_Warehouse_Movements'!$A$2:$A$500),"")) | N32: =IF($C32="","",IFERROR(LOOKUP(2,1/('03_Warehouse_Movements'!$C$2:$C$500=$A32),'03_Warehouse_Movements'!$H$2:$H$500),"")) | O32: =A32 | W32: =IF($A2="","",COUNTIF('07_Pallet_Contents'!$A$2:$A$3000,$A2)) | X32: =IF($A2="","",SUMIF('07_Pallet_Contents'!$A$2:$A$3000,$A2,'07_Pallet_Contents'!$D$2:$D$3000)) | Y32: =IF($A2="","",SUMIF('07_Pallet_Contents'!$A$2:$A$3000,$A2,'07_Pallet_Contents'!$I$2:$I$3000)) | Z32: =IF($A2="","",IF(COUNTIF('07_Pallet_Contents'!$A$2:$A$3000,$A2)>0,"Yes",""))
A33: WH-Z1-AisleB-Bay1-Level9 | C33: PAL-0000033 | D33: =IF($C33="","",IFERROR(LOOKUP(2,1/('03_Warehouse_Movements'!$C$2:$C$500=$A33),'03_Warehouse_Movements'!$E$2:$E$500),$C33)) | E33: STANDARD | F33: SAMPLE: Monitors 24-40 | H33: =IF(AND($F33="TEMP",$G33>0,$M33<>""),$M33+$G33,"") | I33: SAMPLE: replace with real notes / serials / constraints | J33: SAMPLE-TECH | K33: 46052 | L33: B:OVERFLOW-<ClientLastName>-PO<PO>-<Category>-<Seq> | M33: =IF($C33="","",IFERROR(LOOKUP(2,1/('03_Warehouse_Movements'!$C$2:$C$500=$A33),'03_Warehouse_Movements'!$A$2:$A$500),"")) | N33: =IF($C33="","",IFERROR(LOOKUP(2,1/('03_Warehouse_Movements'!$C$2:$C$500=$A33),'03_Warehouse_Movements'!$H$2:$H$500),"")) | O33: =A33 | W33: =IF($A2="","",COUNTIF('07_Pallet_Contents'!$A$2:$A$3000,$A2)) | X33: =IF($A2="","",SUMIF('07_Pallet_Contents'!$A$2:$A$3000,$A2,'07_Pallet_Contents'!$D$2:$D$3000)) | Y33: =IF($A2="","",SUMIF('07_Pallet_Contents'!$A$2:$A$3000,$A2,'07_Pallet_Contents'!$I$2:$I$3000)) | Z33: =IF($A2="","",IF(COUNTIF('07_Pallet_Contents'!$A$2:$A$3000,$A2)>0,"Yes",""))
A34: WH-Z1-AisleB-Bay1-Level10 | C34: PAL-0000034 | D34: =IF($C34="","",IFERROR(LOOKUP(2,1/('03_Warehouse_Movements'!$C$2:$C$500=$A34),'03_Warehouse_Movements'!$E$2:$E$500),$C34)) | E34: STANDARD | F34: SAMPLE: Monitors 24-40 | H34: =IF(AND($F34="TEMP",$G34>0,$M34<>""),$M34+$G34,"") | I34: PAL-0000014 | J34: SAMPLE-TECH | K34: 46052 | L34: B:OVERFLOW-<ClientLastName>-PO<PO>-<Category>-<Seq> | M34: =IF($C34="","",IFERROR(LOOKUP(2,1/('03_Warehouse_Movements'!$C$2:$C$500=$A34),'03_Warehouse_Movements'!$A$2:$A$500),"")) | N34: =IF($C34="","",IFERROR(LOOKUP(2,1/('03_Warehouse_Movements'!$C$2:$C$500=$A34),'03_Warehouse_Movements'!$H$2:$H$500),"")) | O34: =A34 | W34: =IF($A2="","",COUNTIF('07_Pallet_Contents'!$A$2:$A$3000,$A2)) | X34: =IF($A2="","",SUMIF('07_Pallet_Contents'!$A$2:$A$3000,$A2,'07_Pallet_Contents'!$D$2:$D$3000)) | Y34: =IF($A2="","",SUMIF('07_Pallet_Contents'!$A$2:$A$3000,$A2,'07_Pallet_Contents'!$I$2:$I$3000)) | Z34: =IF($A2="","",IF(COUNTIF('07_Pallet_Contents'!$A$2:$A$3000,$A2)>0,"Yes",""))
A35: WH-Z1-AisleB-Bay1-Level11 | C35: PAL-0000035 | D35: =IF($C35="","",IFERROR(LOOKUP(2,1/('03_Warehouse_Movements'!$C$2:$C$500=$A35),'03_Warehouse_Movements'!$E$2:$E$500),$C35)) | E35: STANDARD | F35: SAMPLE: Monitors 24-40 | H35: =IF(AND($F35="TEMP",$G35>0,$M35<>""),$M35+$G35,"") | I35: PAL-0000015 | J35: SAMPLE-TECH | K35: 46052 | L35: B:OVERFLOW-<ClientLastName>-PO<PO>-<Category>-<Seq> | M35: =IF($C35="","",IFERROR(LOOKUP(2,1/('03_Warehouse_Movements'!$C$2:$C$500=$A35),'03_Warehouse_Movements'!$A$2:$A$500),"")) | N35: =IF($C35="","",IFERROR(LOOKUP(2,1/('03_Warehouse_Movements'!$C$2:$C$500=$A35),'03_Warehouse_Movements'!$H$2:$H$500),"")) | O35: =A35 | W35: =IF($A2="","",COUNTIF('07_Pallet_Contents'!$A$2:$A$3000,$A2)) | X35: =IF($A2="","",SUMIF('07_Pallet_Contents'!$A$2:$A$3000,$A2,'07_Pallet_Contents'!$D$2:$D$3000)) | Y35: =IF($A2="","",SUMIF('07_Pallet_Contents'!$A$2:$A$3000,$A2,'07_Pallet_Contents'!$I$2:$I$3000)) | Z35: =IF($A2="","",IF(COUNTIF('07_Pallet_Contents'!$A$2:$A$3000,$A2)>0,"Yes",""))
A36: WH-Z1-AisleB-Bay1-Level12 | C36: PAL-0000036 | D36: =IF($C36="","",IFERROR(LOOKUP(2,1/('03_Warehouse_Movements'!$C$2:$C$500=$A36),'03_Warehouse_Movements'!$E$2:$E$500),$C36)) | E36: STANDARD | F36: SAMPLE: Monitors 24-40 | H36: =IF(AND($F36="TEMP",$G36>0,$M36<>""),$M36+$G36,"") | I36: PAL-0000016 | J36: SAMPLE-TECH | K36: 46052 | L36: B:OVERFLOW-<ClientLastName>-PO<PO>-<Category>-<Seq> | M36: =IF($C36="","",IFERROR(LOOKUP(2,1/('03_Warehouse_Movements'!$C$2:$C$500=$A36),'03_Warehouse_Movements'!$A$2:$A$500),"")) | N36: =IF($C36="","",IFERROR(LOOKUP(2,1/('03_Warehouse_Movements'!$C$2:$C$500=$A36),'03_Warehouse_Movements'!$H$2:$H$500),"")) | O36: =A36 | W36: =IF($A2="","",COUNTIF('07_Pallet_Contents'!$A$2:$A$3000,$A2)) | X36: =IF($A2="","",SUMIF('07_Pallet_Contents'!$A$2:$A$3000,$A2,'07_Pallet_Contents'!$D$2:$D$3000)) | Y36: =IF($A2="","",SUMIF('07_Pallet_Contents'!$A$2:$A$3000,$A2,'07_Pallet_Contents'!$I$2:$I$3000)) | Z36: =IF($A2="","",IF(COUNTIF('07_Pallet_Contents'!$A$2:$A$3000,$A2)>0,"Yes",""))
A37: OVERFLOW-SAMPLE-PO1035-CAT1-PAL036 | B37: WH-Z1-AisleB-Bay1-Level13 | C37: PAL-0000037 | D37: =IF($C37="","",IFERROR(LOOKUP(2,1/('03_Warehouse_Movements'!$C$2:$C$500=$A37),'03_Warehouse_Movements'!$E$2:$E$500),$C37)) | E37: STANDARD | F37: SAMPLE: Monitors 24-40 | H37: =IF(AND($F37="TEMP",$G37>0,$M37<>""),$M37+$G37,"") | I37: PAL-0000017 | J37: SAMPLE-TECH | K37: 46052 | L37: B:OVERFLOW-<ClientLastName>-PO<PO>-<Category>-<Seq> | M37: =IF($C37="","",IFERROR(LOOKUP(2,1/('03_Warehouse_Movements'!$C$2:$C$500=$A37),'03_Warehouse_Movements'!$A$2:$A$500),"")) | N37: =IF($C37="","",IFERROR(LOOKUP(2,1/('03_Warehouse_Movements'!$C$2:$C$500=$A37),'03_Warehouse_Movements'!$H$2:$H$500),"")) | O37: =A37 | W37: =IF($A2="","",COUNTIF('07_Pallet_Contents'!$A$2:$A$3000,$A2)) | X37: =IF($A2="","",SUMIF('07_Pallet_Contents'!$A$2:$A$3000,$A2,'07_Pallet_Contents'!$D$2:$D$3000)) | Y37: =IF($A2="","",SUMIF('07_Pallet_Contents'!$A$2:$A$3000,$A2,'07_Pallet_Contents'!$I$2:$I$3000)) | Z37: =IF($A2="","",IF(COUNTIF('07_Pallet_Contents'!$A$2:$A$3000,$A2)>0,"Yes",""))
A38: WH-Z1-AisleB-Bay1-Level14 | C38: PAL-0000038 | D38: =IF($C38="","",IFERROR(LOOKUP(2,1/('03_Warehouse_Movements'!$C$2:$C$500=$A38),'03_Warehouse_Movements'!$E$2:$E$500),$C38)) | E38: STANDARD | F38: PAL-0000008 | G38: 14 | H38: =IF(AND($F38="TEMP",$G38>0,$M38<>""),$M38+$G38,"") | I38: PAL-0000018 | J38: SAMPLE-TECH | K38: 46052 | L38: B:OVERFLOW-<ClientLastName>-PO<PO>-<Category>-<Seq> | M38: =IF($C38="","",IFERROR(LOOKUP(2,1/('03_Warehouse_Movements'!$C$2:$C$500=$A38),'03_Warehouse_Movements'!$A$2:$A$500),"")) | N38: =IF($C38="","",IFERROR(LOOKUP(2,1/('03_Warehouse_Movements'!$C$2:$C$500=$A38),'03_Warehouse_Movements'!$H$2:$H$500),"")) | O38: =A38 | W38: =IF($A2="","",COUNTIF('07_Pallet_Contents'!$A$2:$A$3000,$A2)) | X38: =IF($A2="","",SUMIF('07_Pallet_Contents'!$A$2:$A$3000,$A2,'07_Pallet_Contents'!$D$2:$D$3000)) | Y38: =IF($A2="","",SUMIF('07_Pallet_Contents'!$A$2:$A$3000,$A2,'07_Pallet_Contents'!$I$2:$I$3000)) | Z38: =IF($A2="","",IF(COUNTIF('07_Pallet_Contents'!$A$2:$A$3000,$A2)>0,"Yes",""))
A39: WH-Z1-AisleB-Bay1-Level15 | C39: PAL-0000039 | D39: =IF($C39="","",IFERROR(LOOKUP(2,1/('03_Warehouse_Movements'!$C$2:$C$500=$A39),'03_Warehouse_Movements'!$E$2:$E$500),$C39)) | E39: STANDARD | F39: SAMPLE: Monitors 24-40 | H39: =IF(AND($F39="TEMP",$G39>0,$M39<>""),$M39+$G39,"") | I39: PAL-0000009 | J39: SAMPLE-TECH | K39: 46052 | L39: B:OVERFLOW-<ClientLastName>-PO<PO>-<Category>-<Seq> | M39: =IF($C39="","",IFERROR(LOOKUP(2,1/('03_Warehouse_Movements'!$C$2:$C$500=$A39),'03_Warehouse_Movements'!$A$2:$A$500),"")) | N39: =IF($C39="","",IFERROR(LOOKUP(2,1/('03_Warehouse_Movements'!$C$2:$C$500=$A39),'03_Warehouse_Movements'!$H$2:$H$500),"")) | O39: =A39 | W39: =IF($A2="","",COUNTIF('07_Pallet_Contents'!$A$2:$A$3000,$A2)) | X39: =IF($A2="","",SUMIF('07_Pallet_Contents'!$A$2:$A$3000,$A2,'07_Pallet_Contents'!$D$2:$D$3000)) | Y39: =IF($A2="","",SUMIF('07_Pallet_Contents'!$A$2:$A$3000,$A2,'07_Pallet_Contents'!$I$2:$I$3000)) | Z39: =IF($A2="","",IF(COUNTIF('07_Pallet_Contents'!$A$2:$A$3000,$A2)>0,"Yes",""))
A40: WH-Z1-AisleB-Bay1-Level16 | C40: PAL-0000040 | D40: =IF($C40="","",IFERROR(LOOKUP(2,1/('03_Warehouse_Movements'!$C$2:$C$500=$A40),'03_Warehouse_Movements'!$E$2:$E$500),$C40)) | E40: STANDARD | F40: SAMPLE: Monitors 24-40 | H40: =IF(AND($F40="TEMP",$G40>0,$M40<>""),$M40+$G40,"") | I40: PAL-0000010 | J40: SAMPLE-TECH | K40: 46052 | L40: B:OVERFLOW-<ClientLastName>-PO<PO>-<Category>-<Seq> | M40: =IF($C40="","",IFERROR(LOOKUP(2,1/('03_Warehouse_Movements'!$C$2:$C$500=$A40),'03_Warehouse_Movements'!$A$2:$A$500),"")) | N40: =IF($C40="","",IFERROR(LOOKUP(2,1/('03_Warehouse_Movements'!$C$2:$C$500=$A40),'03_Warehouse_Movements'!$H$2:$H$500),"")) | O40: =A40 | W40: =IF($A2="","",COUNTIF('07_Pallet_Contents'!$A$2:$A$3000,$A2)) | X40: =IF($A2="","",SUMIF('07_Pallet_Contents'!$A$2:$A$3000,$A2,'07_Pallet_Contents'!$D$2:$D$3000)) | Y40: =IF($A2="","",SUMIF('07_Pallet_Contents'!$A$2:$A$3000,$A2,'07_Pallet_Contents'!$I$2:$I$3000)) | Z40: =IF($A2="","",IF(COUNTIF('07_Pallet_Contents'!$A$2:$A$3000,$A2)>0,"Yes",""))
A41: WH-Z1-AisleB-Bay1-Level17 | C41: PAL-0000041 | D41: =IF($C41="","",IFERROR(LOOKUP(2,1/('03_Warehouse_Movements'!$C$2:$C$500=$A41),'03_Warehouse_Movements'!$E$2:$E$500),$C41)) | E41: STANDARD | F41: SAMPLE: Monitors 24-40 | H41: =IF(AND($F41="TEMP",$G41>0,$M41<>""),$M41+$G41,"") | I41: B | J41: SAMPLE-TECH | K41: 46052 | L41: B:OVERFLOW-<ClientLastName>-PO<PO>-<Category>-<Seq> | M41: =IF($C41="","",IFERROR(LOOKUP(2,1/('03_Warehouse_Movements'!$C$2:$C$500=$A41),'03_Warehouse_Movements'!$A$2:$A$500),"")) | N41: =IF($C41="","",IFERROR(LOOKUP(2,1/('03_Warehouse_Movements'!$C$2:$C$500=$A41),'03_Warehouse_Movements'!$H$2:$H$500),"")) | O41: =A41 | W41: =IF($A2="","",COUNTIF('07_Pallet_Contents'!$A$2:$A$3000,$A2)) | X41: =IF($A2="","",SUMIF('07_Pallet_Contents'!$A$2:$A$3000,$A2,'07_Pallet_Contents'!$D$2:$D$3000)) | Y41: =IF($A2="","",SUMIF('07_Pallet_Contents'!$A$2:$A$3000,$A2,'07_Pallet_Contents'!$I$2:$I$3000)) | Z41: =IF($A2="","",IF(COUNTIF('07_Pallet_Contents'!$A$2:$A$3000,$A2)>0,"Yes",""))
A42: WH-Z1-AisleB-Bay1-Level18 | C42: PAL-0000042 | D42: =IF($C42="","",IFERROR(LOOKUP(2,1/('03_Warehouse_Movements'!$C$2:$C$500=$A42),'03_Warehouse_Movements'!$E$2:$E$500),$C42)) | E42: STANDARD | F42: SAMPLE: Monitors 24-40 | H42: =IF(AND($F42="TEMP",$G42>0,$M42<>""),$M42+$G42,"") | I42: PAL-0000012 | J42: SAMPLE-TECH | K42: 46052 | L42: B:OVERFLOW-<ClientLastName>-PO<PO>-<Category>-<Seq> | M42: =IF($C42="","",IFERROR(LOOKUP(2,1/('03_Warehouse_Movements'!$C$2:$C$500=$A42),'03_Warehouse_Movements'!$A$2:$A$500),"")) | N42: =IF($C42="","",IFERROR(LOOKUP(2,1/('03_Warehouse_Movements'!$C$2:$C$500=$A42),'03_Warehouse_Movements'!$H$2:$H$500),"")) | O42: =A42 | W42: =IF($A2="","",COUNTIF('07_Pallet_Contents'!$A$2:$A$3000,$A2)) | X42: =IF($A2="","",SUMIF('07_Pallet_Contents'!$A$2:$A$3000,$A2,'07_Pallet_Contents'!$D$2:$D$3000)) | Y42: =IF($A2="","",SUMIF('07_Pallet_Contents'!$A$2:$A$3000,$A2,'07_Pallet_Contents'!$I$2:$I$3000)) | Z42: =IF($A2="","",IF(COUNTIF('07_Pallet_Contents'!$A$2:$A$3000,$A2)>0,"Yes",""))
A43: WH-Z1-AisleB-Bay1-Level19 | C43: PAL-0000043 | D43: =IF($C43="","",IFERROR(LOOKUP(2,1/('03_Warehouse_Movements'!$C$2:$C$500=$A43),'03_Warehouse_Movements'!$E$2:$E$500),$C43)) | E43: STANDARD | F43: SAMPLE: Monitors 24-40 | H43: =IF(AND($F43="TEMP",$G43>0,$M43<>""),$M43+$G43,"") | I43: SAMPLE: replace with real notes / serials / constraints | J43: SAMPLE-TECH | K43: 46052 | L43: B:OVERFLOW-<ClientLastName>-PO<PO>-<Category>-<Seq> | M43: =IF($C43="","",IFERROR(LOOKUP(2,1/('03_Warehouse_Movements'!$C$2:$C$500=$A43),'03_Warehouse_Movements'!$A$2:$A$500),"")) | N43: =IF($C43="","",IFERROR(LOOKUP(2,1/('03_Warehouse_Movements'!$C$2:$C$500=$A43),'03_Warehouse_Movements'!$H$2:$H$500),"")) | O43: =A43 | W43: =IF($A2="","",COUNTIF('07_Pallet_Contents'!$A$2:$A$3000,$A2)) | X43: =IF($A2="","",SUMIF('07_Pallet_Contents'!$A$2:$A$3000,$A2,'07_Pallet_Contents'!$D$2:$D$3000)) | Y43: =IF($A2="","",SUMIF('07_Pallet_Contents'!$A$2:$A$3000,$A2,'07_Pallet_Contents'!$I$2:$I$3000)) | Z43: =IF($A2="","",IF(COUNTIF('07_Pallet_Contents'!$A$2:$A$3000,$A2)>0,"Yes",""))
A44: OVERFLOW-SAMPLE-PO1042-CAT3-PAL043 | B44: WH-Z1-AisleB-Bay1-Level20 | C44: PAL-0000044 | D44: =IF($C44="","",IFERROR(LOOKUP(2,1/('03_Warehouse_Movements'!$C$2:$C$500=$A44),'03_Warehouse_Movements'!$E$2:$E$500),$C44)) | E44: STANDARD | F44: PAL-0000008 | G44: 14 | H44: =IF(AND($F44="TEMP",$G44>0,$M44<>""),$M44+$G44,"") | I44: PAL-0000014 | J44: SAMPLE-TECH | K44: 46052 | L44: B:OVERFLOW-<ClientLastName>-PO<PO>-<Category>-<Seq> | M44: =IF($C44="","",IFERROR(LOOKUP(2,1/('03_Warehouse_Movements'!$C$2:$C$500=$A44),'03_Warehouse_Movements'!$A$2:$A$500),"")) | N44: =IF($C44="","",IFERROR(LOOKUP(2,1/('03_Warehouse_Movements'!$C$2:$C$500=$A44),'03_Warehouse_Movements'!$H$2:$H$500),"")) | O44: =A44 | W44: =IF($A2="","",COUNTIF('07_Pallet_Contents'!$A$2:$A$3000,$A2)) | X44: =IF($A2="","",SUMIF('07_Pallet_Contents'!$A$2:$A$3000,$A2,'07_Pallet_Contents'!$D$2:$D$3000)) | Y44: =IF($A2="","",SUMIF('07_Pallet_Contents'!$A$2:$A$3000,$A2,'07_Pallet_Contents'!$I$2:$I$3000)) | Z44: =IF($A2="","",IF(COUNTIF('07_Pallet_Contents'!$A$2:$A$3000,$A2)>0,"Yes",""))
A45: WH-Z1-AisleC-Bay1-Level1 | C45: PAL-0000045 | D45: =IF($C45="","",IFERROR(LOOKUP(2,1/('03_Warehouse_Movements'!$C$2:$C$500=$A45),'03_Warehouse_Movements'!$E$2:$E$500),$C45)) | E45: STANDARD | F45: SAMPLE: Monitors 24-40 | H45: =IF(AND($F45="TEMP",$G45>0,$M45<>""),$M45+$G45,"") | I45: PAL-0000015 | J45: SAMPLE-TECH | K45: 46052 | L45: B:OVERFLOW-<ClientLastName>-PO<PO>-<Category>-<Seq> | M45: =IF($C45="","",IFERROR(LOOKUP(2,1/('03_Warehouse_Movements'!$C$2:$C$500=$A45),'03_Warehouse_Movements'!$A$2:$A$500),"")) | N45: =IF($C45="","",IFERROR(LOOKUP(2,1/('03_Warehouse_Movements'!$C$2:$C$500=$A45),'03_Warehouse_Movements'!$H$2:$H$500),"")) | O45: =A45 | W45: =IF($A2="","",COUNTIF('07_Pallet_Contents'!$A$2:$A$3000,$A2)) | X45: =IF($A2="","",SUMIF('07_Pallet_Contents'!$A$2:$A$3000,$A2,'07_Pallet_Contents'!$D$2:$D$3000)) | Y45: =IF($A2="","",SUMIF('07_Pallet_Contents'!$A$2:$A$3000,$A2,'07_Pallet_Contents'!$I$2:$I$3000)) | Z45: =IF($A2="","",IF(COUNTIF('07_Pallet_Contents'!$A$2:$A$3000,$A2)>0,"Yes",""))
A46: WH-Z1-AisleC-Bay1-Level2 | C46: PAL-0000046 | D46: =IF($C46="","",IFERROR(LOOKUP(2,1/('03_Warehouse_Movements'!$C$2:$C$500=$A46),'03_Warehouse_Movements'!$E$2:$E$500),$C46)) | E46: STANDARD | F46: SAMPLE: Monitors 24-40 | H46: =IF(AND($F46="TEMP",$G46>0,$M46<>""),$M46+$G46,"") | I46: PAL-0000016 | J46: SAMPLE-TECH | K46: 46052 | L46: B:OVERFLOW-<ClientLastName>-PO<PO>-<Category>-<Seq> | M46: =IF($C46="","",IFERROR(LOOKUP(2,1/('03_Warehouse_Movements'!$C$2:$C$500=$A46),'03_Warehouse_Movements'!$A$2:$A$500),"")) | N46: =IF($C46="","",IFERROR(LOOKUP(2,1/('03_Warehouse_Movements'!$C$2:$C$500=$A46),'03_Warehouse_Movements'!$H$2:$H$500),"")) | O46: =A46 | W46: =IF($A2="","",COUNTIF('07_Pallet_Contents'!$A$2:$A$3000,$A2)) | X46: =IF($A2="","",SUMIF('07_Pallet_Contents'!$A$2:$A$3000,$A2,'07_Pallet_Contents'!$D$2:$D$3000)) | Y46: =IF($A2="","",SUMIF('07_Pallet_Contents'!$A$2:$A$3000,$A2,'07_Pallet_Contents'!$I$2:$I$3000)) | Z46: =IF($A2="","",IF(COUNTIF('07_Pallet_Contents'!$A$2:$A$3000,$A2)>0,"Yes",""))
A47: WH-Z1-AisleC-Bay1-Level3 | C47: PAL-0000047 | D47: =IF($C47="","",IFERROR(LOOKUP(2,1/('03_Warehouse_Movements'!$C$2:$C$500=$A47),'03_Warehouse_Movements'!$E$2:$E$500),$C47)) | E47: STANDARD | F47: SAMPLE: Monitors 24-40 | H47: =IF(AND($F47="TEMP",$G47>0,$M47<>""),$M47+$G47,"") | I47: PAL-0000017 | J47: SAMPLE-TECH | K47: 46052 | L47: B:OVERFLOW-<ClientLastName>-PO<PO>-<Category>-<Seq> | M47: =IF($C47="","",IFERROR(LOOKUP(2,1/('03_Warehouse_Movements'!$C$2:$C$500=$A47),'03_Warehouse_Movements'!$A$2:$A$500),"")) | N47: =IF($C47="","",IFERROR(LOOKUP(2,1/('03_Warehouse_Movements'!$C$2:$C$500=$A47),'03_Warehouse_Movements'!$H$2:$H$500),"")) | O47: =A47 | W47: =IF($A2="","",COUNTIF('07_Pallet_Contents'!$A$2:$A$3000,$A2)) | X47: =IF($A2="","",SUMIF('07_Pallet_Contents'!$A$2:$A$3000,$A2,'07_Pallet_Contents'!$D$2:$D$3000)) | Y47: =IF($A2="","",SUMIF('07_Pallet_Contents'!$A$2:$A$3000,$A2,'07_Pallet_Contents'!$I$2:$I$3000)) | Z47: =IF($A2="","",IF(COUNTIF('07_Pallet_Contents'!$A$2:$A$3000,$A2)>0,"Yes",""))
A48: WH-Z1-AisleC-Bay1-Level4 | C48: PAL-0000048 | D48: =IF($C48="","",IFERROR(LOOKUP(2,1/('03_Warehouse_Movements'!$C$2:$C$500=$A48),'03_Warehouse_Movements'!$E$2:$E$500),$C48)) | E48: STANDARD | F48: SAMPLE: Monitors 24-40 | H48: =IF(AND($F48="TEMP",$G48>0,$M48<>""),$M48+$G48,"") | I48: PAL-0000018 | J48: SAMPLE-TECH | K48: 46052 | L48: B:OVERFLOW-<ClientLastName>-PO<PO>-<Category>-<Seq> | M48: =IF($C48="","",IFERROR(LOOKUP(2,1/('03_Warehouse_Movements'!$C$2:$C$500=$A48),'03_Warehouse_Movements'!$A$2:$A$500),"")) | N48: =IF($C48="","",IFERROR(LOOKUP(2,1/('03_Warehouse_Movements'!$C$2:$C$500=$A48),'03_Warehouse_Movements'!$H$2:$H$500),"")) | O48: =A48 | W48: =IF($A2="","",COUNTIF('07_Pallet_Contents'!$A$2:$A$3000,$A2)) | X48: =IF($A2="","",SUMIF('07_Pallet_Contents'!$A$2:$A$3000,$A2,'07_Pallet_Contents'!$D$2:$D$3000)) | Y48: =IF($A2="","",SUMIF('07_Pallet_Contents'!$A$2:$A$3000,$A2,'07_Pallet_Contents'!$I$2:$I$3000)) | Z48: =IF($A2="","",IF(COUNTIF('07_Pallet_Contents'!$A$2:$A$3000,$A2)>0,"Yes",""))
A49: WH-Z1-AisleC-Bay1-Level5 | C49: PAL-0000049 | D49: =IF($C49="","",IFERROR(LOOKUP(2,1/('03_Warehouse_Movements'!$C$2:$C$500=$A49),'03_Warehouse_Movements'!$E$2:$E$500),$C49)) | E49: STANDARD | F49: SAMPLE: Monitors 24-40 | H49: =IF(AND($F49="TEMP",$G49>0,$M49<>""),$M49+$G49,"") | I49: PAL-0000009 | J49: SAMPLE-TECH | K49: 46052 | L49: B:OVERFLOW-<ClientLastName>-PO<PO>-<Category>-<Seq> | M49: =IF($C49="","",IFERROR(LOOKUP(2,1/('03_Warehouse_Movements'!$C$2:$C$500=$A49),'03_Warehouse_Movements'!$A$2:$A$500),"")) | N49: =IF($C49="","",IFERROR(LOOKUP(2,1/('03_Warehouse_Movements'!$C$2:$C$500=$A49),'03_Warehouse_Movements'!$H$2:$H$500),"")) | O49: =A49 | W49: =IF($A2="","",COUNTIF('07_Pallet_Contents'!$A$2:$A$3000,$A2)) | X49: =IF($A2="","",SUMIF('07_Pallet_Contents'!$A$2:$A$3000,$A2,'07_Pallet_Contents'!$D$2:$D$3000)) | Y49: =IF($A2="","",SUMIF('07_Pallet_Contents'!$A$2:$A$3000,$A2,'07_Pallet_Contents'!$I$2:$I$3000)) | Z49: =IF($A2="","",IF(COUNTIF('07_Pallet_Contents'!$A$2:$A$3000,$A2)>0,"Yes",""))
A50: WH-Z1-AisleC-Bay1-Level6 | C50: PAL-0000050 | D50: =IF($C50="","",IFERROR(LOOKUP(2,1/('03_Warehouse_Movements'!$C$2:$C$500=$A50),'03_Warehouse_Movements'!$E$2:$E$500),$C50)) | E50: STANDARD | F50: PAL-0000008 | G50: 14 | H50: =IF(AND($F50="TEMP",$G50>0,$M50<>""),$M50+$G50,"") | I50: PAL-0000010 | J50: SAMPLE-TECH | K50: 46052 | L50: B:OVERFLOW-<ClientLastName>-PO<PO>-<Category>-<Seq> | M50: =IF($C50="","",IFERROR(LOOKUP(2,1/('03_Warehouse_Movements'!$C$2:$C$500=$A50),'03_Warehouse_Movements'!$A$2:$A$500),"")) | N50: =IF($C50="","",IFERROR(LOOKUP(2,1/('03_Warehouse_Movements'!$C$2:$C$500=$A50),'03_Warehouse_Movements'!$H$2:$H$500),"")) | O50: =A50 | W50: =IF($A2="","",COUNTIF('07_Pallet_Contents'!$A$2:$A$3000,$A2)) | X50: =IF($A2="","",SUMIF('07_Pallet_Contents'!$A$2:$A$3000,$A2,'07_Pallet_Contents'!$D$2:$D$3000)) | Y50: =IF($A2="","",SUMIF('07_Pallet_Contents'!$A$2:$A$3000,$A2,'07_Pallet_Contents'!$I$2:$I$3000)) | Z50: =IF($A2="","",IF(COUNTIF('07_Pallet_Contents'!$A$2:$A$3000,$A2)>0,"Yes",""))
A51: OVERFLOW-SAMPLE-PO1049-CAT5-PAL050 | B51: WH-Z1-AisleC-Bay1-Level7 | C51: RETIRED | D51: =IF($C51="","",IFERROR(LOOKUP(2,1/('03_Warehouse_Movements'!$C$2:$C$500=$A51),'03_Warehouse_Movements'!$E$2:$E$500),$C51)) | E51: PAL-0000051 | F51: SAMPLE: Monitors 24-40 | H51: =IF(AND($F51="TEMP",$G51>0,$M51<>""),$M51+$G51,"") | I51: B | J51: SAMPLE-TECH | K51: 46052 | L51: B:OVERFLOW-<ClientLastName>-PO<PO>-<Category>-<Seq> | M51: =IF($C51="","",IFERROR(LOOKUP(2,1/('03_Warehouse_Movements'!$C$2:$C$500=$A51),'03_Warehouse_Movements'!$A$2:$A$500),"")) | N51: =IF($C51="","",IFERROR(LOOKUP(2,1/('03_Warehouse_Movements'!$C$2:$C$500=$A51),'03_Warehouse_Movements'!$H$2:$H$500),"")) | O51: =A51 | W51: =IF($A2="","",COUNTIF('07_Pallet_Contents'!$A$2:$A$3000,$A2)) | X51: =IF($A2="","",SUMIF('07_Pallet_Contents'!$A$2:$A$3000,$A2,'07_Pallet_Contents'!$D$2:$D$3000)) | Y51: =IF($A2="","",SUMIF('07_Pallet_Contents'!$A$2:$A$3000,$A2,'07_Pallet_Contents'!$I$2:$I$3000)) | Z51: =IF($A2="","",IF(COUNTIF('07_Pallet_Contents'!$A$2:$A$3000,$A2)>0,"Yes",""))
A52: WH-Z1-AisleC-Bay1-Level8 | C52: PAL-0000052 | D52: =IF($C52="","",IFERROR(LOOKUP(2,1/('03_Warehouse_Movements'!$C$2:$C$500=$A52),'03_Warehouse_Movements'!$E$2:$E$500),$C52)) | E52: PAL-0000051 | F52: SAMPLE: Monitors 24-40 | H52: =IF(AND($F52="TEMP",$G52>0,$M52<>""),$M52+$G52,"") | I52: PAL-0000012 | J52: SAMPLE-TECH | K52: 46052 | L52: B:OVERFLOW-<ClientLastName>-PO<PO>-<Category>-<Seq> | M52: =IF($C52="","",IFERROR(LOOKUP(2,1/('03_Warehouse_Movements'!$C$2:$C$500=$A52),'03_Warehouse_Movements'!$A$2:$A$500),"")) | N52: =IF($C52="","",IFERROR(LOOKUP(2,1/('03_Warehouse_Movements'!$C$2:$C$500=$A52),'03_Warehouse_Movements'!$H$2:$H$500),"")) | O52: =A52 | W52: =IF($A2="","",COUNTIF('07_Pallet_Contents'!$A$2:$A$3000,$A2)) | X52: =IF($A2="","",SUMIF('07_Pallet_Contents'!$A$2:$A$3000,$A2,'07_Pallet_Contents'!$D$2:$D$3000)) | Y52: =IF($A2="","",SUMIF('07_Pallet_Contents'!$A$2:$A$3000,$A2,'07_Pallet_Contents'!$I$2:$I$3000)) | Z52: =IF($A2="","",IF(COUNTIF('07_Pallet_Contents'!$A$2:$A$3000,$A2)>0,"Yes",""))
A53: WH-Z1-AisleC-Bay1-Level9 | C53: PAL-0000053 | D53: =IF($C53="","",IFERROR(LOOKUP(2,1/('03_Warehouse_Movements'!$C$2:$C$500=$A53),'03_Warehouse_Movements'!$E$2:$E$500),$C53)) | E53: STANDARD | F53: SAMPLE: Monitors 24-40 | H53: =IF(AND($F53="TEMP",$G53>0,$M53<>""),$M53+$G53,"") | I53: SAMPLE: replace with real notes / serials / constraints | J53: SAMPLE-TECH | K53: 46052 | L53: B:OVERFLOW-<ClientLastName>-PO<PO>-<Category>-<Seq> | M53: =IF($C53="","",IFERROR(LOOKUP(2,1/('03_Warehouse_Movements'!$C$2:$C$500=$A53),'03_Warehouse_Movements'!$A$2:$A$500),"")) | N53: =IF($C53="","",IFERROR(LOOKUP(2,1/('03_Warehouse_Movements'!$C$2:$C$500=$A53),'03_Warehouse_Movements'!$H$2:$H$500),"")) | O53: =A53 | W53: =IF($A2="","",COUNTIF('07_Pallet_Contents'!$A$2:$A$3000,$A2)) | X53: =IF($A2="","",SUMIF('07_Pallet_Contents'!$A$2:$A$3000,$A2,'07_Pallet_Contents'!$D$2:$D$3000)) | Y53: =IF($A2="","",SUMIF('07_Pallet_Contents'!$A$2:$A$3000,$A2,'07_Pallet_Contents'!$I$2:$I$3000)) | Z53: =IF($A2="","",IF(COUNTIF('07_Pallet_Contents'!$A$2:$A$3000,$A2)>0,"Yes",""))
A54: WH-Z1-AisleC-Bay1-Level10 | C54: PAL-0000054 | D54: =IF($C54="","",IFERROR(LOOKUP(2,1/('03_Warehouse_Movements'!$C$2:$C$500=$A54),'03_Warehouse_Movements'!$E$2:$E$500),$C54)) | E54: STANDARD | F54: SAMPLE: Monitors 24-40 | H54: =IF(AND($F54="TEMP",$G54>0,$M54<>""),$M54+$G54,"") | I54: PAL-0000014 | J54: SAMPLE-TECH | K54: 46052 | L54: B:OVERFLOW-<ClientLastName>-PO<PO>-<Category>-<Seq> | M54: =IF($C54="","",IFERROR(LOOKUP(2,1/('03_Warehouse_Movements'!$C$2:$C$500=$A54),'03_Warehouse_Movements'!$A$2:$A$500),"")) | N54: =IF($C54="","",IFERROR(LOOKUP(2,1/('03_Warehouse_Movements'!$C$2:$C$500=$A54),'03_Warehouse_Movements'!$H$2:$H$500),"")) | O54: =A54 | W54: =IF($A2="","",COUNTIF('07_Pallet_Contents'!$A$2:$A$3000,$A2)) | X54: =IF($A2="","",SUMIF('07_Pallet_Contents'!$A$2:$A$3000,$A2,'07_Pallet_Contents'!$D$2:$D$3000)) | Y54: =IF($A2="","",SUMIF('07_Pallet_Contents'!$A$2:$A$3000,$A2,'07_Pallet_Contents'!$I$2:$I$3000)) | Z54: =IF($A2="","",IF(COUNTIF('07_Pallet_Contents'!$A$2:$A$3000,$A2)>0,"Yes",""))
A55: WH-Z1-AisleC-Bay1-Level11 | C55: PAL-0000055 | D55: =IF($C55="","",IFERROR(LOOKUP(2,1/('03_Warehouse_Movements'!$C$2:$C$500=$A55),'03_Warehouse_Movements'!$E$2:$E$500),$C55)) | E55: STANDARD | F55: SAMPLE: Monitors 24-40 | H55: =IF(AND($F55="TEMP",$G55>0,$M55<>""),$M55+$G55,"") | I55: PAL-0000015 | J55: SAMPLE-TECH | K55: 46052 | L55: B:OVERFLOW-<ClientLastName>-PO<PO>-<Category>-<Seq> | M55: =IF($C55="","",IFERROR(LOOKUP(2,1/('03_Warehouse_Movements'!$C$2:$C$500=$A55),'03_Warehouse_Movements'!$A$2:$A$500),"")) | N55: =IF($C55="","",IFERROR(LOOKUP(2,1/('03_Warehouse_Movements'!$C$2:$C$500=$A55),'03_Warehouse_Movements'!$H$2:$H$500),"")) | O55: =A55 | W55: =IF($A2="","",COUNTIF('07_Pallet_Contents'!$A$2:$A$3000,$A2)) | X55: =IF($A2="","",SUMIF('07_Pallet_Contents'!$A$2:$A$3000,$A2,'07_Pallet_Contents'!$D$2:$D$3000)) | Y55: =IF($A2="","",SUMIF('07_Pallet_Contents'!$A$2:$A$3000,$A2,'07_Pallet_Contents'!$I$2:$I$3000)) | Z55: =IF($A2="","",IF(COUNTIF('07_Pallet_Contents'!$A$2:$A$3000,$A2)>0,"Yes",""))
A56: WH-Z1-AisleC-Bay1-Level12 | C56: PAL-0000056 | D56: =IF($C56="","",IFERROR(LOOKUP(2,1/('03_Warehouse_Movements'!$C$2:$C$500=$A56),'03_Warehouse_Movements'!$E$2:$E$500),$C56)) | E56: STANDARD | F56: PAL-0000008 | G56: 14 | H56: =IF(AND($F56="TEMP",$G56>0,$M56<>""),$M56+$G56,"") | I56: PAL-0000016 | J56: SAMPLE-TECH | K56: 46052 | L56: B:OVERFLOW-<ClientLastName>-PO<PO>-<Category>-<Seq> | M56: =IF($C56="","",IFERROR(LOOKUP(2,1/('03_Warehouse_Movements'!$C$2:$C$500=$A56),'03_Warehouse_Movements'!$A$2:$A$500),"")) | N56: =IF($C56="","",IFERROR(LOOKUP(2,1/('03_Warehouse_Movements'!$C$2:$C$500=$A56),'03_Warehouse_Movements'!$H$2:$H$500),"")) | O56: =A56 | W56: =IF($A2="","",COUNTIF('07_Pallet_Contents'!$A$2:$A$3000,$A2)) | X56: =IF($A2="","",SUMIF('07_Pallet_Contents'!$A$2:$A$3000,$A2,'07_Pallet_Contents'!$D$2:$D$3000)) | Y56: =IF($A2="","",SUMIF('07_Pallet_Contents'!$A$2:$A$3000,$A2,'07_Pallet_Contents'!$I$2:$I$3000)) | Z56: =IF($A2="","",IF(COUNTIF('07_Pallet_Contents'!$A$2:$A$3000,$A2)>0,"Yes",""))
A57: WH-Z1-AisleC-Bay1-Level13 | C57: PAL-0000057 | D57: =IF($C57="","",IFERROR(LOOKUP(2,1/('03_Warehouse_Movements'!$C$2:$C$500=$A57),'03_Warehouse_Movements'!$E$2:$E$500),$C57)) | E57: STANDARD | F57: SAMPLE: Monitors 24-40 | H57: =IF(AND($F57="TEMP",$G57>0,$M57<>""),$M57+$G57,"") | I57: PAL-0000017 | J57: SAMPLE-TECH | K57: 46052 | L57: B:OVERFLOW-<ClientLastName>-PO<PO>-<Category>-<Seq> | M57: =IF($C57="","",IFERROR(LOOKUP(2,1/('03_Warehouse_Movements'!$C$2:$C$500=$A57),'03_Warehouse_Movements'!$A$2:$A$500),"")) | N57: =IF($C57="","",IFERROR(LOOKUP(2,1/('03_Warehouse_Movements'!$C$2:$C$500=$A57),'03_Warehouse_Movements'!$H$2:$H$500),"")) | O57: =A57 | W57: =IF($A2="","",COUNTIF('07_Pallet_Contents'!$A$2:$A$3000,$A2)) | X57: =IF($A2="","",SUMIF('07_Pallet_Contents'!$A$2:$A$3000,$A2,'07_Pallet_Contents'!$D$2:$D$3000)) | Y57: =IF($A2="","",SUMIF('07_Pallet_Contents'!$A$2:$A$3000,$A2,'07_Pallet_Contents'!$I$2:$I$3000)) | Z57: =IF($A2="","",IF(COUNTIF('07_Pallet_Contents'!$A$2:$A$3000,$A2)>0,"Yes",""))
A58: OVERFLOW-SAMPLE-PO1056-CAT2-PAL057 | B58: WH-Z1-AisleC-Bay1-Level14 | C58: PAL-0000058 | D58: =IF($C58="","",IFERROR(LOOKUP(2,1/('03_Warehouse_Movements'!$C$2:$C$500=$A58),'03_Warehouse_Movements'!$E$2:$E$500),$C58)) | E58: STANDARD | F58: SAMPLE: Monitors 24-40 | H58: =IF(AND($F58="TEMP",$G58>0,$M58<>""),$M58+$G58,"") | I58: PAL-0000018 | J58: SAMPLE-TECH | K58: 46052 | L58: B:OVERFLOW-<ClientLastName>-PO<PO>-<Category>-<Seq> | M58: =IF($C58="","",IFERROR(LOOKUP(2,1/('03_Warehouse_Movements'!$C$2:$C$500=$A58),'03_Warehouse_Movements'!$A$2:$A$500),"")) | N58: =IF($C58="","",IFERROR(LOOKUP(2,1/('03_Warehouse_Movements'!$C$2:$C$500=$A58),'03_Warehouse_Movements'!$H$2:$H$500),"")) | O58: =A58 | W58: =IF($A2="","",COUNTIF('07_Pallet_Contents'!$A$2:$A$3000,$A2)) | X58: =IF($A2="","",SUMIF('07_Pallet_Contents'!$A$2:$A$3000,$A2,'07_Pallet_Contents'!$D$2:$D$3000)) | Y58: =IF($A2="","",SUMIF('07_Pallet_Contents'!$A$2:$A$3000,$A2,'07_Pallet_Contents'!$I$2:$I$3000)) | Z58: =IF($A2="","",IF(COUNTIF('07_Pallet_Contents'!$A$2:$A$3000,$A2)>0,"Yes",""))
A59: WH-Z1-AisleC-Bay1-Level15 | C59: PAL-0000059 | D59: =IF($C59="","",IFERROR(LOOKUP(2,1/('03_Warehouse_Movements'!$C$2:$C$500=$A59),'03_Warehouse_Movements'!$E$2:$E$500),$C59)) | E59: STANDARD | F59: SAMPLE: Monitors 24-40 | H59: =IF(AND($F59="TEMP",$G59>0,$M59<>""),$M59+$G59,"") | I59: PAL-0000009 | J59: SAMPLE-TECH | K59: 46052 | L59: B:OVERFLOW-<ClientLastName>-PO<PO>-<Category>-<Seq> | M59: =IF($C59="","",IFERROR(LOOKUP(2,1/('03_Warehouse_Movements'!$C$2:$C$500=$A59),'03_Warehouse_Movements'!$A$2:$A$500),"")) | N59: =IF($C59="","",IFERROR(LOOKUP(2,1/('03_Warehouse_Movements'!$C$2:$C$500=$A59),'03_Warehouse_Movements'!$H$2:$H$500),"")) | O59: =A59 | W59: =IF($A2="","",COUNTIF('07_Pallet_Contents'!$A$2:$A$3000,$A2)) | X59: =IF($A2="","",SUMIF('07_Pallet_Contents'!$A$2:$A$3000,$A2,'07_Pallet_Contents'!$D$2:$D$3000)) | Y59: =IF($A2="","",SUMIF('07_Pallet_Contents'!$A$2:$A$3000,$A2,'07_Pallet_Contents'!$I$2:$I$3000)) | Z59: =IF($A2="","",IF(COUNTIF('07_Pallet_Contents'!$A$2:$A$3000,$A2)>0,"Yes",""))
A60: WH-Z1-AisleC-Bay1-Level16 | C60: PAL-0000060 | D60: =IF($C60="","",IFERROR(LOOKUP(2,1/('03_Warehouse_Movements'!$C$2:$C$500=$A60),'03_Warehouse_Movements'!$E$2:$E$500),$C60)) | E60: STANDARD | F60: SAMPLE: Monitors 24-40 | H60: =IF(AND($F60="TEMP",$G60>0,$M60<>""),$M60+$G60,"") | I60: PAL-0000010 | J60: SAMPLE-TECH | K60: 46052 | L60: B:OVERFLOW-<ClientLastName>-PO<PO>-<Category>-<Seq> | M60: =IF($C60="","",IFERROR(LOOKUP(2,1/('03_Warehouse_Movements'!$C$2:$C$500=$A60),'03_Warehouse_Movements'!$A$2:$A$500),"")) | N60: =IF($C60="","",IFERROR(LOOKUP(2,1/('03_Warehouse_Movements'!$C$2:$C$500=$A60),'03_Warehouse_Movements'!$H$2:$H$500),"")) | O60: =A60 | W60: =IF($A2="","",COUNTIF('07_Pallet_Contents'!$A$2:$A$3000,$A2)) | X60: =IF($A2="","",SUMIF('07_Pallet_Contents'!$A$2:$A$3000,$A2,'07_Pallet_Contents'!$D$2:$D$3000)) | Y60: =IF($A2="","",SUMIF('07_Pallet_Contents'!$A$2:$A$3000,$A2,'07_Pallet_Contents'!$I$2:$I$3000)) | Z60: =IF($A2="","",IF(COUNTIF('07_Pallet_Contents'!$A$2:$A$3000,$A2)>0,"Yes",""))
A61: WH-Z1-AisleC-Bay1-Level17 | C61: PAL-0000061 | D61: =IF($C61="","",IFERROR(LOOKUP(2,1/('03_Warehouse_Movements'!$C$2:$C$500=$A61),'03_Warehouse_Movements'!$E$2:$E$500),$C61)) | E61: STANDARD | F61: SAMPLE: Monitors 24-40 | H61: =IF(AND($F61="TEMP",$G61>0,$M61<>""),$M61+$G61,"") | I61: B | J61: SAMPLE-TECH | K61: 46052 | L61: B:OVERFLOW-<ClientLastName>-PO<PO>-<Category>-<Seq> | M61: =IF($C61="","",IFERROR(LOOKUP(2,1/('03_Warehouse_Movements'!$C$2:$C$500=$A61),'03_Warehouse_Movements'!$A$2:$A$500),"")) | N61: =IF($C61="","",IFERROR(LOOKUP(2,1/('03_Warehouse_Movements'!$C$2:$C$500=$A61),'03_Warehouse_Movements'!$H$2:$H$500),"")) | O61: =A61 | W61: =IF($A2="","",COUNTIF('07_Pallet_Contents'!$A$2:$A$3000,$A2)) | X61: =IF($A2="","",SUMIF('07_Pallet_Contents'!$A$2:$A$3000,$A2,'07_Pallet_Contents'!$D$2:$D$3000)) | Y61: =IF($A2="","",SUMIF('07_Pallet_Contents'!$A$2:$A$3000,$A2,'07_Pallet_Contents'!$I$2:$I$3000)) | Z61: =IF($A2="","",IF(COUNTIF('07_Pallet_Contents'!$A$2:$A$3000,$A2)>0,"Yes",""))
A62: PAL-0000062 | D62: =IF($C62="","",IFERROR(LOOKUP(2,1/('03_Warehouse_Movements'!$C$2:$C$500=$A62),'03_Warehouse_Movements'!$E$2:$E$500),$C62)) | E62: STANDARD | H62: =IF(AND($F62="TEMP",$G62>0,$M62<>""),$M62+$G62,"") | M62: =IF($C62="","",IFERROR(LOOKUP(2,1/('03_Warehouse_Movements'!$C$2:$C$500=$A62),'03_Warehouse_Movements'!$A$2:$A$500),"")) | N62: =IF($C62="","",IFERROR(LOOKUP(2,1/('03_Warehouse_Movements'!$C$2:$C$500=$A62),'03_Warehouse_Movements'!$H$2:$H$500),"")) | O62: =A62 | W62: =IF($A2="","",COUNTIF('07_Pallet_Contents'!$A$2:$A$3000,$A2)) | X62: =IF($A2="","",SUMIF('07_Pallet_Contents'!$A$2:$A$3000,$A2,'07_Pallet_Contents'!$D$2:$D$3000)) | Y62: =IF($A2="","",SUMIF('07_Pallet_Contents'!$A$2:$A$3000,$A2,'07_Pallet_Contents'!$I$2:$I$3000)) | Z62: =IF($A2="","",IF(COUNTIF('07_Pallet_Contents'!$A$2:$A$3000,$A2)>0,"Yes",""))
A63: PAL-0000063 | D63: =IF($C63="","",IFERROR(LOOKUP(2,1/('03_Warehouse_Movements'!$C$2:$C$500=$A63),'03_Warehouse_Movements'!$E$2:$E$500),$C63)) | E63: STANDARD | H63: =IF(AND($F63="TEMP",$G63>0,$M63<>""),$M63+$G63,"") | M63: =IF($C63="","",IFERROR(LOOKUP(2,1/('03_Warehouse_Movements'!$C$2:$C$500=$A63),'03_Warehouse_Movements'!$A$2:$A$500),"")) | N63: =IF($C63="","",IFERROR(LOOKUP(2,1/('03_Warehouse_Movements'!$C$2:$C$500=$A63),'03_Warehouse_Movements'!$H$2:$H$500),"")) | O63: =A63 | W63: =IF($A2="","",COUNTIF('07_Pallet_Contents'!$A$2:$A$3000,$A2)) | X63: =IF($A2="","",SUMIF('07_Pallet_Contents'!$A$2:$A$3000,$A2,'07_Pallet_Contents'!$D$2:$D$3000)) | Y63: =IF($A2="","",SUMIF('07_Pallet_Contents'!$A$2:$A$3000,$A2,'07_Pallet_Contents'!$I$2:$I$3000)) | Z63: =IF($A2="","",IF(COUNTIF('07_Pallet_Contents'!$A$2:$A$3000,$A2)>0,"Yes",""))
A64: PAL-0000064 | D64: =IF($C64="","",IFERROR(LOOKUP(2,1/('03_Warehouse_Movements'!$C$2:$C$500=$A64),'03_Warehouse_Movements'!$E$2:$E$500),$C64)) | E64: STANDARD | H64: =IF(AND($F64="TEMP",$G64>0,$M64<>""),$M64+$G64,"") | M64: =IF($C64="","",IFERROR(LOOKUP(2,1/('03_Warehouse_Movements'!$C$2:$C$500=$A64),'03_Warehouse_Movements'!$A$2:$A$500),"")) | N64: =IF($C64="","",IFERROR(LOOKUP(2,1/('03_Warehouse_Movements'!$C$2:$C$500=$A64),'03_Warehouse_Movements'!$H$2:$H$500),"")) | O64: =A64 | W64: =IF($A2="","",COUNTIF('07_Pallet_Contents'!$A$2:$A$3000,$A2)) | X64: =IF($A2="","",SUMIF('07_Pallet_Contents'!$A$2:$A$3000,$A2,'07_Pallet_Contents'!$D$2:$D$3000)) | Y64: =IF($A2="","",SUMIF('07_Pallet_Contents'!$A$2:$A$3000,$A2,'07_Pallet_Contents'!$I$2:$I$3000)) | Z64: =IF($A2="","",IF(COUNTIF('07_Pallet_Contents'!$A$2:$A$3000,$A2)>0,"Yes",""))
A65: PAL-0000065 | D65: =IF($C65="","",IFERROR(LOOKUP(2,1/('03_Warehouse_Movements'!$C$2:$C$500=$A65),'03_Warehouse_Movements'!$E$2:$E$500),$C65)) | E65: STANDARD | H65: =IF(AND($F65="TEMP",$G65>0,$M65<>""),$M65+$G65,"") | M65: =IF($C65="","",IFERROR(LOOKUP(2,1/('03_Warehouse_Movements'!$C$2:$C$500=$A65),'03_Warehouse_Movements'!$A$2:$A$500),"")) | N65: =IF($C65="","",IFERROR(LOOKUP(2,1/('03_Warehouse_Movements'!$C$2:$C$500=$A65),'03_Warehouse_Movements'!$H$2:$H$500),"")) | O65: =A65 | W65: =IF($A2="","",COUNTIF('07_Pallet_Contents'!$A$2:$A$3000,$A2)) | X65: =IF($A2="","",SUMIF('07_Pallet_Contents'!$A$2:$A$3000,$A2,'07_Pallet_Contents'!$D$2:$D$3000)) | Y65: =IF($A2="","",SUMIF('07_Pallet_Contents'!$A$2:$A$3000,$A2,'07_Pallet_Contents'!$I$2:$I$3000)) | Z65: =IF($A2="","",IF(COUNTIF('07_Pallet_Contents'!$A$2:$A$3000,$A2)>0,"Yes",""))
A66: PAL-0000066 | D66: =IF($C66="","",IFERROR(LOOKUP(2,1/('03_Warehouse_Movements'!$C$2:$C$500=$A66),'03_Warehouse_Movements'!$E$2:$E$500),$C66)) | E66: STANDARD | H66: =IF(AND($F66="TEMP",$G66>0,$M66<>""),$M66+$G66,"") | M66: =IF($C66="","",IFERROR(LOOKUP(2,1/('03_Warehouse_Movements'!$C$2:$C$500=$A66),'03_Warehouse_Movements'!$A$2:$A$500),"")) | N66: =IF($C66="","",IFERROR(LOOKUP(2,1/('03_Warehouse_Movements'!$C$2:$C$500=$A66),'03_Warehouse_Movements'!$H$2:$H$500),"")) | O66: =A66 | W66: =IF($A2="","",COUNTIF('07_Pallet_Contents'!$A$2:$A$3000,$A2)) | X66: =IF($A2="","",SUMIF('07_Pallet_Contents'!$A$2:$A$3000,$A2,'07_Pallet_Contents'!$D$2:$D$3000)) | Y66: =IF($A2="","",SUMIF('07_Pallet_Contents'!$A$2:$A$3000,$A2,'07_Pallet_Contents'!$I$2:$I$3000)) | Z66: =IF($A2="","",IF(COUNTIF('07_Pallet_Contents'!$A$2:$A$3000,$A2)>0,"Yes",""))
A67: PAL-0000067 | D67: =IF($C67="","",IFERROR(LOOKUP(2,1/('03_Warehouse_Movements'!$C$2:$C$500=$A67),'03_Warehouse_Movements'!$E$2:$E$500),$C67)) | E67: STANDARD | H67: =IF(AND($F67="TEMP",$G67>0,$M67<>""),$M67+$G67,"") | M67: =IF($C67="","",IFERROR(LOOKUP(2,1/('03_Warehouse_Movements'!$C$2:$C$500=$A67),'03_Warehouse_Movements'!$A$2:$A$500),"")) | N67: =IF($C67="","",IFERROR(LOOKUP(2,1/('03_Warehouse_Movements'!$C$2:$C$500=$A67),'03_Warehouse_Movements'!$H$2:$H$500),"")) | O67: =A67 | W67: =IF($A2="","",COUNTIF('07_Pallet_Contents'!$A$2:$A$3000,$A2)) | X67: =IF($A2="","",SUMIF('07_Pallet_Contents'!$A$2:$A$3000,$A2,'07_Pallet_Contents'!$D$2:$D$3000)) | Y67: =IF($A2="","",SUMIF('07_Pallet_Contents'!$A$2:$A$3000,$A2,'07_Pallet_Contents'!$I$2:$I$3000)) | Z67: =IF($A2="","",IF(COUNTIF('07_Pallet_Contents'!$A$2:$A$3000,$A2)>0,"Yes",""))
A68: PAL-0000068 | D68: =IF($C68="","",IFERROR(LOOKUP(2,1/('03_Warehouse_Movements'!$C$2:$C$500=$A68),'03_Warehouse_Movements'!$E$2:$E$500),$C68)) | E68: STANDARD | H68: =IF(AND($F68="TEMP",$G68>0,$M68<>""),$M68+$G68,"") | M68: =IF($C68="","",IFERROR(LOOKUP(2,1/('03_Warehouse_Movements'!$C$2:$C$500=$A68),'03_Warehouse_Movements'!$A$2:$A$500),"")) | N68: =IF($C68="","",IFERROR(LOOKUP(2,1/('03_Warehouse_Movements'!$C$2:$C$500=$A68),'03_Warehouse_Movements'!$H$2:$H$500),"")) | O68: =A68 | W68: =IF($A2="","",COUNTIF('07_Pallet_Contents'!$A$2:$A$3000,$A2)) | X68: =IF($A2="","",SUMIF('07_Pallet_Contents'!$A$2:$A$3000,$A2,'07_Pallet_Contents'!$D$2:$D$3000)) | Y68: =IF($A2="","",SUMIF('07_Pallet_Contents'!$A$2:$A$3000,$A2,'07_Pallet_Contents'!$I$2:$I$3000)) | Z68: =IF($A2="","",IF(COUNTIF('07_Pallet_Contents'!$A$2:$A$3000,$A2)>0,"Yes",""))
A69: PAL-0000069 | D69: =IF($C69="","",IFERROR(LOOKUP(2,1/('03_Warehouse_Movements'!$C$2:$C$500=$A69),'03_Warehouse_Movements'!$E$2:$E$500),$C69)) | E69: STANDARD | H69: =IF(AND($F69="TEMP",$G69>0,$M69<>""),$M69+$G69,"") | M69: =IF($C69="","",IFERROR(LOOKUP(2,1/('03_Warehouse_Movements'!$C$2:$C$500=$A69),'03_Warehouse_Movements'!$A$2:$A$500),"")) | N69: =IF($C69="","",IFERROR(LOOKUP(2,1/('03_Warehouse_Movements'!$C$2:$C$500=$A69),'03_Warehouse_Movements'!$H$2:$H$500),"")) | O69: =A69 | W69: =IF($A2="","",COUNTIF('07_Pallet_Contents'!$A$2:$A$3000,$A2)) | X69: =IF($A2="","",SUMIF('07_Pallet_Contents'!$A$2:$A$3000,$A2,'07_Pallet_Contents'!$D$2:$D$3000)) | Y69: =IF($A2="","",SUMIF('07_Pallet_Contents'!$A$2:$A$3000,$A2,'07_Pallet_Contents'!$I$2:$I$3000)) | Z69: =IF($A2="","",IF(COUNTIF('07_Pallet_Contents'!$A$2:$A$3000,$A2)>0,"Yes",""))
A70: PAL-0000070 | D70: =IF($C70="","",IFERROR(LOOKUP(2,1/('03_Warehouse_Movements'!$C$2:$C$500=$A70),'03_Warehouse_Movements'!$E$2:$E$500),$C70)) | E70: STANDARD | H70: =IF(AND($F70="TEMP",$G70>0,$M70<>""),$M70+$G70,"") | M70: =IF($C70="","",IFERROR(LOOKUP(2,1/('03_Warehouse_Movements'!$C$2:$C$500=$A70),'03_Warehouse_Movements'!$A$2:$A$500),"")) | N70: =IF($C70="","",IFERROR(LOOKUP(2,1/('03_Warehouse_Movements'!$C$2:$C$500=$A70),'03_Warehouse_Movements'!$H$2:$H$500),"")) | O70: =A70 | W70: =IF($A2="","",COUNTIF('07_Pallet_Contents'!$A$2:$A$3000,$A2)) | X70: =IF($A2="","",SUMIF('07_Pallet_Contents'!$A$2:$A$3000,$A2,'07_Pallet_Contents'!$D$2:$D$3000)) | Y70: =IF($A2="","",SUMIF('07_Pallet_Contents'!$A$2:$A$3000,$A2,'07_Pallet_Contents'!$I$2:$I$3000)) | Z70: =IF($A2="","",IF(COUNTIF('07_Pallet_Contents'!$A$2:$A$3000,$A2)>0,"Yes",""))
A71: PAL-0000071 | D71: =IF($C71="","",IFERROR(LOOKUP(2,1/('03_Warehouse_Movements'!$C$2:$C$500=$A71),'03_Warehouse_Movements'!$E$2:$E$500),$C71)) | E71: STANDARD | H71: =IF(AND($F71="TEMP",$G71>0,$M71<>""),$M71+$G71,"") | M71: =IF($C71="","",IFERROR(LOOKUP(2,1/('03_Warehouse_Movements'!$C$2:$C$500=$A71),'03_Warehouse_Movements'!$A$2:$A$500),"")) | N71: =IF($C71="","",IFERROR(LOOKUP(2,1/('03_Warehouse_Movements'!$C$2:$C$500=$A71),'03_Warehouse_Movements'!$H$2:$H$500),"")) | O71: =A71 | W71: =IF($A2="","",COUNTIF('07_Pallet_Contents'!$A$2:$A$3000,$A2)) | X71: =IF($A2="","",SUMIF('07_Pallet_Contents'!$A$2:$A$3000,$A2,'07_Pallet_Contents'!$D$2:$D$3000)) | Y71: =IF($A2="","",SUMIF('07_Pallet_Contents'!$A$2:$A$3000,$A2,'07_Pallet_Contents'!$I$2:$I$3000)) | Z71: =IF($A2="","",IF(COUNTIF('07_Pallet_Contents'!$A$2:$A$3000,$A2)>0,"Yes",""))
A72: PAL-0000072 | D72: =IF($C72="","",IFERROR(LOOKUP(2,1/('03_Warehouse_Movements'!$C$2:$C$500=$A72),'03_Warehouse_Movements'!$E$2:$E$500),$C72)) | E72: STANDARD | H72: =IF(AND($F72="TEMP",$G72>0,$M72<>""),$M72+$G72,"") | M72: =IF($C72="","",IFERROR(LOOKUP(2,1/('03_Warehouse_Movements'!$C$2:$C$500=$A72),'03_Warehouse_Movements'!$A$2:$A$500),"")) | N72: =IF($C72="","",IFERROR(LOOKUP(2,1/('03_Warehouse_Movements'!$C$2:$C$500=$A72),'03_Warehouse_Movements'!$H$2:$H$500),"")) | O72: =A72 | W72: =IF($A2="","",COUNTIF('07_Pallet_Contents'!$A$2:$A$3000,$A2)) | X72: =IF($A2="","",SUMIF('07_Pallet_Contents'!$A$2:$A$3000,$A2,'07_Pallet_Contents'!$D$2:$D$3000)) | Y72: =IF($A2="","",SUMIF('07_Pallet_Contents'!$A$2:$A$3000,$A2,'07_Pallet_Contents'!$I$2:$I$3000)) | Z72: =IF($A2="","",IF(COUNTIF('07_Pallet_Contents'!$A$2:$A$3000,$A2)>0,"Yes",""))
A73: PAL-0000073 | D73: =IF($C73="","",IFERROR(LOOKUP(2,1/('03_Warehouse_Movements'!$C$2:$C$500=$A73),'03_Warehouse_Movements'!$E$2:$E$500),$C73)) | E73: STANDARD | H73: =IF(AND($F73="TEMP",$G73>0,$M73<>""),$M73+$G73,"") | M73: =IF($C73="","",IFERROR(LOOKUP(2,1/('03_Warehouse_Movements'!$C$2:$C$500=$A73),'03_Warehouse_Movements'!$A$2:$A$500),"")) | N73: =IF($C73="","",IFERROR(LOOKUP(2,1/('03_Warehouse_Movements'!$C$2:$C$500=$A73),'03_Warehouse_Movements'!$H$2:$H$500),"")) | O73: =A73 | W73: =IF($A2="","",COUNTIF('07_Pallet_Contents'!$A$2:$A$3000,$A2)) | X73: =IF($A2="","",SUMIF('07_Pallet_Contents'!$A$2:$A$3000,$A2,'07_Pallet_Contents'!$D$2:$D$3000)) | Y73: =IF($A2="","",SUMIF('07_Pallet_Contents'!$A$2:$A$3000,$A2,'07_Pallet_Contents'!$I$2:$I$3000)) | Z73: =IF($A2="","",IF(COUNTIF('07_Pallet_Contents'!$A$2:$A$3000,$A2)>0,"Yes",""))
A74: PAL-0000074 | D74: =IF($C74="","",IFERROR(LOOKUP(2,1/('03_Warehouse_Movements'!$C$2:$C$500=$A74),'03_Warehouse_Movements'!$E$2:$E$500),$C74)) | E74: STANDARD | H74: =IF(AND($F74="TEMP",$G74>0,$M74<>""),$M74+$G74,"") | M74: =IF($C74="","",IFERROR(LOOKUP(2,1/('03_Warehouse_Movements'!$C$2:$C$500=$A74),'03_Warehouse_Movements'!$A$2:$A$500),"")) | N74: =IF($C74="","",IFERROR(LOOKUP(2,1/('03_Warehouse_Movements'!$C$2:$C$500=$A74),'03_Warehouse_Movements'!$H$2:$H$500),"")) | O74: =A74 | W74: =IF($A2="","",COUNTIF('07_Pallet_Contents'!$A$2:$A$3000,$A2)) | X74: =IF($A2="","",SUMIF('07_Pallet_Contents'!$A$2:$A$3000,$A2,'07_Pallet_Contents'!$D$2:$D$3000)) | Y74: =IF($A2="","",SUMIF('07_Pallet_Contents'!$A$2:$A$3000,$A2,'07_Pallet_Contents'!$I$2:$I$3000)) | Z74: =IF($A2="","",IF(COUNTIF('07_Pallet_Contents'!$A$2:$A$3000,$A2)>0,"Yes",""))
A75: PAL-0000075 | D75: =IF($C75="","",IFERROR(LOOKUP(2,1/('03_Warehouse_Movements'!$C$2:$C$500=$A75),'03_Warehouse_Movements'!$E$2:$E$500),$C75)) | E75: STANDARD | H75: =IF(AND($F75="TEMP",$G75>0,$M75<>""),$M75+$G75,"") | M75: =IF($C75="","",IFERROR(LOOKUP(2,1/('03_Warehouse_Movements'!$C$2:$C$500=$A75),'03_Warehouse_Movements'!$A$2:$A$500),"")) | N75: =IF($C75="","",IFERROR(LOOKUP(2,1/('03_Warehouse_Movements'!$C$2:$C$500=$A75),'03_Warehouse_Movements'!$H$2:$H$500),"")) | O75: =A75 | W75: =IF($A2="","",COUNTIF('07_Pallet_Contents'!$A$2:$A$3000,$A2)) | X75: =IF($A2="","",SUMIF('07_Pallet_Contents'!$A$2:$A$3000,$A2,'07_Pallet_Contents'!$D$2:$D$3000)) | Y75: =IF($A2="","",SUMIF('07_Pallet_Contents'!$A$2:$A$3000,$A2,'07_Pallet_Contents'!$I$2:$I$3000)) | Z75: =IF($A2="","",IF(COUNTIF('07_Pallet_Contents'!$A$2:$A$3000,$A2)>0,"Yes",""))
A76: PAL-0000076 | D76: =IF($C76="","",IFERROR(LOOKUP(2,1/('03_Warehouse_Movements'!$C$2:$C$500=$A76),'03_Warehouse_Movements'!$E$2:$E$500),$C76)) | E76: STANDARD | H76: =IF(AND($F76="TEMP",$G76>0,$M76<>""),$M76+$G76,"") | M76: =IF($C76="","",IFERROR(LOOKUP(2,1/('03_Warehouse_Movements'!$C$2:$C$500=$A76),'03_Warehouse_Movements'!$A$2:$A$500),"")) | N76: =IF($C76="","",IFERROR(LOOKUP(2,1/('03_Warehouse_Movements'!$C$2:$C$500=$A76),'03_Warehouse_Movements'!$H$2:$H$500),"")) | O76: =A76 | W76: =IF($A2="","",COUNTIF('07_Pallet_Contents'!$A$2:$A$3000,$A2)) | X76: =IF($A2="","",SUMIF('07_Pallet_Contents'!$A$2:$A$3000,$A2,'07_Pallet_Contents'!$D$2:$D$3000)) | Y76: =IF($A2="","",SUMIF('07_Pallet_Contents'!$A$2:$A$3000,$A2,'07_Pallet_Contents'!$I$2:$I$3000)) | Z76: =IF($A2="","",IF(COUNTIF('07_Pallet_Contents'!$A$2:$A$3000,$A2)>0,"Yes",""))
A77: PAL-0000077 | D77: =IF($C77="","",IFERROR(LOOKUP(2,1/('03_Warehouse_Movements'!$C$2:$C$500=$A77),'03_Warehouse_Movements'!$E$2:$E$500),$C77)) | E77: STANDARD | H77: =IF(AND($F77="TEMP",$G77>0,$M77<>""),$M77+$G77,"") | M77: =IF($C77="","",IFERROR(LOOKUP(2,1/('03_Warehouse_Movements'!$C$2:$C$500=$A77),'03_Warehouse_Movements'!$A$2:$A$500),"")) | N77: =IF($C77="","",IFERROR(LOOKUP(2,1/('03_Warehouse_Movements'!$C$2:$C$500=$A77),'03_Warehouse_Movements'!$H$2:$H$500),"")) | O77: =A77 | W77: =IF($A2="","",COUNTIF('07_Pallet_Contents'!$A$2:$A$3000,$A2)) | X77: =IF($A2="","",SUMIF('07_Pallet_Contents'!$A$2:$A$3000,$A2,'07_Pallet_Contents'!$D$2:$D$3000)) | Y77: =IF($A2="","",SUMIF('07_Pallet_Contents'!$A$2:$A$3000,$A2,'07_Pallet_Contents'!$I$2:$I$3000)) | Z77: =IF($A2="","",IF(COUNTIF('07_Pallet_Contents'!$A$2:$A$3000,$A2)>0,"Yes",""))
A78: PAL-0000078 | D78: =IF($C78="","",IFERROR(LOOKUP(2,1/('03_Warehouse_Movements'!$C$2:$C$500=$A78),'03_Warehouse_Movements'!$E$2:$E$500),$C78)) | E78: STANDARD | H78: =IF(AND($F78="TEMP",$G78>0,$M78<>""),$M78+$G78,"") | M78: =IF($C78="","",IFERROR(LOOKUP(2,1/('03_Warehouse_Movements'!$C$2:$C$500=$A78),'03_Warehouse_Movements'!$A$2:$A$500),"")) | N78: =IF($C78="","",IFERROR(LOOKUP(2,1/('03_Warehouse_Movements'!$C$2:$C$500=$A78),'03_Warehouse_Movements'!$H$2:$H$500),"")) | O78: =A78 | W78: =IF($A2="","",COUNTIF('07_Pallet_Contents'!$A$2:$A$3000,$A2)) | X78: =IF($A2="","",SUMIF('07_Pallet_Contents'!$A$2:$A$3000,$A2,'07_Pallet_Contents'!$D$2:$D$3000)) | Y78: =IF($A2="","",SUMIF('07_Pallet_Contents'!$A$2:$A$3000,$A2,'07_Pallet_Contents'!$I$2:$I$3000)) | Z78: =IF($A2="","",IF(COUNTIF('07_Pallet_Contents'!$A$2:$A$3000,$A2)>0,"Yes",""))
A79: PAL-0000079 | D79: =IF($C79="","",IFERROR(LOOKUP(2,1/('03_Warehouse_Movements'!$C$2:$C$500=$A79),'03_Warehouse_Movements'!$E$2:$E$500),$C79)) | E79: STANDARD | H79: =IF(AND($F79="TEMP",$G79>0,$M79<>""),$M79+$G79,"") | M79: =IF($C79="","",IFERROR(LOOKUP(2,1/('03_Warehouse_Movements'!$C$2:$C$500=$A79),'03_Warehouse_Movements'!$A$2:$A$500),"")) | N79: =IF($C79="","",IFERROR(LOOKUP(2,1/('03_Warehouse_Movements'!$C$2:$C$500=$A79),'03_Warehouse_Movements'!$H$2:$H$500),"")) | O79: =A79 | W79: =IF($A2="","",COUNTIF('07_Pallet_Contents'!$A$2:$A$3000,$A2)) | X79: =IF($A2="","",SUMIF('07_Pallet_Contents'!$A$2:$A$3000,$A2,'07_Pallet_Contents'!$D$2:$D$3000)) | Y79: =IF($A2="","",SUMIF('07_Pallet_Contents'!$A$2:$A$3000,$A2,'07_Pallet_Contents'!$I$2:$I$3000)) | Z79: =IF($A2="","",IF(COUNTIF('07_Pallet_Contents'!$A$2:$A$3000,$A2)>0,"Yes",""))
A80: PAL-0000080 | D80: =IF($C80="","",IFERROR(LOOKUP(2,1/('03_Warehouse_Movements'!$C$2:$C$500=$A80),'03_Warehouse_Movements'!$E$2:$E$500),$C80)) | E80: STANDARD | H80: =IF(AND($F80="TEMP",$G80>0,$M80<>""),$M80+$G80,"") | M80: =IF($C80="","",IFERROR(LOOKUP(2,1/('03_Warehouse_Movements'!$C$2:$C$500=$A80),'03_Warehouse_Movements'!$A$2:$A$500),"")) | N80: =IF($C80="","",IFERROR(LOOKUP(2,1/('03_Warehouse_Movements'!$C$2:$C$500=$A80),'03_Warehouse_Movements'!$H$2:$H$500),"")) | O80: =A80 | W80: =IF($A2="","",COUNTIF('07_Pallet_Contents'!$A$2:$A$3000,$A2)) | X80: =IF($A2="","",SUMIF('07_Pallet_Contents'!$A$2:$A$3000,$A2,'07_Pallet_Contents'!$D$2:$D$3000)) | Y80: =IF($A2="","",SUMIF('07_Pallet_Contents'!$A$2:$A$3000,$A2,'07_Pallet_Contents'!$I$2:$I$3000)) | Z80: =IF($A2="","",IF(COUNTIF('07_Pallet_Contents'!$A$2:$A$3000,$A2)>0,"Yes",""))
A81: PAL-0000081 | D81: =IF($C81="","",IFERROR(LOOKUP(2,1/('03_Warehouse_Movements'!$C$2:$C$500=$A81),'03_Warehouse_Movements'!$E$2:$E$500),$C81)) | E81: STANDARD | H81: =IF(AND($F81="TEMP",$G81>0,$M81<>""),$M81+$G81,"") | M81: =IF($C81="","",IFERROR(LOOKUP(2,1/('03_Warehouse_Movements'!$C$2:$C$500=$A81),'03_Warehouse_Movements'!$A$2:$A$500),"")) | N81: =IF($C81="","",IFERROR(LOOKUP(2,1/('03_Warehouse_Movements'!$C$2:$C$500=$A81),'03_Warehouse_Movements'!$H$2:$H$500),"")) | O81: =A81 | W81: =IF($A2="","",COUNTIF('07_Pallet_Contents'!$A$2:$A$3000,$A2)) | X81: =IF($A2="","",SUMIF('07_Pallet_Contents'!$A$2:$A$3000,$A2,'07_Pallet_Contents'!$D$2:$D$3000)) | Y81: =IF($A2="","",SUMIF('07_Pallet_Contents'!$A$2:$A$3000,$A2,'07_Pallet_Contents'!$I$2:$I$3000)) | Z81: =IF($A2="","",IF(COUNTIF('07_Pallet_Contents'!$A$2:$A$3000,$A2)>0,"Yes",""))
A82: PAL-0000082 | D82: =IF($C82="","",IFERROR(LOOKUP(2,1/('03_Warehouse_Movements'!$C$2:$C$500=$A82),'03_Warehouse_Movements'!$E$2:$E$500),$C82)) | E82: STANDARD | H82: =IF(AND($F82="TEMP",$G82>0,$M82<>""),$M82+$G82,"") | M82: =IF($C82="","",IFERROR(LOOKUP(2,1/('03_Warehouse_Movements'!$C$2:$C$500=$A82),'03_Warehouse_Movements'!$A$2:$A$500),"")) | N82: =IF($C82="","",IFERROR(LOOKUP(2,1/('03_Warehouse_Movements'!$C$2:$C$500=$A82),'03_Warehouse_Movements'!$H$2:$H$500),"")) | O82: =A82 | W82: =IF($A2="","",COUNTIF('07_Pallet_Contents'!$A$2:$A$3000,$A2)) | X82: =IF($A2="","",SUMIF('07_Pallet_Contents'!$A$2:$A$3000,$A2,'07_Pallet_Contents'!$D$2:$D$3000)) | Y82: =IF($A2="","",SUMIF('07_Pallet_Contents'!$A$2:$A$3000,$A2,'07_Pallet_Contents'!$I$2:$I$3000)) | Z82: =IF($A2="","",IF(COUNTIF('07_Pallet_Contents'!$A$2:$A$3000,$A2)>0,"Yes",""))
A83: PAL-0000083 | D83: =IF($C83="","",IFERROR(LOOKUP(2,1/('03_Warehouse_Movements'!$C$2:$C$500=$A83),'03_Warehouse_Movements'!$E$2:$E$500),$C83)) | E83: STANDARD | H83: =IF(AND($F83="TEMP",$G83>0,$M83<>""),$M83+$G83,"") | M83: =IF($C83="","",IFERROR(LOOKUP(2,1/('03_Warehouse_Movements'!$C$2:$C$500=$A83),'03_Warehouse_Movements'!$A$2:$A$500),"")) | N83: =IF($C83="","",IFERROR(LOOKUP(2,1/('03_Warehouse_Movements'!$C$2:$C$500=$A83),'03_Warehouse_Movements'!$H$2:$H$500),"")) | O83: =A83 | W83: =IF($A2="","",COUNTIF('07_Pallet_Contents'!$A$2:$A$3000,$A2)) | X83: =IF($A2="","",SUMIF('07_Pallet_Contents'!$A$2:$A$3000,$A2,'07_Pallet_Contents'!$D$2:$D$3000)) | Y83: =IF($A2="","",SUMIF('07_Pallet_Contents'!$A$2:$A$3000,$A2,'07_Pallet_Contents'!$I$2:$I$3000)) | Z83: =IF($A2="","",IF(COUNTIF('07_Pallet_Contents'!$A$2:$A$3000,$A2)>0,"Yes",""))
A84: PAL-0000084 | D84: =IF($C84="","",IFERROR(LOOKUP(2,1/('03_Warehouse_Movements'!$C$2:$C$500=$A84),'03_Warehouse_Movements'!$E$2:$E$500),$C84)) | E84: STANDARD | H84: =IF(AND($F84="TEMP",$G84>0,$M84<>""),$M84+$G84,"") | M84: =IF($C84="","",IFERROR(LOOKUP(2,1/('03_Warehouse_Movements'!$C$2:$C$500=$A84),'03_Warehouse_Movements'!$A$2:$A$500),"")) | N84: =IF($C84="","",IFERROR(LOOKUP(2,1/('03_Warehouse_Movements'!$C$2:$C$500=$A84),'03_Warehouse_Movements'!$H$2:$H$500),"")) | O84: =A84 | W84: =IF($A2="","",COUNTIF('07_Pallet_Contents'!$A$2:$A$3000,$A2)) | X84: =IF($A2="","",SUMIF('07_Pallet_Contents'!$A$2:$A$3000,$A2,'07_Pallet_Contents'!$D$2:$D$3000)) | Y84: =IF($A2="","",SUMIF('07_Pallet_Contents'!$A$2:$A$3000,$A2,'07_Pallet_Contents'!$I$2:$I$3000)) | Z84: =IF($A2="","",IF(COUNTIF('07_Pallet_Contents'!$A$2:$A$3000,$A2)>0,"Yes",""))
A85: PAL-0000085 | D85: =IF($C85="","",IFERROR(LOOKUP(2,1/('03_Warehouse_Movements'!$C$2:$C$500=$A85),'03_Warehouse_Movements'!$E$2:$E$500),$C85)) | E85: STANDARD | H85: =IF(AND($F85="TEMP",$G85>0,$M85<>""),$M85+$G85,"") | M85: =IF($C85="","",IFERROR(LOOKUP(2,1/('03_Warehouse_Movements'!$C$2:$C$500=$A85),'03_Warehouse_Movements'!$A$2:$A$500),"")) | N85: =IF($C85="","",IFERROR(LOOKUP(2,1/('03_Warehouse_Movements'!$C$2:$C$500=$A85),'03_Warehouse_Movements'!$H$2:$H$500),"")) | O85: =A85 | W85: =IF($A2="","",COUNTIF('07_Pallet_Contents'!$A$2:$A$3000,$A2)) | X85: =IF($A2="","",SUMIF('07_Pallet_Contents'!$A$2:$A$3000,$A2,'07_Pallet_Contents'!$D$2:$D$3000)) | Y85: =IF($A2="","",SUMIF('07_Pallet_Contents'!$A$2:$A$3000,$A2,'07_Pallet_Contents'!$I$2:$I$3000)) | Z85: =IF($A2="","",IF(COUNTIF('07_Pallet_Contents'!$A$2:$A$3000,$A2)>0,"Yes",""))
A86: PAL-0000086 | D86: =IF($C86="","",IFERROR(LOOKUP(2,1/('03_Warehouse_Movements'!$C$2:$C$500=$A86),'03_Warehouse_Movements'!$E$2:$E$500),$C86)) | E86: STANDARD | H86: =IF(AND($F86="TEMP",$G86>0,$M86<>""),$M86+$G86,"") | M86: =IF($C86="","",IFERROR(LOOKUP(2,1/('03_Warehouse_Movements'!$C$2:$C$500=$A86),'03_Warehouse_Movements'!$A$2:$A$500),"")) | N86: =IF($C86="","",IFERROR(LOOKUP(2,1/('03_Warehouse_Movements'!$C$2:$C$500=$A86),'03_Warehouse_Movements'!$H$2:$H$500),"")) | O86: =A86 | W86: =IF($A2="","",COUNTIF('07_Pallet_Contents'!$A$2:$A$3000,$A2)) | X86: =IF($A2="","",SUMIF('07_Pallet_Contents'!$A$2:$A$3000,$A2,'07_Pallet_Contents'!$D$2:$D$3000)) | Y86: =IF($A2="","",SUMIF('07_Pallet_Contents'!$A$2:$A$3000,$A2,'07_Pallet_Contents'!$I$2:$I$3000)) | Z86: =IF($A2="","",IF(COUNTIF('07_Pallet_Contents'!$A$2:$A$3000,$A2)>0,"Yes",""))
A87: PAL-0000087 | D87: =IF($C87="","",IFERROR(LOOKUP(2,1/('03_Warehouse_Movements'!$C$2:$C$500=$A87),'03_Warehouse_Movements'!$E$2:$E$500),$C87)) | E87: STANDARD | H87: =IF(AND($F87="TEMP",$G87>0,$M87<>""),$M87+$G87,"") | M87: =IF($C87="","",IFERROR(LOOKUP(2,1/('03_Warehouse_Movements'!$C$2:$C$500=$A87),'03_Warehouse_Movements'!$A$2:$A$500),"")) | N87: =IF($C87="","",IFERROR(LOOKUP(2,1/('03_Warehouse_Movements'!$C$2:$C$500=$A87),'03_Warehouse_Movements'!$H$2:$H$500),"")) | O87: =A87 | W87: =IF($A2="","",COUNTIF('07_Pallet_Contents'!$A$2:$A$3000,$A2)) | X87: =IF($A2="","",SUMIF('07_Pallet_Contents'!$A$2:$A$3000,$A2,'07_Pallet_Contents'!$D$2:$D$3000)) | Y87: =IF($A2="","",SUMIF('07_Pallet_Contents'!$A$2:$A$3000,$A2,'07_Pallet_Contents'!$I$2:$I$3000)) | Z87: =IF($A2="","",IF(COUNTIF('07_Pallet_Contents'!$A$2:$A$3000,$A2)>0,"Yes",""))
A88: PAL-0000088 | D88: =IF($C88="","",IFERROR(LOOKUP(2,1/('03_Warehouse_Movements'!$C$2:$C$500=$A88),'03_Warehouse_Movements'!$E$2:$E$500),$C88)) | E88: STANDARD | H88: =IF(AND($F88="TEMP",$G88>0,$M88<>""),$M88+$G88,"") | M88: =IF($C88="","",IFERROR(LOOKUP(2,1/('03_Warehouse_Movements'!$C$2:$C$500=$A88),'03_Warehouse_Movements'!$A$2:$A$500),"")) | N88: =IF($C88="","",IFERROR(LOOKUP(2,1/('03_Warehouse_Movements'!$C$2:$C$500=$A88),'03_Warehouse_Movements'!$H$2:$H$500),"")) | O88: =A88 | W88: =IF($A2="","",COUNTIF('07_Pallet_Contents'!$A$2:$A$3000,$A2)) | X88: =IF($A2="","",SUMIF('07_Pallet_Contents'!$A$2:$A$3000,$A2,'07_Pallet_Contents'!$D$2:$D$3000)) | Y88: =IF($A2="","",SUMIF('07_Pallet_Contents'!$A$2:$A$3000,$A2,'07_Pallet_Contents'!$I$2:$I$3000)) | Z88: =IF($A2="","",IF(COUNTIF('07_Pallet_Contents'!$A$2:$A$3000,$A2)>0,"Yes",""))
A89: PAL-0000089 | D89: =IF($C89="","",IFERROR(LOOKUP(2,1/('03_Warehouse_Movements'!$C$2:$C$500=$A89),'03_Warehouse_Movements'!$E$2:$E$500),$C89)) | E89: STANDARD | H89: =IF(AND($F89="TEMP",$G89>0,$M89<>""),$M89+$G89,"") | M89: =IF($C89="","",IFERROR(LOOKUP(2,1/('03_Warehouse_Movements'!$C$2:$C$500=$A89),'03_Warehouse_Movements'!$A$2:$A$500),"")) | N89: =IF($C89="","",IFERROR(LOOKUP(2,1/('03_Warehouse_Movements'!$C$2:$C$500=$A89),'03_Warehouse_Movements'!$H$2:$H$500),"")) | O89: =A89 | W89: =IF($A2="","",COUNTIF('07_Pallet_Contents'!$A$2:$A$3000,$A2)) | X89: =IF($A2="","",SUMIF('07_Pallet_Contents'!$A$2:$A$3000,$A2,'07_Pallet_Contents'!$D$2:$D$3000)) | Y89: =IF($A2="","",SUMIF('07_Pallet_Contents'!$A$2:$A$3000,$A2,'07_Pallet_Contents'!$I$2:$I$3000)) | Z89: =IF($A2="","",IF(COUNTIF('07_Pallet_Contents'!$A$2:$A$3000,$A2)>0,"Yes",""))
A90: PAL-0000090 | D90: =IF($C90="","",IFERROR(LOOKUP(2,1/('03_Warehouse_Movements'!$C$2:$C$500=$A90),'03_Warehouse_Movements'!$E$2:$E$500),$C90)) | E90: STANDARD | H90: =IF(AND($F90="TEMP",$G90>0,$M90<>""),$M90+$G90,"") | M90: =IF($C90="","",IFERROR(LOOKUP(2,1/('03_Warehouse_Movements'!$C$2:$C$500=$A90),'03_Warehouse_Movements'!$A$2:$A$500),"")) | N90: =IF($C90="","",IFERROR(LOOKUP(2,1/('03_Warehouse_Movements'!$C$2:$C$500=$A90),'03_Warehouse_Movements'!$H$2:$H$500),"")) | O90: =A90 | W90: =IF($A2="","",COUNTIF('07_Pallet_Contents'!$A$2:$A$3000,$A2)) | X90: =IF($A2="","",SUMIF('07_Pallet_Contents'!$A$2:$A$3000,$A2,'07_Pallet_Contents'!$D$2:$D$3000)) | Y90: =IF($A2="","",SUMIF('07_Pallet_Contents'!$A$2:$A$3000,$A2,'07_Pallet_Contents'!$I$2:$I$3000)) | Z90: =IF($A2="","",IF(COUNTIF('07_Pallet_Contents'!$A$2:$A$3000,$A2)>0,"Yes",""))
A91: PAL-0000091 | D91: =IF($C91="","",IFERROR(LOOKUP(2,1/('03_Warehouse_Movements'!$C$2:$C$500=$A91),'03_Warehouse_Movements'!$E$2:$E$500),$C91)) | E91: STANDARD | H91: =IF(AND($F91="TEMP",$G91>0,$M91<>""),$M91+$G91,"") | M91: =IF($C91="","",IFERROR(LOOKUP(2,1/('03_Warehouse_Movements'!$C$2:$C$500=$A91),'03_Warehouse_Movements'!$A$2:$A$500),"")) | N91: =IF($C91="","",IFERROR(LOOKUP(2,1/('03_Warehouse_Movements'!$C$2:$C$500=$A91),'03_Warehouse_Movements'!$H$2:$H$500),"")) | O91: =A91 | W91: =IF($A2="","",COUNTIF('07_Pallet_Contents'!$A$2:$A$3000,$A2)) | X91: =IF($A2="","",SUMIF('07_Pallet_Contents'!$A$2:$A$3000,$A2,'07_Pallet_Contents'!$D$2:$D$3000)) | Y91: =IF($A2="","",SUMIF('07_Pallet_Contents'!$A$2:$A$3000,$A2,'07_Pallet_Contents'!$I$2:$I$3000)) | Z91: =IF($A2="","",IF(COUNTIF('07_Pallet_Contents'!$A$2:$A$3000,$A2)>0,"Yes",""))
A92: PAL-0000092 | D92: =IF($C92="","",IFERROR(LOOKUP(2,1/('03_Warehouse_Movements'!$C$2:$C$500=$A92),'03_Warehouse_Movements'!$E$2:$E$500),$C92)) | E92: STANDARD | H92: =IF(AND($F92="TEMP",$G92>0,$M92<>""),$M92+$G92,"") | M92: =IF($C92="","",IFERROR(LOOKUP(2,1/('03_Warehouse_Movements'!$C$2:$C$500=$A92),'03_Warehouse_Movements'!$A$2:$A$500),"")) | N92: =IF($C92="","",IFERROR(LOOKUP(2,1/('03_Warehouse_Movements'!$C$2:$C$500=$A92),'03_Warehouse_Movements'!$H$2:$H$500),"")) | O92: =A92 | W92: =IF($A2="","",COUNTIF('07_Pallet_Contents'!$A$2:$A$3000,$A2)) | X92: =IF($A2="","",SUMIF('07_Pallet_Contents'!$A$2:$A$3000,$A2,'07_Pallet_Contents'!$D$2:$D$3000)) | Y92: =IF($A2="","",SUMIF('07_Pallet_Contents'!$A$2:$A$3000,$A2,'07_Pallet_Contents'!$I$2:$I$3000)) | Z92: =IF($A2="","",IF(COUNTIF('07_Pallet_Contents'!$A$2:$A$3000,$A2)>0,"Yes",""))
A93: PAL-0000093 | D93: =IF($C93="","",IFERROR(LOOKUP(2,1/('03_Warehouse_Movements'!$C$2:$C$500=$A93),'03_Warehouse_Movements'!$E$2:$E$500),$C93)) | E93: STANDARD | H93: =IF(AND($F93="TEMP",$G93>0,$M93<>""),$M93+$G93,"") | M93: =IF($C93="","",IFERROR(LOOKUP(2,1/('03_Warehouse_Movements'!$C$2:$C$500=$A93),'03_Warehouse_Movements'!$A$2:$A$500),"")) | N93: =IF($C93="","",IFERROR(LOOKUP(2,1/('03_Warehouse_Movements'!$C$2:$C$500=$A93),'03_Warehouse_Movements'!$H$2:$H$500),"")) | O93: =A93 | W93: =IF($A2="","",COUNTIF('07_Pallet_Contents'!$A$2:$A$3000,$A2)) | X93: =IF($A2="","",SUMIF('07_Pallet_Contents'!$A$2:$A$3000,$A2,'07_Pallet_Contents'!$D$2:$D$3000)) | Y93: =IF($A2="","",SUMIF('07_Pallet_Contents'!$A$2:$A$3000,$A2,'07_Pallet_Contents'!$I$2:$I$3000)) | Z93: =IF($A2="","",IF(COUNTIF('07_Pallet_Contents'!$A$2:$A$3000,$A2)>0,"Yes",""))
A94: PAL-0000094 | D94: =IF($C94="","",IFERROR(LOOKUP(2,1/('03_Warehouse_Movements'!$C$2:$C$500=$A94),'03_Warehouse_Movements'!$E$2:$E$500),$C94)) | E94: STANDARD | H94: =IF(AND($F94="TEMP",$G94>0,$M94<>""),$M94+$G94,"") | M94: =IF($C94="","",IFERROR(LOOKUP(2,1/('03_Warehouse_Movements'!$C$2:$C$500=$A94),'03_Warehouse_Movements'!$A$2:$A$500),"")) | N94: =IF($C94="","",IFERROR(LOOKUP(2,1/('03_Warehouse_Movements'!$C$2:$C$500=$A94),'03_Warehouse_Movements'!$H$2:$H$500),"")) | O94: =A94 | W94: =IF($A2="","",COUNTIF('07_Pallet_Contents'!$A$2:$A$3000,$A2)) | X94: =IF($A2="","",SUMIF('07_Pallet_Contents'!$A$2:$A$3000,$A2,'07_Pallet_Contents'!$D$2:$D$3000)) | Y94: =IF($A2="","",SUMIF('07_Pallet_Contents'!$A$2:$A$3000,$A2,'07_Pallet_Contents'!$I$2:$I$3000)) | Z94: =IF($A2="","",IF(COUNTIF('07_Pallet_Contents'!$A$2:$A$3000,$A2)>0,"Yes",""))
A95: PAL-0000095 | D95: =IF($C95="","",IFERROR(LOOKUP(2,1/('03_Warehouse_Movements'!$C$2:$C$500=$A95),'03_Warehouse_Movements'!$E$2:$E$500),$C95)) | E95: STANDARD | H95: =IF(AND($F95="TEMP",$G95>0,$M95<>""),$M95+$G95,"") | M95: =IF($C95="","",IFERROR(LOOKUP(2,1/('03_Warehouse_Movements'!$C$2:$C$500=$A95),'03_Warehouse_Movements'!$A$2:$A$500),"")) | N95: =IF($C95="","",IFERROR(LOOKUP(2,1/('03_Warehouse_Movements'!$C$2:$C$500=$A95),'03_Warehouse_Movements'!$H$2:$H$500),"")) | O95: =A95 | W95: =IF($A2="","",COUNTIF('07_Pallet_Contents'!$A$2:$A$3000,$A2)) | X95: =IF($A2="","",SUMIF('07_Pallet_Contents'!$A$2:$A$3000,$A2,'07_Pallet_Contents'!$D$2:$D$3000)) | Y95: =IF($A2="","",SUMIF('07_Pallet_Contents'!$A$2:$A$3000,$A2,'07_Pallet_Contents'!$I$2:$I$3000)) | Z95: =IF($A2="","",IF(COUNTIF('07_Pallet_Contents'!$A$2:$A$3000,$A2)>0,"Yes",""))
A96: PAL-0000096 | D96: =IF($C96="","",IFERROR(LOOKUP(2,1/('03_Warehouse_Movements'!$C$2:$C$500=$A96),'03_Warehouse_Movements'!$E$2:$E$500),$C96)) | E96: STANDARD | H96: =IF(AND($F96="TEMP",$G96>0,$M96<>""),$M96+$G96,"") | M96: =IF($C96="","",IFERROR(LOOKUP(2,1/('03_Warehouse_Movements'!$C$2:$C$500=$A96),'03_Warehouse_Movements'!$A$2:$A$500),"")) | N96: =IF($C96="","",IFERROR(LOOKUP(2,1/('03_Warehouse_Movements'!$C$2:$C$500=$A96),'03_Warehouse_Movements'!$H$2:$H$500),"")) | O96: =A96 | W96: =IF($A2="","",COUNTIF('07_Pallet_Contents'!$A$2:$A$3000,$A2)) | X96: =IF($A2="","",SUMIF('07_Pallet_Contents'!$A$2:$A$3000,$A2,'07_Pallet_Contents'!$D$2:$D$3000)) | Y96: =IF($A2="","",SUMIF('07_Pallet_Contents'!$A$2:$A$3000,$A2,'07_Pallet_Contents'!$I$2:$I$3000)) | Z96: =IF($A2="","",IF(COUNTIF('07_Pallet_Contents'!$A$2:$A$3000,$A2)>0,"Yes",""))
A97: PAL-0000097 | D97: =IF($C97="","",IFERROR(LOOKUP(2,1/('03_Warehouse_Movements'!$C$2:$C$500=$A97),'03_Warehouse_Movements'!$E$2:$E$500),$C97)) | E97: STANDARD | H97: =IF(AND($F97="TEMP",$G97>0,$M97<>""),$M97+$G97,"") | M97: =IF($C97="","",IFERROR(LOOKUP(2,1/('03_Warehouse_Movements'!$C$2:$C$500=$A97),'03_Warehouse_Movements'!$A$2:$A$500),"")) | N97: =IF($C97="","",IFERROR(LOOKUP(2,1/('03_Warehouse_Movements'!$C$2:$C$500=$A97),'03_Warehouse_Movements'!$H$2:$H$500),"")) | O97: =A97 | W97: =IF($A2="","",COUNTIF('07_Pallet_Contents'!$A$2:$A$3000,$A2)) | X97: =IF($A2="","",SUMIF('07_Pallet_Contents'!$A$2:$A$3000,$A2,'07_Pallet_Contents'!$D$2:$D$3000)) | Y97: =IF($A2="","",SUMIF('07_Pallet_Contents'!$A$2:$A$3000,$A2,'07_Pallet_Contents'!$I$2:$I$3000)) | Z97: =IF($A2="","",IF(COUNTIF('07_Pallet_Contents'!$A$2:$A$3000,$A2)>0,"Yes",""))
A98: PAL-0000098 | D98: =IF($C98="","",IFERROR(LOOKUP(2,1/('03_Warehouse_Movements'!$C$2:$C$500=$A98),'03_Warehouse_Movements'!$E$2:$E$500),$C98)) | E98: STANDARD | H98: =IF(AND($F98="TEMP",$G98>0,$M98<>""),$M98+$G98,"") | M98: =IF($C98="","",IFERROR(LOOKUP(2,1/('03_Warehouse_Movements'!$C$2:$C$500=$A98),'03_Warehouse_Movements'!$A$2:$A$500),"")) | N98: =IF($C98="","",IFERROR(LOOKUP(2,1/('03_Warehouse_Movements'!$C$2:$C$500=$A98),'03_Warehouse_Movements'!$H$2:$H$500),"")) | O98: =A98 | W98: =IF($A2="","",COUNTIF('07_Pallet_Contents'!$A$2:$A$3000,$A2)) | X98: =IF($A2="","",SUMIF('07_Pallet_Contents'!$A$2:$A$3000,$A2,'07_Pallet_Contents'!$D$2:$D$3000)) | Y98: =IF($A2="","",SUMIF('07_Pallet_Contents'!$A$2:$A$3000,$A2,'07_Pallet_Contents'!$I$2:$I$3000)) | Z98: =IF($A2="","",IF(COUNTIF('07_Pallet_Contents'!$A$2:$A$3000,$A2)>0,"Yes",""))
A99: PAL-0000099 | D99: =IF($C99="","",IFERROR(LOOKUP(2,1/('03_Warehouse_Movements'!$C$2:$C$500=$A99),'03_Warehouse_Movements'!$E$2:$E$500),$C99)) | E99: STANDARD | H99: =IF(AND($F99="TEMP",$G99>0,$M99<>""),$M99+$G99,"") | M99: =IF($C99="","",IFERROR(LOOKUP(2,1/('03_Warehouse_Movements'!$C$2:$C$500=$A99),'03_Warehouse_Movements'!$A$2:$A$500),"")) | N99: =IF($C99="","",IFERROR(LOOKUP(2,1/('03_Warehouse_Movements'!$C$2:$C$500=$A99),'03_Warehouse_Movements'!$H$2:$H$500),"")) | O99: =A99 | W99: =IF($A2="","",COUNTIF('07_Pallet_Contents'!$A$2:$A$3000,$A2)) | X99: =IF($A2="","",SUMIF('07_Pallet_Contents'!$A$2:$A$3000,$A2,'07_Pallet_Contents'!$D$2:$D$3000)) | Y99: =IF($A2="","",SUMIF('07_Pallet_Contents'!$A$2:$A$3000,$A2,'07_Pallet_Contents'!$I$2:$I$3000)) | Z99: =IF($A2="","",IF(COUNTIF('07_Pallet_Contents'!$A$2:$A$3000,$A2)>0,"Yes",""))
A100: PAL-0000100 | D100: =IF($C100="","",IFERROR(LOOKUP(2,1/('03_Warehouse_Movements'!$C$2:$C$500=$A100),'03_Warehouse_Movements'!$E$2:$E$500),$C100)) | E100: STANDARD | H100: =IF(AND($F100="TEMP",$G100>0,$M100<>""),$M100+$G100,"") | M100: =IF($C100="","",IFERROR(LOOKUP(2,1/('03_Warehouse_Movements'!$C$2:$C$500=$A100),'03_Warehouse_Movements'!$A$2:$A$500),"")) | N100: =IF($C100="","",IFERROR(LOOKUP(2,1/('03_Warehouse_Movements'!$C$2:$C$500=$A100),'03_Warehouse_Movements'!$H$2:$H$500),"")) | O100: =A100 | W100: =IF($A2="","",COUNTIF('07_Pallet_Contents'!$A$2:$A$3000,$A2)) | X100: =IF($A2="","",SUMIF('07_Pallet_Contents'!$A$2:$A$3000,$A2,'07_Pallet_Contents'!$D$2:$D$3000)) | Y100: =IF($A2="","",SUMIF('07_Pallet_Contents'!$A$2:$A$3000,$A2,'07_Pallet_Contents'!$I$2:$I$3000)) | Z100: =IF($A2="","",IF(COUNTIF('07_Pallet_Contents'!$A$2:$A$3000,$A2)>0,"Yes",""))
...

Sheet 02_Warehouse_Locations
A1: Zone | B1: Aisle | C1: Position/Slot | D1: LocationType | E1: AccessRating(1-5) | F1: QR_Payload | G1: Expires (AUTO) | H1: DisplayLabel (AUTO) | I1: Notes | J1: AisleNum (AUTO) | K1: SlotNum (AUTO) | L1: LevelNum (AUTO) | M1: PrismNode (AUTO) | N1: GridCol (AUTO) | O1: GridRow (AUTO) | P1: GridNode (AUTO) | Q1: WH
A2: STAGED | B2: STAGE_IN | E2: Inbound staging | F2: 1 | G2: 0 | H2: =A2 | I2: WH-STAGE-OUT | J2: =IF($I2<>"",$I2,$A2) | K2: =IF($C2="","",IF(LEN($C2)=1,CODE(UPPER($C2))-64,IFERROR(VALUE(MID($C2,2,99)),""))) | L2: =IF($D2="","",IFERROR(VALUE($D2),"")) | M2: =IFERROR(VALUE(MID($A2,FIND("Level",$A2)+5,99)),IF($E2="AISLE_FLOOR",0,IF($E2="OVERFLOW",0,IF($E2="ENDCAP",0,"")))) | N2: =IF(AND($B2<>"",$C2<>"",ISNUMBER(--$D2)), $B2&": "&LEFT($C2,1)&TEXT(--$D2,"00"), IF($I2<>"",$I2,$A2)) | O2: =IF(AND($C2<>"",ISNUMBER(--$D2)),LEFT($C2,1),"") | P2: =IF(ISNUMBER(--$D2),--$D2,"") | Q2: =IF(AND($O2<>"",$P2<>""),$O2&TEXT($P2,"00"),"")
A3: STAGE_OUT | B3: STAGE_IN | E3: Outbound / ship staging | F3: 1 | G3: 0 | H3: =A3 | I3: WH-QUARANTINE | J3: =IF($I3<>"",$I3,$A3) | K3: =IF($C3="","",IF(LEN($C3)=1,CODE(UPPER($C3))-64,IFERROR(VALUE(MID($C3,2,99)),""))) | L3: =IF($D3="","",IFERROR(VALUE($D3),"")) | M3: =IFERROR(VALUE(MID($A3,FIND("Level",$A3)+5,99)),IF($E3="AISLE_FLOOR",0,IF($E3="OVERFLOW",0,IF($E3="ENDCAP",0,"")))) | N3: =IF(AND($B3<>"",$C3<>"",ISNUMBER(--$D3)), $B3&": "&LEFT($C3,1)&TEXT(--$D3,"00"), IF($I3<>"",$I3,$A3)) | O3: =IF(AND($C3<>"",ISNUMBER(--$D3)),LEFT($C3,1),"") | P3: =IF(ISNUMBER(--$D3),--$D3,"") | Q3: =IF(AND($O3<>"",$P3<>""),$O3&TEXT($P3,"00"),"")
A4: QUARANTINE | B4: STAGE_IN | E4: Damaged/unknown hold | F4: 2 | G4: 0 | H4: =A4 | I4: WH-Z1-A01-ENDCAP-L | J4: =IF($I4<>"",$I4,$A4) | K4: =IF($C4="","",IF(LEN($C4)=1,CODE(UPPER($C4))-64,IFERROR(VALUE(MID($C4,2,99)),""))) | L4: =IF($D4="","",IFERROR(VALUE($D4),"")) | M4: =IFERROR(VALUE(MID($A4,FIND("Level",$A4)+5,99)),IF($E4="AISLE_FLOOR",0,IF($E4="OVERFLOW",0,IF($E4="ENDCAP",0,"")))) | N4: =IF(AND($B4<>"",$C4<>"",ISNUMBER(--$D4)), $B4&": "&LEFT($C4,1)&TEXT(--$D4,"00"), IF($I4<>"",$I4,$A4)) | O4: =IF(AND($C4<>"",ISNUMBER(--$D4)),LEFT($C4,1),"") | P4: =IF(ISNUMBER(--$D4),--$D4,"") | Q4: =IF(AND($O4<>"",$P4<>""),$O4&TEXT($P4,"00"),"")
A5: Z1 | B5: A01 | C5: L | D5: ENDCAP | E5: Endcap left | F5: 1 | G5: 2 | H5: =A5 | I5: WH-Z1-AisleA-Bay1-Level1 | J5: =IF($I5<>"",$I5,$A5) | K5: =IF($C5="","",IF(LEN($C5)=1,CODE(UPPER($C5))-64,IFERROR(VALUE(MID($C5,2,99)),""))) | L5: =IF($D5="","",IFERROR(VALUE($D5),"")) | M5: =IFERROR(VALUE(MID($A5,FIND("Level",$A5)+5,99)),IF($E5="AISLE_FLOOR",0,IF($E5="OVERFLOW",0,IF($E5="ENDCAP",0,"")))) | N5: =IF(AND($B5<>"",$C5<>"",ISNUMBER(--$D5)), $B5&": "&LEFT($C5,1)&TEXT(--$D5,"00"), IF($I5<>"",$I5,$A5)) | O5: =IF(AND($C5<>"",ISNUMBER(--$D5)),LEFT($C5,1),"") | P5: =IF(ISNUMBER(--$D5),--$D5,"") | Q5: =IF(AND($O5<>"",$P5<>""),$O5&TEXT($P5,"00"),"")
A6: A | B6: A01 | C6: AISLE_FLOOR | D6: 1 | E6: Between rows segment 01 | F6: 4 | G6: 2 | H6: =A6 | I6: WH-Z1-AisleA-Bay1-Level2 | J6: =IF($I6<>"",$I6,$A6) | K6: =IF($C6="","",IF(LEN($C6)=1,CODE(UPPER($C6))-64,IFERROR(VALUE(MID($C6,2,99)),""))) | L6: =IF($D6="","",IFERROR(VALUE($D6),"")) | M6: =IFERROR(VALUE(MID($A6,FIND("Level",$A6)+5,99)),IF($E6="AISLE_FLOOR",0,IF($E6="OVERFLOW",0,IF($E6="ENDCAP",0,"")))) | N6: =IF(AND($B6<>"",$C6<>"",ISNUMBER(--$D6)), $B6&": "&LEFT($C6,1)&TEXT(--$D6,"00"), IF($I6<>"",$I6,$A6)) | O6: =IF(AND($C6<>"",ISNUMBER(--$D6)),LEFT($C6,1),"") | P6: =IF(ISNUMBER(--$D6),--$D6,"") | Q6: =IF(AND($O6<>"",$P6<>""),$O6&TEXT($P6,"00"),"")
A7: Between rows segment 02 | B7: A01 | C7: AISLE_FLOOR | D7: 1 | E7: Between rows segment 01 | F7: 4 | G7: 2 | H7: =A7 | I7: WH-Z1-A01-OVERFLOW-01 | J7: =IF($I7<>"",$I7,$A7) | K7: =IF($C7="","",IF(LEN($C7)=1,CODE(UPPER($C7))-64,IFERROR(VALUE(MID($C7,2,99)),""))) | L7: =IF($D7="","",IFERROR(VALUE($D7),"")) | M7: =IFERROR(VALUE(MID($A7,FIND("Level",$A7)+5,99)),IF($E7="AISLE_FLOOR",0,IF($E7="OVERFLOW",0,IF($E7="ENDCAP",0,"")))) | N7: =IF(AND($B7<>"",$C7<>"",ISNUMBER(--$D7)), $B7&": "&LEFT($C7,1)&TEXT(--$D7,"00"), IF($I7<>"",$I7,$A7)) | O7: =IF(AND($C7<>"",ISNUMBER(--$D7)),LEFT($C7,1),"") | P7: =IF(ISNUMBER(--$D7),--$D7,"") | Q7: =IF(AND($O7<>"",$P7<>""),$O7&TEXT($P7,"00"),"")
A8: 01 | B8: A01 | C8: L | D8: OVERFLOW | E8: Overflow slot 01 | F8: 3 | G8: 7 | H8: =A8 | I8: CHRIS | J8: =IF($I8<>"",$I8,$A8) | K8: =IF($C8="","",IF(LEN($C8)=1,CODE(UPPER($C8))-64,IFERROR(VALUE(MID($C8,2,99)),""))) | L8: =IF($D8="","",IFERROR(VALUE($D8),"")) | M8: =IFERROR(VALUE(MID($A8,FIND("Level",$A8)+5,99)),IF($E8="AISLE_FLOOR",0,IF($E8="OVERFLOW",0,IF($E8="ENDCAP",0,"")))) | N8: =IF(AND($B8<>"",$C8<>"",ISNUMBER(--$D8)), $B8&": "&LEFT($C8,1)&TEXT(--$D8,"00"), IF($I8<>"",$I8,$A8)) | O8: =IF(AND($C8<>"",ISNUMBER(--$D8)),LEFT($C8,1),"") | P8: =IF(ISNUMBER(--$D8),--$D8,"") | Q8: =IF(AND($O8<>"",$P8<>""),$O8&TEXT($P8,"00"),"")
A9: UNSAFE | B9: Custom location code from Warehouse Ledger (details TBD). | E9: Overflow slot 01 | F9: 3 | G9: 0 | H9: =A9 | I9: WH-Z1-AisleA-Bay1-Level3 | J9: =IF($I9<>"",$I9,$A9) | K9: =IF($C9="","",IF(LEN($C9)=1,CODE(UPPER($C9))-64,IFERROR(VALUE(MID($C9,2,99)),""))) | L9: =IF($D9="","",IFERROR(VALUE($D9),"")) | M9: =IFERROR(VALUE(MID($A9,FIND("Level",$A9)+5,99)),IF($E9="AISLE_FLOOR",0,IF($E9="OVERFLOW",0,IF($E9="ENDCAP",0,"")))) | N9: =IF(AND($B9<>"",$C9<>"",ISNUMBER(--$D9)), $B9&": "&LEFT($C9,1)&TEXT(--$D9,"00"), IF($I9<>"",$I9,$A9)) | O9: =IF(AND($C9<>"",ISNUMBER(--$D9)),LEFT($C9,1),"") | P9: =IF(ISNUMBER(--$D9),--$D9,"") | Q9: =IF(AND($O9<>"",$P9<>""),$O9&TEXT($P9,"00"),"")
A10: SAMPLE: Grid A03 | B10: A01 | C10: AISLE_FLOOR | D10: 1 | E10: Between rows segment 01 | F10: 4 | G10: 2 | H10: =A10 | I10: WH-Z1-AisleA-Bay1-Level4 | J10: =IF($I10<>"",$I10,$A10) | K10: =IF($C10="","",IF(LEN($C10)=1,CODE(UPPER($C10))-64,IFERROR(VALUE(MID($C10,2,99)),""))) | L10: =IF($D10="","",IFERROR(VALUE($D10),"")) | M10: =IFERROR(VALUE(MID($A10,FIND("Level",$A10)+5,99)),IF($E10="AISLE_FLOOR",0,IF($E10="OVERFLOW",0,IF($E10="ENDCAP",0,"")))) | N10: =IF(AND($B10<>"",$C10<>"",ISNUMBER(--$D10)), $B10&": "&LEFT($C10,1)&TEXT(--$D10,"00"), IF($I10<>"",$I10,$A10)) | O10: =IF(AND($C10<>"",ISNUMBER(--$D10)),LEFT($C10,1),"") | P10: =IF(ISNUMBER(--$D10),--$D10,"") | Q10: =IF(AND($O10<>"",$P10<>""),$O10&TEXT($P10,"00"),"")
A11: SAMPLE: Grid A04 | B11: A01 | C11: AISLE_FLOOR | D11: 1 | E11: Between rows segment 01 | F11: 4 | G11: 2 | H11: =A11 | I11: SAMPLE: Grid A05 | J11: =IF($I11<>"",$I11,$A11) | K11: =IF($C11="","",IF(LEN($C11)=1,CODE(UPPER($C11))-64,IFERROR(VALUE(MID($C11,2,99)),""))) | L11: =IF($D11="","",IFERROR(VALUE($D11),"")) | M11: =IFERROR(VALUE(MID($A11,FIND("Level",$A11)+5,99)),IF($E11="AISLE_FLOOR",0,IF($E11="OVERFLOW",0,IF($E11="ENDCAP",0,"")))) | N11: =IF(AND($B11<>"",$C11<>"",ISNUMBER(--$D11)), $B11&": "&LEFT($C11,1)&TEXT(--$D11,"00"), IF($I11<>"",$I11,$A11)) | O11: =IF(AND($C11<>"",ISNUMBER(--$D11)),LEFT($C11,1),"") | P11: =IF(ISNUMBER(--$D11),--$D11,"") | Q11: =IF(AND($O11<>"",$P11<>""),$O11&TEXT($P11,"00"),"")
A12: SAMPLE: Power Supplies | B12: A01 | C12: AISLE_FLOOR | D12: 1 | E12: Between rows segment 01 | F12: 4 | G12: 2 | H12: =A12 | I12: SAMPLE: Grid A06 | J12: =IF($I12<>"",$I12,$A12) | K12: =IF($C12="","",IF(LEN($C12)=1,CODE(UPPER($C12))-64,IFERROR(VALUE(MID($C12,2,99)),""))) | L12: =IF($D12="","",IFERROR(VALUE($D12),"")) | M12: =IFERROR(VALUE(MID($A12,FIND("Level",$A12)+5,99)),IF($E12="AISLE_FLOOR",0,IF($E12="OVERFLOW",0,IF($E12="ENDCAP",0,"")))) | N12: =IF(AND($B12<>"",$C12<>"",ISNUMBER(--$D12)), $B12&": "&LEFT($C12,1)&TEXT(--$D12,"00"), IF($I12<>"",$I12,$A12)) | O12: =IF(AND($C12<>"",ISNUMBER(--$D12)),LEFT($C12,1),"") | P12: =IF(ISNUMBER(--$D12),--$D12,"") | Q12: =IF(AND($O12<>"",$P12<>""),$O12&TEXT($P12,"00"),"")
A13: SAMPLE: Imaging Equipment | B13: A01 | C13: AISLE_FLOOR | D13: 1 | E13: Between rows segment 01 | F13: 4 | G13: 2 | H13: =A13 | I13: SAMPLE: Grid A07 | J13: =IF($I13<>"",$I13,$A13) | K13: =IF($C13="","",IF(LEN($C13)=1,CODE(UPPER($C13))-64,IFERROR(VALUE(MID($C13,2,99)),""))) | L13: =IF($D13="","",IFERROR(VALUE($D13),"")) | M13: =IFERROR(VALUE(MID($A13,FIND("Level",$A13)+5,99)),IF($E13="AISLE_FLOOR",0,IF($E13="OVERFLOW",0,IF($E13="ENDCAP",0,"")))) | N13: =IF(AND($B13<>"",$C13<>"",ISNUMBER(--$D13)), $B13&": "&LEFT($C13,1)&TEXT(--$D13,"00"), IF($I13<>"",$I13,$A13)) | O13: =IF(AND($C13<>"",ISNUMBER(--$D13)),LEFT($C13,1),"") | P13: =IF(ISNUMBER(--$D13),--$D13,"") | Q13: =IF(AND($O13<>"",$P13<>""),$O13&TEXT($P13,"00"),"")
A14: SAMPLE: Misc Hardware | B14: A01 | C14: AISLE_FLOOR | D14: 1 | E14: Between rows segment 01 | F14: 4 | G14: 2 | H14: =A14 | I14: SAMPLE: Grid A08 | J14: =IF($I14<>"",$I14,$A14) | K14: =IF($C14="","",IF(LEN($C14)=1,CODE(UPPER($C14))-64,IFERROR(VALUE(MID($C14,2,99)),""))) | L14: =IF($D14="","",IFERROR(VALUE($D14),"")) | M14: =IFERROR(VALUE(MID($A14,FIND("Level",$A14)+5,99)),IF($E14="AISLE_FLOOR",0,IF($E14="OVERFLOW",0,IF($E14="ENDCAP",0,"")))) | N14: =IF(AND($B14<>"",$C14<>"",ISNUMBER(--$D14)), $B14&": "&LEFT($C14,1)&TEXT(--$D14,"00"), IF($I14<>"",$I14,$A14)) | O14: =IF(AND($C14<>"",ISNUMBER(--$D14)),LEFT($C14,1),"") | P14: =IF(ISNUMBER(--$D14),--$D14,"") | Q14: =IF(AND($O14<>"",$P14<>""),$O14&TEXT($P14,"00"),"")
A15: SAMPLE: Dell Devices | B15: A01 | C15: AISLE_FLOOR | D15: 1 | E15: Between rows segment 01 | F15: 4 | G15: 2 | H15: =A15 | I15: SAMPLE: Grid A09 | J15: =IF($I15<>"",$I15,$A15) | K15: =IF($C15="","",IF(LEN($C15)=1,CODE(UPPER($C15))-64,IFERROR(VALUE(MID($C15,2,99)),""))) | L15: =IF($D15="","",IFERROR(VALUE($D15),"")) | M15: =IFERROR(VALUE(MID($A15,FIND("Level",$A15)+5,99)),IF($E15="AISLE_FLOOR",0,IF($E15="OVERFLOW",0,IF($E15="ENDCAP",0,"")))) | N15: =IF(AND($B15<>"",$C15<>"",ISNUMBER(--$D15)), $B15&": "&LEFT($C15,1)&TEXT(--$D15,"00"), IF($I15<>"",$I15,$A15)) | O15: =IF(AND($C15<>"",ISNUMBER(--$D15)),LEFT($C15,1),"") | P15: =IF(ISNUMBER(--$D15),--$D15,"") | Q15: =IF(AND($O15<>"",$P15<>""),$O15&TEXT($P15,"00"),"")
A16: PAL-0000013 | B16: A01 | C16: AISLE_FLOOR | D16: 1 | E16: Between rows segment 01 | F16: 4 | G16: 2 | H16: =A16 | I16: SAMPLE: Grid A10 | J16: =IF($I16<>"",$I16,$A16) | K16: =IF($C16="","",IF(LEN($C16)=1,CODE(UPPER($C16))-64,IFERROR(VALUE(MID($C16,2,99)),""))) | L16: =IF($D16="","",IFERROR(VALUE($D16),"")) | M16: =IFERROR(VALUE(MID($A16,FIND("Level",$A16)+5,99)),IF($E16="AISLE_FLOOR",0,IF($E16="OVERFLOW",0,IF($E16="ENDCAP",0,"")))) | N16: =IF(AND($B16<>"",$C16<>"",ISNUMBER(--$D16)), $B16&": "&LEFT($C16,1)&TEXT(--$D16,"00"), IF($I16<>"",$I16,$A16)) | O16: =IF(AND($C16<>"",ISNUMBER(--$D16)),LEFT($C16,1),"") | P16: =IF(ISNUMBER(--$D16),--$D16,"") | Q16: =IF(AND($O16<>"",$P16<>""),$O16&TEXT($P16,"00"),"")
A17: SAMPLE: Cables & Adapters | B17: A01 | C17: AISLE_FLOOR | D17: 1 | E17: Between rows segment 01 | F17: 4 | G17: 2 | H17: =A17 | I17: SAMPLE: Grid A11 | J17: =IF($I17<>"",$I17,$A17) | K17: =IF($C17="","",IF(LEN($C17)=1,CODE(UPPER($C17))-64,IFERROR(VALUE(MID($C17,2,99)),""))) | L17: =IF($D17="","",IFERROR(VALUE($D17),"")) | M17: =IFERROR(VALUE(MID($A17,FIND("Level",$A17)+5,99)),IF($E17="AISLE_FLOOR",0,IF($E17="OVERFLOW",0,IF($E17="ENDCAP",0,"")))) | N17: =IF(AND($B17<>"",$C17<>"",ISNUMBER(--$D17)), $B17&": "&LEFT($C17,1)&TEXT(--$D17,"00"), IF($I17<>"",$I17,$A17)) | O17: =IF(AND($C17<>"",ISNUMBER(--$D17)),LEFT($C17,1),"") | P17: =IF(ISNUMBER(--$D17),--$D17,"") | Q17: =IF(AND($O17<>"",$P17<>""),$O17&TEXT($P17,"00"),"")
A18: SAMPLE: Racks & Rails | B18: A01 | C18: AISLE_FLOOR | D18: 1 | E18: Between rows segment 01 | F18: 4 | G18: 2 | H18: =A18 | I18: SAMPLE: Grid A12 | J18: =IF($I18<>"",$I18,$A18) | K18: =IF($C18="","",IF(LEN($C18)=1,CODE(UPPER($C18))-64,IFERROR(VALUE(MID($C18,2,99)),""))) | L18: =IF($D18="","",IFERROR(VALUE($D18),"")) | M18: =IFERROR(VALUE(MID($A18,FIND("Level",$A18)+5,99)),IF($E18="AISLE_FLOOR",0,IF($E18="OVERFLOW",0,IF($E18="ENDCAP",0,"")))) | N18: =IF(AND($B18<>"",$C18<>"",ISNUMBER(--$D18)), $B18&": "&LEFT($C18,1)&TEXT(--$D18,"00"), IF($I18<>"",$I18,$A18)) | O18: =IF(AND($C18<>"",ISNUMBER(--$D18)),LEFT($C18,1),"") | P18: =IF(ISNUMBER(--$D18),--$D18,"") | Q18: =IF(AND($O18<>"",$P18<>""),$O18&TEXT($P18,"00"),"")
A19: SAMPLE: Networking Gear | B19: A01 | C19: AISLE_FLOOR | D19: 1 | E19: Between rows segment 01 | F19: 4 | G19: 2 | H19: =A19 | I19: SAMPLE: Grid A13 | J19: =IF($I19<>"",$I19,$A19) | K19: =IF($C19="","",IF(LEN($C19)=1,CODE(UPPER($C19))-64,IFERROR(VALUE(MID($C19,2,99)),""))) | L19: =IF($D19="","",IFERROR(VALUE($D19),"")) | M19: =IFERROR(VALUE(MID($A19,FIND("Level",$A19)+5,99)),IF($E19="AISLE_FLOOR",0,IF($E19="OVERFLOW",0,IF($E19="ENDCAP",0,"")))) | N19: =IF(AND($B19<>"",$C19<>"",ISNUMBER(--$D19)), $B19&": "&LEFT($C19,1)&TEXT(--$D19,"00"), IF($I19<>"",$I19,$A19)) | O19: =IF(AND($C19<>"",ISNUMBER(--$D19)),LEFT($C19,1),"") | P19: =IF(ISNUMBER(--$D19),--$D19,"") | Q19: =IF(AND($O19<>"",$P19<>""),$O19&TEXT($P19,"00"),"")
A20: SAMPLE: Keyboards & Mice | B20: A01 | C20: AISLE_FLOOR | D20: 1 | E20: Between rows segment 01 | F20: 4 | G20: 2 | H20: =A20 | I20: SAMPLE: Grid A14 | J20: =IF($I20<>"",$I20,$A20) | K20: =IF($C20="","",IF(LEN($C20)=1,CODE(UPPER($C20))-64,IFERROR(VALUE(MID($C20,2,99)),""))) | L20: =IF($D20="","",IFERROR(VALUE($D20),"")) | M20: =IFERROR(VALUE(MID($A20,FIND("Level",$A20)+5,99)),IF($E20="AISLE_FLOOR",0,IF($E20="OVERFLOW",0,IF($E20="ENDCAP",0,"")))) | N20: =IF(AND($B20<>"",$C20<>"",ISNUMBER(--$D20)), $B20&": "&LEFT($C20,1)&TEXT(--$D20,"00"), IF($I20<>"",$I20,$A20)) | O20: =IF(AND($C20<>"",ISNUMBER(--$D20)),LEFT($C20,1),"") | P20: =IF(ISNUMBER(--$D20),--$D20,"") | Q20: =IF(AND($O20<>"",$P20<>""),$O20&TEXT($P20,"00"),"")
A21: SAMPLE: Spare Parts | B21: A01 | C21: AISLE_FLOOR | D21: 1 | E21: Between rows segment 01 | F21: 4 | G21: 2 | H21: =A21 | I21: SAMPLE: Grid A15 | J21: =IF($I21<>"",$I21,$A21) | K21: =IF($C21="","",IF(LEN($C21)=1,CODE(UPPER($C21))-64,IFERROR(VALUE(MID($C21,2,99)),""))) | L21: =IF($D21="","",IFERROR(VALUE($D21),"")) | M21: =IFERROR(VALUE(MID($A21,FIND("Level",$A21)+5,99)),IF($E21="AISLE_FLOOR",0,IF($E21="OVERFLOW",0,IF($E21="ENDCAP",0,"")))) | N21: =IF(AND($B21<>"",$C21<>"",ISNUMBER(--$D21)), $B21&": "&LEFT($C21,1)&TEXT(--$D21,"00"), IF($I21<>"",$I21,$A21)) | O21: =IF(AND($C21<>"",ISNUMBER(--$D21)),LEFT($C21,1),"") | P21: =IF(ISNUMBER(--$D21),--$D21,"") | Q21: =IF(AND($O21<>"",$P21<>""),$O21&TEXT($P21,"00"),"")
... A127: SAMPLE: Grid F20 | B127: A01 | C127: SAMPLE: Grid F01 | D127: 1 | E127: Between rows segment 01 | F127: 4 | G127: 2 | H127: =A127 | I127: WH-DISPOSAL | J127: =IF($I127<>"",$I127,$A127) | K127: =IF($C127="","",IF(LEN($C127)=1,CODE(UPPER($C127))-64,IFERROR(VALUE(MID($C127,2,99)),""))) | L127: =IF($D127="","",IFERROR(VALUE($D127),"")) | M127: =IFERROR(VALUE(MID($A127,FIND("Level",$A127)+5,99)),IF($E127="AISLE_FLOOR",0,IF($E127="OVERFLOW",0,IF($E127="ENDCAP",0,"")))) | N127: =IF(AND($B127<>"",$C127<>"",ISNUMBER(--$D127)), $B127&": "&LEFT($C127,1)&TEXT(--$D127,"00"), IF($I127<>"",$I127,$A127)) | O127: =IF(AND($C127<>"",ISNUMBER(--$D127)),LEFT($C127,1),"") | P127: =IF(ISNUMBER(--$D127),--$D127,"") | Q127: =IF(AND($O127<>"",$P127<>""),$O127&TEXT($P127,"00"),"")
A128: DISPOSAL | B128: STAGE_IN | E128: SAMPLE: Retire destination | F128: 3 | H128: =A128 | I128: WH-OUTBOUND | J128: =IF($I128<>"",$I128,$A128) | K128: =IF($C128="","",IF(LEN($C128)=1,CODE(UPPER($C128))-64,IFERROR(VALUE(MID($C128,2,99)),""))) | L128: =IF($D128="","",IFERROR(VALUE($D128),"")) | M128: =IFERROR(VALUE(MID($A128,FIND("Level",$A128)+5,99)),IF($E128="AISLE_FLOOR",0,IF($E128="OVERFLOW",0,IF($E128="ENDCAP",0,"")))) | N128: =IF(AND($B128<>"",$C128<>"",ISNUMBER(--$D128)), $B128&": "&LEFT($C128,1)&TEXT(--$D128,"00"), IF($I128<>"",$I128,$A128)) | O128: =IF(AND($C128<>"",ISNUMBER(--$D128)),LEFT($C128,1),"") | P128: =IF(ISNUMBER(--$D128),--$D128,"") | Q128: =IF(AND($O128<>"",$P128<>""),$O128&TEXT($P128,"00"),"")
A129: OUTBOUND | B129: STAGE_IN | E129: SAMPLE: Ship destination | F129: 3 | H129: =A129 | I129: WH-Z1-AisleO-Bay3-Level2 | J129: =IF($I129<>"",$I129,$A129) | K129: =IF($C129="","",IF(LEN($C129)=1,CODE(UPPER($C129))-64,IFERROR(VALUE(MID($C129,2,99)),""))) | L129: =IF($D129="","",IFERROR(VALUE($D129),"")) | M129: =IFERROR(VALUE(MID($A129,FIND("Level",$A129)+5,99)),IF($E129="AISLE_FLOOR",0,IF($E129="OVERFLOW",0,IF($E129="ENDCAP",0,"")))) | N129: =IF(AND($B129<>"",$C129<>"",ISNUMBER(--$D129)), $B129&": "&LEFT($C129,1)&TEXT(--$D129,"00"), IF($I129<>"",$I129,$A129)) | O129: =IF(AND($C129<>"",ISNUMBER(--$D129)),LEFT($C129,1),"") | P129: =IF(ISNUMBER(--$D129),--$D129,"") | Q129: =IF(AND($O129<>"",$P129<>""),$O129&TEXT($P129,"00"),"")
A130: ACTIVE | B130: Custom location code from Warehouse Ledger (details TBD). | E130: Overflow slot 01 | F130: 3 | G130: 7 | H130: =A130 | I130: WH-Z1-AisleA-Bay1-Level3 | J130: =IF($I130<>"",$I130,$A130) | K130: =IF($C130="","",IF(LEN($C130)=1,CODE(UPPER($C130))-64,IFERROR(VALUE(MID($C130,2,99)),""))) | L130: =IF($D130="","",IFERROR(VALUE($D130),"")) | M130: =IFERROR(VALUE(MID($A130,FIND("Level",$A130)+5,99)),IF($E130="AISLE_FLOOR",0,IF($E130="OVERFLOW",0,IF($E130="ENDCAP",0,"")))) | N130: =IF(AND($B130<>"",$C130<>"",ISNUMBER(--$D130)), $B130&": "&LEFT($C130,1)&TEXT(--$D130,"00"), IF($I130<>"",$I130,$A130)) | O130: =IF(AND($C130<>"",ISNUMBER(--$D130)),LEFT($C130,1),"") | P130: =IF(ISNUMBER(--$D130),--$D130,"") | Q130: =IF(AND($O130<>"",$P130<>""),$O130&TEXT($P130,"00"),"")
A131: O | B131: A01 | C131: From Warehouse Ledger naming standard. | D131: 3 | E131: Between rows segment 01 | F131: 4 | G131: 2 | H131: =A131 | I131: Zone 1 non-overflow section (naming standard). | J131: =IF($I131<>"",$I131,$A131) | K131: =IF($C131="","",IF(LEN($C131)=1,CODE(UPPER($C131))-64,IFERROR(VALUE(MID($C131,2,99)),""))) | L131: =IF($D131="","",IFERROR(VALUE($D131),"")) | M131: =IFERROR(VALUE(MID($A131,FIND("Level",$A131)+5,99)),IF($E131="AISLE_FLOOR",0,IF($E131="OVERFLOW",0,IF($E131="ENDCAP",0,"")))) | N131: =IF(AND($B131<>"",$C131<>"",ISNUMBER(--$D131)), $B131&": "&LEFT($C131,1)&TEXT(--$D131,"00"), IF($I131<>"",$I131,$A131)) | O131: =IF(AND($C131<>"",ISNUMBER(--$D131)),LEFT($C131,1),"") | P131: =IF(ISNUMBER(--$D131),--$D131,"") | Q131: =IF(AND($O131<>"",$P131<>""),$O131&TEXT($P131,"00"),"")
A132: 48x T24i-30 | B132: A01 | E132: Overflow slot 01 | F132: 3 | G132: 7 | H132: =A132 | I132: Timestamp | J132: =IF($I132<>"",$I132,$A132) | K132: =IF($C132="","",IF(LEN($C132)=1,CODE(UPPER($C132))-64,IFERROR(VALUE(MID($C132,2,99)),""))) | L132: =IF($D132="","",IFERROR(VALUE($D132),"")) | M132: =IFERROR(VALUE(MID($A132,FIND("Level",$A132)+5,99)),IF($E132="AISLE_FLOOR",0,IF($E132="OVERFLOW",0,IF($E132="ENDCAP",0,"")))) | N132: =IF(AND($B132<>"",$C132<>"",ISNUMBER(--$D132)), $B132&": "&LEFT($C132,1)&TEXT(--$D132,"00"), IF($I132<>"",$I132,$A132)) | O132: =IF(AND($C132<>"",ISNUMBER(--$D132)),LEFT($C132,1),"") | P132: =IF(ISNUMBER(--$D132),--$D132,"") | Q132: =IF(AND($O132<>"",$P132<>""),$O132&TEXT($P132,"00"),"")
A133: TEMP | H133: =A133 | J133: =IF($I133<>"",$I133,$A133) | K133: =IF($C133="","",IF(LEN($C133)=1,CODE(UPPER($C133))-64,IFERROR(VALUE(MID($C133,2,99)),""))) | L133: =IF($D133="","",IFERROR(VALUE($D133),"")) | M133: =IFERROR(VALUE(MID($A133,FIND("Level",$A133)+5,99)),IF($E133="AISLE_FLOOR",0,IF($E133="OVERFLOW",0,IF($E133="ENDCAP",0,"")))) | N133: =IF(AND($B133<>"",$C133<>"",ISNUMBER(--$D133)), $B133&": "&LEFT($C133,1)&TEXT(--$D133,"00"), IF($I133<>"",$I133,$A133)) | O133: =IF(AND($C133<>"",ISNUMBER(--$D133)),LEFT($C133,1),"") | P133: =IF(ISNUMBER(--$D133),--$D133,"") | Q133: =IF(AND($O133<>"",$P133<>""),$O133&TEXT($P133,"00"),"")
H134: =A134 | J134: =IF($I134<>"",$I134,$A134) | K134: =IF($C134="","",IF(LEN($C134)=1,CODE(UPPER($C134))-64,IFERROR(VALUE(MID($C134,2,99)),""))) | L134: =IF($D134="","",IFERROR(VALUE($D134),"")) | M134: =IFERROR(VALUE(MID($A134,FIND("Level",$A134)+5,99)),IF($E134="AISLE_FLOOR",0,IF($E134="OVERFLOW",0,IF($E134="ENDCAP",0,"")))) | N134: =IF(AND($B134<>"",$C134<>"",ISNUMBER(--$D134)), $B134&": "&LEFT($C134,1)&TEXT(--$D134,"00"), IF($I134<>"",$I134,$A134)) | O134: =IF(AND($C134<>"",ISNUMBER(--$D134)),LEFT($C134,1),"") | P134: =IF(ISNUMBER(--$D134),--$D134,"") | Q134: =IF(AND($O134<>"",$P134<>""),$O134&TEXT($P134,"00"),"")
H135: =A135 | J135: =IF($I135<>"",$I135,$A135) | K135: =IF($C135="","",IF(LEN($C135)=1,CODE(UPPER($C135))-64,IFERROR(VALUE(MID($C135,2,99)),""))) | L135: =IF($D135="","",IFERROR(VALUE($D135),"")) | M135: =IFERROR(VALUE(MID($A135,FIND("Level",$A135)+5,99)),IF($E135="AISLE_FLOOR",0,IF($E135="OVERFLOW",0,IF($E135="ENDCAP",0,"")))) | N135: =IF(AND($B135<>"",$C135<>"",ISNUMBER(--$D135)), $B135&": "&LEFT($C135,1)&TEXT(--$D135,"00"), IF($I135<>"",$I135,$A135)) | O135: =IF(AND($C135<>"",ISNUMBER(--$D135)),LEFT($C135,1),"") | P135: =IF(ISNUMBER(--$D135),--$D135,"") | Q135: =IF(AND($O135<>"",$P135<>""),$O135&TEXT($P135,"00"),"")
H136: =A136 | J136: =IF($I136<>"",$I136,$A136) | K136: =IF($C136="","",IF(LEN($C136)=1,CODE(UPPER($C136))-64,IFERROR(VALUE(MID($C136,2,99)),""))) | L136: =IF($D136="","",IFERROR(VALUE($D136),"")) | M136: =IFERROR(VALUE(MID($A136,FIND("Level",$A136)+5,99)),IF($E136="AISLE_FLOOR",0,IF($E136="OVERFLOW",0,IF($E136="ENDCAP",0,"")))) | N136: =IF(AND($B136<>"",$C136<>"",ISNUMBER(--$D136)), $B136&": "&LEFT($C136,1)&TEXT(--$D136,"00"), IF($I136<>"",$I136,$A136)) | O136: =IF(AND($C136<>"",ISNUMBER(--$D136)),LEFT($C136,1),"") | P136: =IF(ISNUMBER(--$D136),--$D136,"") | Q136: =IF(AND($O136<>"",$P136<>""),$O136&TEXT($P136,"00"),"")
H137: =A137 | J137: =IF($I137<>"",$I137,$A137) | K137: =IF($C137="","",IF(LEN($C137)=1,CODE(UPPER($C137))-64,IFERROR(VALUE(MID($C137,2,99)),""))) | L137: =IF($D137="","",IFERROR(VALUE($D137),"")) | M137: =IFERROR(VALUE(MID($A137,FIND("Level",$A137)+5,99)),IF($E137="AISLE_FLOOR",0,IF($E137="OVERFLOW",0,IF($E137="ENDCAP",0,"")))) | N137: =IF(AND($B137<>"",$C137<>"",ISNUMBER(--$D137)), $B137&": "&LEFT($C137,1)&TEXT(--$D137,"00"), IF($I137<>"",$I137,$A137)) | O137: =IF(AND($C137<>"",ISNUMBER(--$D137)),LEFT($C137,1),"") | P137: =IF(ISNUMBER(--$D137),--$D137,"") | Q137: =IF(AND($O137<>"",$P137<>""),$O137&TEXT($P137,"00"),"")
H138: =A138 | J138: =IF($I138<>"",$I138,$A138) | K138: =IF($C138="","",IF(LEN($C138)=1,CODE(UPPER($C138))-64,IFERROR(VALUE(MID($C138,2,99)),""))) | L138: =IF($D138="","",IFERROR(VALUE($D138),"")) | M138: =IFERROR(VALUE(MID($A138,FIND("Level",$A138)+5,99)),IF($E138="AISLE_FLOOR",0,IF($E138="OVERFLOW",0,IF($E138="ENDCAP",0,"")))) | N138: =IF(AND($B138<>"",$C138<>"",ISNUMBER(--$D138)), $B138&": "&LEFT($C138,1)&TEXT(--$D138,"00"), IF($I138<>"",$I138,$A138)) | O138: =IF(AND($C138<>"",ISNUMBER(--$D138)),LEFT($C138,1),"") | P138: =IF(ISNUMBER(--$D138),--$D138,"") | Q138: =IF(AND($O138<>"",$P138<>""),$O138&TEXT($P138,"00"),"")
H139: =A139 | J139: =IF($I139<>"",$I139,$A139) | K139: =IF($C139="","",IF(LEN($C139)=1,CODE(UPPER($C139))-64,IFERROR(VALUE(MID($C139,2,99)),""))) | L139: =IF($D139="","",IFERROR(VALUE($D139),"")) | M139: =IFERROR(VALUE(MID($A139,FIND("Level",$A139)+5,99)),IF($E139="AISLE_FLOOR",0,IF($E139="OVERFLOW",0,IF($E139="ENDCAP",0,"")))) | N139: =IF(AND($B139<>"",$C139<>"",ISNUMBER(--$D139)), $B139&": "&LEFT($C139,1)&TEXT(--$D139,"00"), IF($I139<>"",$I139,$A139)) | O139: =IF(AND($C139<>"",ISNUMBER(--$D139)),LEFT($C139,1),"") | P139: =IF(ISNUMBER(--$D139),--$D139,"") | Q139: =IF(AND($O139<>"",$P139<>""),$O139&TEXT($P139,"00"),"")
H140: =A140 | J140: =IF($I140<>"",$I140,$A140) | K140: =IF($C140="","",IF(LEN($C140)=1,CODE(UPPER($C140))-64,IFERROR(VALUE(MID($C140,2,99)),""))) | L140: =IF($D140="","",IFERROR(VALUE($D140),"")) | M140: =IFERROR(VALUE(MID($A140,FIND("Level",$A140)+5,99)),IF($E140="AISLE_FLOOR",0,IF($E140="OVERFLOW",0,IF($E140="ENDCAP",0,"")))) | N140: =IF(AND($B140<>"",$C140<>"",ISNUMBER(--$D140)), $B140&": "&LEFT($C140,1)&TEXT(--$D140,"00"), IF($I140<>"",$I140,$A140)) | O140: =IF(AND($C140<>"",ISNUMBER(--$D140)),LEFT($C140,1),"") | P140: =IF(ISNUMBER(--$D140),--$D140,"") | Q140: =IF(AND($O140<>"",$P140<>""),$O140&TEXT($P140,"00"),"")
H141: =A141 | J141: =IF($I141<>"",$I141,$A141) | K141: =IF($C141="","",IF(LEN($C141)=1,CODE(UPPER($C141))-64,IFERROR(VALUE(MID($C141,2,99)),""))) | L141: =IF($D141="","",IFERROR(VALUE($D141),"")) | M141: =IFERROR(VALUE(MID($A141,FIND("Level",$A141)+5,99)),IF($E141="AISLE_FLOOR",0,IF($E141="OVERFLOW",0,IF($E141="ENDCAP",0,"")))) | N141: =IF(AND($B141<>"",$C141<>"",ISNUMBER(--$D141)), $B141&": "&LEFT($C141,1)&TEXT(--$D141,"00"), IF($I141<>"",$I141,$A141)) | O141: =IF(AND($C141<>"",ISNUMBER(--$D141)),LEFT($C141,1),"") | P141: =IF(ISNUMBER(--$D141),--$D141,"") | Q141: =IF(AND($O141<>"",$P141<>""),$O141&TEXT($P141,"00"),"")
H142: =A142 | J142: =IF($I142<>"",$I142,$A142) | K142: =IF($C142="","",IF(LEN($C142)=1,CODE(UPPER($C142))-64,IFERROR(VALUE(MID($C142,2,99)),""))) | L142: =IF($D142="","",IFERROR(VALUE($D142),"")) | M142: =IFERROR(VALUE(MID($A142,FIND("Level",$A142)+5,99)),IF($E142="AISLE_FLOOR",0,IF($E142="OVERFLOW",0,IF($E142="ENDCAP",0,"")))) | N142: =IF(AND($B142<>"",$C142<>"",ISNUMBER(--$D142)), $B142&": "&LEFT($C142,1)&TEXT(--$D142,"00"), IF($I142<>"",$I142,$A142)) | O142: =IF(AND($C142<>"",ISNUMBER(--$D142)),LEFT($C142,1),"") | P142: =IF(ISNUMBER(--$D142),--$D142,"") | Q142: =IF(AND($O142<>"",$P142<>""),$O142&TEXT($P142,"00"),"")
H143: =A143 | J143: =IF($I143<>"",$I143,$A143) | K143: =IF($C143="","",IF(LEN($C143)=1,CODE(UPPER($C143))-64,IFERROR(VALUE(MID($C143,2,99)),""))) | L143: =IF($D143="","",IFERROR(VALUE($D143),"")) | M143: =IFERROR(VALUE(MID($A143,FIND("Level",$A143)+5,99)),IF($E143="AISLE_FLOOR",0,IF($E143="OVERFLOW",0,IF($E143="ENDCAP",0,"")))) | N143: =IF(AND($B143<>"",$C143<>"",ISNUMBER(--$D143)), $B143&": "&LEFT($C143,1)&TEXT(--$D143,"00"), IF($I143<>"",$I143,$A143)) | O143: =IF(AND($C143<>"",ISNUMBER(--$D143)),LEFT($C143,1),"") | P143: =IF(ISNUMBER(--$D143),--$D143,"") | Q143: =IF(AND($O143<>"",$P143<>""),$O143&TEXT($P143,"00"),"")
H144: =A144 | J144: =IF($I144<>"",$I144,$A144) | K144: =IF($C144="","",IF(LEN($C144)=1,CODE(UPPER($C144))-64,IFERROR(VALUE(MID($C144,2,99)),""))) | L144: =IF($D144="","",IFERROR(VALUE($D144),"")) | M144: =IFERROR(VALUE(MID($A144,FIND("Level",$A144)+5,99)),IF($E144="AISLE_FLOOR",0,IF($E144="OVERFLOW",0,IF($E144="ENDCAP",0,"")))) | N144: =IF(AND($B144<>"",$C144<>"",ISNUMBER(--$D144)), $B144&": "&LEFT($C144,1)&TEXT(--$D144,"00"), IF($I144<>"",$I144,$A144)) | O144: =IF(AND($C144<>"",ISNUMBER(--$D144)),LEFT($C144,1),"") | P144: =IF(ISNUMBER(--$D144),--$D144,"") | Q144: =IF(AND($O144<>"",$P144<>""),$O144&TEXT($P144,"00"),"")
H145: =A145 | J145: =IF($I145<>"",$I145,$A145) | K145: =IF($C145="","",IF(LEN($C145)=1,CODE(UPPER($C145))-64,IFERROR(VALUE(MID($C145,2,99)),""))) | L145: =IF($D145="","",IFERROR(VALUE($D145),"")) | M145: =IFERROR(VALUE(MID($A145,FIND("Level",$A145)+5,99)),IF($E145="AISLE_FLOOR",0,IF($E145="OVERFLOW",0,IF($E145="ENDCAP",0,"")))) | N145: =IF(AND($B145<>"",$C145<>"",ISNUMBER(--$D145)), $B145&": "&LEFT($C145,1)&TEXT(--$D145,"00"), IF($I145<>"",$I145,$A145)) | O145: =IF(AND($C145<>"",ISNUMBER(--$D145)),LEFT($C145,1),"") | P145: =IF(ISNUMBER(--$D145),--$D145,"") | Q145: =IF(AND($O145<>"",$P145<>""),$O145&TEXT($P145,"00"),"")
... H500: =A500 | J500: =IF($I500<>"",$I500,$A500) | K500: =IF($C500="","",IF(LEN($C500)=1,CODE(UPPER($C500))-64,IFERROR(VALUE(MID($C500,2,99)),""))) | L500: =IF($D500="","",IFERROR(VALUE($D500),"")) | M500: =IFERROR(VALUE(MID($A500,FIND("Level",$A500)+5,99)),IF($E500="AISLE_FLOOR",0,IF($E500="OVERFLOW",0,IF($E500="ENDCAP",0,"")))) | N500: =IF(AND($B500<>"",$C500<>"",ISNUMBER(--$D500)), $B500&": "&LEFT($C500,1)&TEXT(--$D500,"00"), IF($I500<>"",$I500,$A500)) | O500: =IF(AND($C500<>"",ISNUMBER(--$D500)),LEFT($C500,1),"") | P500: =IF(ISNUMBER(--$D500),--$D500,"") | Q500: =IF(AND($O500<>"",$P500<>""),$O500&TEXT($P500,"00"),"")
H501: =A501 | J501: =IF($I501<>"",$I501,$A501) | K501: =IF($C501="","",IFERROR(VALUE(MID($C501,2,99)),"")) | L501: =IF($D501="","",IFERROR(VALUE($D501),"")) | M501: =IF($E501="AISLE_FLOOR",0,IF($E501="OVERFLOW",0,IF($E501="ENDCAP",0,""))) | N501: =IF(AND($B501<>"",$C501<>"",ISNUMBER(--$D501)), $B501&": "&LEFT($C501,1)&TEXT(--$D501,"00"), IF($I501<>"",$I501,$A501)) | O501: =IF(AND($C501<>"",ISNUMBER(--$D501)),LEFT($C501,1),"") | P501: =IF(ISNUMBER(--$D501),--$D501,"") | Q501: =IF(AND($O501<>"",$P501<>""),$O501&TEXT($P501,"00"),"")

Sheet 03_Warehouse_Movements
A1: Action | B1: FromLocation (AUTO) | C1: PalletID | D1: ToLocation | E1: Item | F1: ByWho | G1: Qty | H1: Ref(PO/Wave/WO) | I1: RECEIVE | J1: Notes
A2: 46052.375 | B2: PAL001 | C2: WH-Z1-A01-AISLE-FLOOR-02 | D2: =IF($C2="","",IFERROR(LOOKUP(2,1/($C$2:INDEX($C:$C,ROW()-1)=$C2),$E$2:INDEX($E:$E,ROW()-1)),IFERROR(VLOOKUP($C2,'01_Warehouse_Ledger'!$A$2:$C$2002,3,FALSE),""))) | E2: SAMPLE-REF-PAL001 | H2: B:OVERFLOW-<ClientLastName>-PO<PO>-<Category>-<Seq> | I2: SAMPLE: initial receipt | J2: PAL002
A3: 46052.38 | B3: PAL001 | C3: SAMPLE-REF-PAL002 | D3: =IF($C3="","",IFERROR(LOOKUP(2,1/($C$2:INDEX($C:$C,ROW()-1)=$C3),$E$2:INDEX($E:$E,ROW()-1)),IFERROR(VLOOKUP($C3,'01_Warehouse_Ledger'!$A$2:$C$2002,3,FALSE),""))) | E3: STAGED | H3: B:OVERFLOW-<ClientLastName>-PO<PO>-<Category>-<Seq> | I3: PAL003 | J3: PAL002
A4: 46052.385 | B4: PAL001 | C4: SAMPLE-REF-PAL003 | D4: =IF($C4="","",IFERROR(LOOKUP(2,1/($C$2:INDEX($C:$C,ROW()-1)=$C4),$E$2:INDEX($E:$E,ROW()-1)),IFERROR(VLOOKUP($C4,'01_Warehouse_Ledger'!$A$2:$C$2002,3,FALSE),""))) | E4: UNSAFE | H4: B:OVERFLOW-<ClientLastName>-PO<PO>-<Category>-<Seq> | I4: PAL004 | J4: PAL002
A5: 46052.39 | B5: PAL001 | C5: SAMPLE-REF-PAL004 | D5: =IF($C5="","",IFERROR(LOOKUP(2,1/($C$2:INDEX($C:$C,ROW()-1)=$C5),$E$2:INDEX($E:$E,ROW()-1)),IFERROR(VLOOKUP($C5,'01_Warehouse_Ledger'!$A$2:$C$2002,3,FALSE),""))) | E5: UNSAFE | H5: B:OVERFLOW-<ClientLastName>-PO<PO>-<Category>-<Seq> | I5: PAL005 | J5: PAL002
A6: 46052.394 | B6: PAL001 | C6: WH-Z1-A01-AISLE-FLOOR-01 | D6: =IF($C6="","",IFERROR(LOOKUP(2,1/($C$2:INDEX($C:$C,ROW()-1)=$C6),$E$2:INDEX($E:$E,ROW()-1)),IFERROR(VLOOKUP($C6,'01_Warehouse_Ledger'!$A$2:$C$2002,3,FALSE),""))) | E6: SAMPLE-REF-PAL005 | H6: B:OVERFLOW-<ClientLastName>-PO<PO>-<Category>-<Seq> | I6: PAL006 | J6: PAL002
A7: 46052.399 | B7: PAL001 | C7: WH-Z1-A01-AISLE-FLOOR-03 | D7: =IF($C7="","",IFERROR(LOOKUP(2,1/($C$2:INDEX($C:$C,ROW()-1)=$C7),$E$2:INDEX($E:$E,ROW()-1)),IFERROR(VLOOKUP($C7,'01_Warehouse_Ledger'!$A$2:$C$2002,3,FALSE),""))) | E7: SAMPLE-REF-PAL006 | H7: B:OVERFLOW-<ClientLastName>-PO<PO>-<Category>-<Seq> | I7: PAL007 | J7: PAL002
A8: 46052.404 | B8: PAL001 | C8: WH-Z1-A01-AISLE-FLOOR-04 | D8: =IF($C8="","",IFERROR(LOOKUP(2,1/($C$2:INDEX($C:$C,ROW()-1)=$C8),$E$2:INDEX($E:$E,ROW()-1)),IFERROR(VLOOKUP($C8,'01_Warehouse_Ledger'!$A$2:$C$2002,3,FALSE),""))) | E8: SAMPLE-REF-PAL007 | H8: B:OVERFLOW-<ClientLastName>-PO<PO>-<Category>-<Seq> | I8: PAL008 | J8: PAL002
A9: 46052.409 | B9: PAL001 | C9: WH-Z1-A01-AISLE-FLOOR-05 | D9: =IF($C9="","",IFERROR(LOOKUP(2,1/($C$2:INDEX($C:$C,ROW()-1)=$C9),$E$2:INDEX($E:$E,ROW()-1)),IFERROR(VLOOKUP($C9,'01_Warehouse_Ledger'!$A$2:$C$2002,3,FALSE),""))) | E9: SAMPLE-REF-PAL008 | H9: B:OVERFLOW-<ClientLastName>-PO<PO>-<Category>-<Seq> | I9: PAL009 | J9: PAL002
A10: 46052.414 | B10: PAL001 | C10: WH-Z1-A01-AISLE-FLOOR-06 | D10: =IF($C10="","",IFERROR(LOOKUP(2,1/($C$2:INDEX($C:$C,ROW()-1)=$C10),$E$2:INDEX($E:$E,ROW()-1)),IFERROR(VLOOKUP($C10,'01_Warehouse_Ledger'!$A$2:$C$2002,3,FALSE),""))) | E10: SAMPLE-REF-PAL009 | H10: B:OVERFLOW-<ClientLastName>-PO<PO>-<Category>-<Seq> | I10: PAL010 | J10: PAL002
A11: 46052.419 | B11: PAL001 | C11: WH-Z1-A01-AISLE-FLOOR-07 | D11: =IF($C11="","",IFERROR(LOOKUP(2,1/($C$2:INDEX($C:$C,ROW()-1)=$C11),$E$2:INDEX($E:$E,ROW()-1)),IFERROR(VLOOKUP($C11,'01_Warehouse_Ledger'!$A$2:$C$2002,3,FALSE),""))) | E11: SAMPLE-REF-PAL010 | H11: B:OVERFLOW-<ClientLastName>-PO<PO>-<Category>-<Seq> | I11: PAL011 | J11: PAL002
A12: 46052.424 | B12: PAL001 | C12: WH-Z1-A01-AISLE-FLOOR-08 | D12: =IF($C12="","",IFERROR(LOOKUP(2,1/($C$2:INDEX($C:$C,ROW()-1)=$C12),$E$2:INDEX($E:$E,ROW()-1)),IFERROR(VLOOKUP($C12,'01_Warehouse_Ledger'!$A$2:$C$2002,3,FALSE),""))) | E12: SAMPLE-REF-PAL011 | H12: B:OVERFLOW-<ClientLastName>-PO<PO>-<Category>-<Seq> | I12: PAL012 | J12: PAL002
A13: 46052.428 | B13: PAL001 | C13: WH-Z1-A01-AISLE-FLOOR-09 | D13: =IF($C13="","",IFERROR(LOOKUP(2,1/($C$2:INDEX($C:$C,ROW()-1)=$C13),$E$2:INDEX($E:$E,ROW()-1)),IFERROR(VLOOKUP($C13,'01_Warehouse_Ledger'!$A$2:$C$2002,3,FALSE),""))) | E13: SAMPLE-REF-PAL012 | H13: B:OVERFLOW-<ClientLastName>-PO<PO>-<Category>-<Seq> | I13: PAL013 | J13: PAL002
... A69: 46052.662 | B69: PAL001 | C69: WH-Z1-C01-AISLE-FLOOR-17 | D69: =IF($C69="","",IFERROR(LOOKUP(2,1/($C$2:INDEX($C:$C,ROW()-1)=$C69),$E$2:INDEX($E:$E,ROW()-1)),IFERROR(VLOOKUP($C69,'01_Warehouse_Ledger'!$A$2:$C$2002,3,FALSE),""))) | E69: SAMPLE-REF-PAL060 | H69: B:OVERFLOW-<ClientLastName>-PO<PO>-<Category>-<Seq> | I69: LabelType | J69: PAL002
D70: =IF($C70="","",IFERROR(LOOKUP(2,1/($C$2:INDEX($C:$C,ROW()-1)=$C70),$E$2:INDEX($E:$E,ROW()-1)),IFERROR(VLOOKUP($C70,'01_Warehouse_Ledger'!$A$2:$C$2002,3,FALSE),"")))
D71: =IF($C71="","",IFERROR(LOOKUP(2,1/($C$2:INDEX($C:$C,ROW()-1)=$C71),$E$2:INDEX($E:$E,ROW()-1)),IFERROR(VLOOKUP($C71,'01_Warehouse_Ledger'!$A$2:$C$2002,3,FALSE),"")))
D72: =IF($C72="","",IFERROR(LOOKUP(2,1/($C$2:INDEX($C:$C,ROW()-1)=$C72),$E$2:INDEX($E:$E,ROW()-1)),IFERROR(VLOOKUP($C72,'01_Warehouse_Ledger'!$A$2:$C$2002,3,FALSE),"")))
D73: =IF($C73="","",IFERROR(LOOKUP(2,1/($C$2:INDEX($C:$C,ROW()-1)=$C73),$E$2:INDEX($E:$E,ROW()-1)),IFERROR(VLOOKUP($C73,'01_Warehouse_Ledger'!$A$2:$C$2002,3,FALSE),"")))
D74: =IF($C74="","",IFERROR(LOOKUP(2,1/($C$2:INDEX($C:$C,ROW()-1)=$C74),$E$2:INDEX($E:$E,ROW()-1)),IFERROR(VLOOKUP($C74,'01_Warehouse_Ledger'!$A$2:$C$2002,3,FALSE),"")))
D75: =IF($C75="","",IFERROR(LOOKUP(2,1/($C$2:INDEX($C:$C,ROW()-1)=$C75),$E$2:INDEX($E:$E,ROW()-1)),IFERROR(VLOOKUP($C75,'01_Warehouse_Ledger'!$A$2:$C$2002,3,FALSE),"")))
D76: =IF($C76="","",IFERROR(LOOKUP(2,1/($C$2:INDEX($C:$C,ROW()-1)=$C76),$E$2:INDEX($E:$E,ROW()-1)),IFERROR(VLOOKUP($C76,'01_Warehouse_Ledger'!$A$2:$C$2002,3,FALSE),"")))
D77: =IF($C77="","",IFERROR(LOOKUP(2,1/($C$2:INDEX($C:$C,ROW()-1)=$C77),$E$2:INDEX($E:$E,ROW()-1)),IFERROR(VLOOKUP($C77,'01_Warehouse_Ledger'!$A$2:$C$2002,3,FALSE),"")))
D78: =IF($C78="","",IFERROR(LOOKUP(2,1/($C$2:INDEX($C:$C,ROW()-1)=$C78),$E$2:INDEX($E:$E,ROW()-1)),IFERROR(VLOOKUP($C78,'01_Warehouse_Ledger'!$A$2:$C$2002,3,FALSE),"")))
D79: =IF($C79="","",IFERROR(LOOKUP(2,1/($C$2:INDEX($C:$C,ROW()-1)=$C79),$E$2:INDEX($E:$E,ROW()-1)),IFERROR(VLOOKUP($C79,'01_Warehouse_Ledger'!$A$2:$C$2002,3,FALSE),"")))
D80: =IF($C80="","",IFERROR(LOOKUP(2,1/($C$2:INDEX($C:$C,ROW()-1)=$C80),$E$2:INDEX($E:$E,ROW()-1)),IFERROR(VLOOKUP($C80,'01_Warehouse_Ledger'!$A$2:$C$2002,3,FALSE),"")))
D81: =IF($C81="","",IFERROR(LOOKUP(2,1/($C$2:INDEX($C:$C,ROW()-1)=$C81),$E$2:INDEX($E:$E,ROW()-1)),IFERROR(VLOOKUP($C81,'01_Warehouse_Ledger'!$A$2:$C$2002,3,FALSE),"")))
... D500: =IF($C500="","",IFERROR(LOOKUP(2,1/($C$2:INDEX($C:$C,ROW()-1)=$C500),$E$2:INDEX($E:$E,ROW()-1)),IFERROR(VLOOKUP($C500,'01_Warehouse_Ledger'!$A$2:$C$2002,3,FALSE),"")))

Sheet 04_Label_Export
A1: HumanText | B1: QRPayload | C1: --LOCATIONS-- | D1: Notes
A2: LOCATION
A3: Location label (rack/floor/zone). | B3: =IF('02_Warehouse_Locations'!A2="","",'02_Warehouse_Locations'!A2) | C3: =IF(B3="","",B3) | D3: --PALLETS--
A4: Location label (rack/floor/zone). | B4: =IF('02_Warehouse_Locations'!A3="","",'02_Warehouse_Locations'!A3) | C4: =IF(B4="","",B4) | D4: --PALLETS--
A5: Location label (rack/floor/zone). | B5: =IF('02_Warehouse_Locations'!A4="","",'02_Warehouse_Locations'!A4) | C5: =IF(B5="","",B5) | D5: --PALLETS--
A6: Location label (rack/floor/zone). | B6: =IF('02_Warehouse_Locations'!A5="","",'02_Warehouse_Locations'!A5) | C6: =IF(B6="","",B6) | D6: --PALLETS--
A7: Location label (rack/floor/zone). | B7: =IF('02_Warehouse_Locations'!A6="","",'02_Warehouse_Locations'!A6) | C7: =IF(B7="","",B7) | D7: --PALLETS--
A8: Location label (rack/floor/zone). | B8: =IF('02_Warehouse_Locations'!A7="","",'02_Warehouse_Locations'!A7) | C8: =IF(B8="","",B8) | D8: --PALLETS--
A9: Location label (rack/floor/zone). | B9: =IF('02_Warehouse_Locations'!A8="","",'02_Warehouse_Locations'!A8) | C9: =IF(B9="","",B9) | D9: --PALLETS--
A10: Location label (rack/floor/zone). | B10: =IF('02_Warehouse_Locations'!A9="","",'02_Warehouse_Locations'!A9) | C10: =IF(B10="","",B10) | D10: --PALLETS--
A11: Location label (rack/floor/zone). | B11: =IF('02_Warehouse_Locations'!A10="","",'02_Warehouse_Locations'!A10) | C11: =IF(B11="","",B11) | D11: --PALLETS--
A12: Location label (rack/floor/zone). | B12: =IF('02_Warehouse_Locations'!A11="","",'02_Warehouse_Locations'!A11) | C12: =IF(B12="","",B12) | D12: --PALLETS--
A13: Location label (rack/floor/zone). | B13: =IF('02_Warehouse_Locations'!A12="","",'02_Warehouse_Locations'!A12) | C13: =IF(B13="","",B13) | D13: --PALLETS--
A14: Location label (rack/floor/zone). | B14: =IF('02_Warehouse_Locations'!A13="","",'02_Warehouse_Locations'!A13) | C14: =IF(B14="","",B14) | D14: --PALLETS--
... A502: Location label (rack/floor/zone). | B502: =IF('02_Warehouse_Locations'!A501="","",'02_Warehouse_Locations'!A501) | C502: =IF(B502="","",B502) | D502: --PALLETS--
A505: PALLET
A506: Pallet tag (stick on pallet). | B506: =IF('01_Warehouse_Ledger'!$A$2="","",'01_Warehouse_Ledger'!$A$2&IF('01_Warehouse_Ledger'!$B$2<>""," | "&'01_Warehouse_Ledger'!$B$2,"")) | C506: =IF('01_Warehouse_Ledger'!$A$2="","",'01_Warehouse_Ledger'!$A$2) | D506: SCAN / FIND (Pallet → Location → Prism Node)
A507: Pallet tag (stick on pallet). | B507: =IF('01_Warehouse_Ledger'!$A$3="","",'01_Warehouse_Ledger'!$A$3&IF('01_Warehouse_Ledger'!$B$3<>""," | "&'01_Warehouse_Ledger'!$B$3,"")) | C507: =IF('01_Warehouse_Ledger'!$A$3="","",'01_Warehouse_Ledger'!$A$3) | D507: SCAN / FIND (Pallet → Location → Prism Node)
A508: Pallet tag (stick on pallet). | B508: =IF('01_Warehouse_Ledger'!$A$4="","",'01_Warehouse_Ledger'!$A$4&IF('01_Warehouse_Ledger'!$B$4<>""," | "&'01_Warehouse_Ledger'!$B$4,"")) | C508: =IF('01_Warehouse_Ledger'!$A$4="","",'01_Warehouse_Ledger'!$A$4) | D508: SCAN / FIND (Pallet → Location → Prism Node)
A509: Pallet tag (stick on pallet). | B509: =IF('01_Warehouse_Ledger'!$A$5="","",'01_Warehouse_Ledger'!$A$5&IF('01_Warehouse_Ledger'!$B$5<>""," | "&'01_Warehouse_Ledger'!$B$5,"")) | C509: =IF('01_Warehouse_Ledger'!$A$5="","",'01_Warehouse_Ledger'!$A$5) | D509: SCAN / FIND (Pallet → Location → Prism Node)
A510: Pallet tag (stick on pallet). | B510: =IF('01_Warehouse_Ledger'!$A$6="","",'01_Warehouse_Ledger'!$A$6&IF('01_Warehouse_Ledger'!$B$6<>""," | "&'01_Warehouse_Ledger'!$B$6,"")) | C510: =IF('01_Warehouse_Ledger'!$A$6="","",'01_Warehouse_Ledger'!$A$6) | D510: SCAN / FIND (Pallet → Location → Prism Node)
A511: Pallet tag (stick on pallet). | B511: =IF('01_Warehouse_Ledger'!$A$7="","",'01_Warehouse_Ledger'!$A$7&IF('01_Warehouse_Ledger'!$B$7<>""," | "&'01_Warehouse_Ledger'!$B$7,"")) | C511: =IF('01_Warehouse_Ledger'!$A$7="","",'01_Warehouse_Ledger'!$A$7) | D511: SCAN / FIND (Pallet → Location → Prism Node)
A512: Pallet tag (stick on pallet). | B512: =IF('01_Warehouse_Ledger'!$A$8="","",'01_Warehouse_Ledger'!$A$8&IF('01_Warehouse_Ledger'!$B$8<>""," | "&'01_Warehouse_Ledger'!$B$8,"")) | C512: =IF('01_Warehouse_Ledger'!$A$8="","",'01_Warehouse_Ledger'!$A$8) | D512: SCAN / FIND (Pallet → Location → Prism Node)
A513: Pallet tag (stick on pallet). | B513: =IF('01_Warehouse_Ledger'!$A$9="","",'01_Warehouse_Ledger'!$A$9&IF('01_Warehouse_Ledger'!$B$9<>""," | "&'01_Warehouse_Ledger'!$B$9,"")) | C513: =IF('01_Warehouse_Ledger'!$A$9="","",'01_Warehouse_Ledger'!$A$9) | D513: SCAN / FIND (Pallet → Location → Prism Node)
A514: Pallet tag (stick on pallet). | B514: =IF('01_Warehouse_Ledger'!$A$10="","",'01_Warehouse_Ledger'!$A$10&IF('01_Warehouse_Ledger'!$B$10<>""," | "&'01_Warehouse_Ledger'!$B$10,"")) | C514: =IF('01_Warehouse_Ledger'!$A$10="","",'01_Warehouse_Ledger'!$A$10) | D514: SCAN / FIND (Pallet → Location → Prism Node)
A515: Pallet tag (stick on pallet). | B515: =IF('01_Warehouse_Ledger'!$A$11="","",'01_Warehouse_Ledger'!$A$11&IF('01_Warehouse_Ledger'!$B$11<>""," | "&'01_Warehouse_Ledger'!$B$11,"")) | C515: =IF('01_Warehouse_Ledger'!$A$11="","",'01_Warehouse_Ledger'!$A$11) | D515: SCAN / FIND (Pallet → Location → Prism Node)
A516: Pallet tag (stick on pallet). | B516: =IF('01_Warehouse_Ledger'!$A$12="","",'01_Warehouse_Ledger'!$A$12&IF('01_Warehouse_Ledger'!$B$12<>""," | "&'01_Warehouse_Ledger'!$B$12,"")) | C516: =IF('01_Warehouse_Ledger'!$A$12="","",'01_Warehouse_Ledger'!$A$12) | D516: SCAN / FIND (Pallet → Location → Prism Node)
A517: Pallet tag (stick on pallet). | B517: =IF('01_Warehouse_Ledger'!$A$13="","",'01_Warehouse_Ledger'!$A$13&IF('01_Warehouse_Ledger'!$B$13<>""," | "&'01_Warehouse_Ledger'!$B$13,"")) | C517: =IF('01_Warehouse_Ledger'!$A$13="","",'01_Warehouse_Ledger'!$A$13) | D517: SCAN / FIND (Pallet → Location → Prism Node)
A518: Pallet tag (stick on pallet). | B518: =IF('01_Warehouse_Ledger'!$A$14="","",'01_Warehouse_Ledger'!$A$14&IF('01_Warehouse_Ledger'!$B$14<>""," | "&'01_Warehouse_Ledger'!$B$14,"")) | C518: =IF('01_Warehouse_Ledger'!$A$14="","",'01_Warehouse_Ledger'!$A$14) | D518: SCAN / FIND (Pallet → Location → Prism Node)
A519: Pallet tag (stick on pallet). | B519: =IF('01_Warehouse_Ledger'!$A$15="","",'01_Warehouse_Ledger'!$A$15&IF('01_Warehouse_Ledger'!$B$15<>""," | "&'01_Warehouse_Ledger'!$B$15,"")) | C519: =IF('01_Warehouse_Ledger'!$A$15="","",'01_Warehouse_Ledger'!$A$15) | D519: SCAN / FIND (Pallet → Location → Prism Node)
A520: Pallet tag (stick on pallet). | B520: =IF('01_Warehouse_Ledger'!$A$16="","",'01_Warehouse_Ledger'!$A$16&IF('01_Warehouse_Ledger'!$B$16<>""," | "&'01_Warehouse_Ledger'!$B$16,"")) | C520: =IF('01_Warehouse_Ledger'!$A$16="","",'01_Warehouse_Ledger'!$A$16) | D520: SCAN / FIND (Pallet → Location → Prism Node)
A521: Pallet tag (stick on pallet). | B521: =IF('01_Warehouse_Ledger'!$A$17="","",'01_Warehouse_Ledger'!$A$17&IF('01_Warehouse_Ledger'!$B$17<>""," | "&'01_Warehouse_Ledger'!$B$17,"")) | C521: =IF('01_Warehouse_Ledger'!$A$17="","",'01_Warehouse_Ledger'!$A$17) | D521: SCAN / FIND (Pallet → Location → Prism Node)
A522: Pallet tag (stick on pallet). | B522: =IF('01_Warehouse_Ledger'!$A$18="","",'01_Warehouse_Ledger'!$A$18&IF('01_Warehouse_Ledger'!$B$18<>""," | "&'01_Warehouse_Ledger'!$B$18,"")) | C522: =IF('01_Warehouse_Ledger'!$A$18="","",'01_Warehouse_Ledger'!$A$18) | D522: SCAN / FIND (Pallet → Location → Prism Node)
A523: Pallet tag (stick on pallet). | B523: =IF('01_Warehouse_Ledger'!$A$19="","",'01_Warehouse_Ledger'!$A$19&IF('01_Warehouse_Ledger'!$B$19<>""," | "&'01_Warehouse_Ledger'!$B$19,"")) | C523: =IF('01_Warehouse_Ledger'!$A$19="","",'01_Warehouse_Ledger'!$A$19) | D523: SCAN / FIND (Pallet → Location → Prism Node)
A524: Pallet tag (stick on pallet). | B524: =IF('01_Warehouse_Ledger'!$A$20="","",'01_Warehouse_Ledger'!$A$20&IF('01_Warehouse_Ledger'!$B$20<>""," | "&'01_Warehouse_Ledger'!$B$20,"")) | C524: =IF('01_Warehouse_Ledger'!$A$20="","",'01_Warehouse_Ledger'!$A$20) | D524: SCAN / FIND (Pallet → Location → Prism Node)
A525: Pallet tag (stick on pallet). | B525: =IF('01_Warehouse_Ledger'!$A$21="","",'01_Warehouse_Ledger'!$A$21&IF('01_Warehouse_Ledger'!$B$21<>""," | "&'01_Warehouse_Ledger'!$B$21,"")) | C525: =IF('01_Warehouse_Ledger'!$A$21="","",'01_Warehouse_Ledger'!$A$21) | D525: SCAN / FIND (Pallet → Location → Prism Node)
A526: Pallet tag (stick on pallet). | B526: =IF('01_Warehouse_Ledger'!$A$22="","",'01_Warehouse_Ledger'!$A$22&IF('01_Warehouse_Ledger'!$B$22<>""," | "&'01_Warehouse_Ledger'!$B$22,"")) | C526: =IF('01_Warehouse_Ledger'!$A$22="","",'01_Warehouse_Ledger'!$A$22) | D526: SCAN / FIND (Pallet → Location → Prism Node)
A527: Pallet tag (stick on pallet). | B527: =IF('01_Warehouse_Ledger'!$A$23="","",'01_Warehouse_Ledger'!$A$23&IF('01_Warehouse_Ledger'!$B$23<>""," | "&'01_Warehouse_Ledger'!$B$23,"")) | C527: =IF('01_Warehouse_Ledger'!$A$23="","",'01_Warehouse_Ledger'!$A$23) | D527: SCAN / FIND (Pallet → Location → Prism Node)
A528: Pallet tag (stick on pallet). | B528: =IF('01_Warehouse_Ledger'!$A$24="","",'01_Warehouse_Ledger'!$A$24&IF('01_Warehouse_Ledger'!$B$24<>""," | "&'01_Warehouse_Ledger'!$B$24,"")) | C528: =IF('01_Warehouse_Ledger'!$A$24="","",'01_Warehouse_Ledger'!$A$24) | D528: SCAN / FIND (Pallet → Location → Prism Node)
A529: Pallet tag (stick on pallet). | B529: =IF('01_Warehouse_Ledger'!$A$25="","",'01_Warehouse_Ledger'!$A$25&IF('01_Warehouse_Ledger'!$B$25<>""," | "&'01_Warehouse_Ledger'!$B$25,"")) | C529: =IF('01_Warehouse_Ledger'!$A$25="","",'01_Warehouse_Ledger'!$A$25) | D529: SCAN / FIND (Pallet → Location → Prism Node)
A530: Pallet tag (stick on pallet). | B530: =IF('01_Warehouse_Ledger'!$A$26="","",'01_Warehouse_Ledger'!$A$26&IF('01_Warehouse_Ledger'!$B$26<>""," | "&'01_Warehouse_Ledger'!$B$26,"")) | C530: =IF('01_Warehouse_Ledger'!$A$26="","",'01_Warehouse_Ledger'!$A$26) | D530: SCAN / FIND (Pallet → Location → Prism Node)
A531: Pallet tag (stick on pallet). | B531: =IF('01_Warehouse_Ledger'!$A$27="","",'01_Warehouse_Ledger'!$A$27&IF('01_Warehouse_Ledger'!$B$27<>""," | "&'01_Warehouse_Ledger'!$B$27,"")) | C531: =IF('01_Warehouse_Ledger'!$A$27="","",'01_Warehouse_Ledger'!$A$27) | D531: SCAN / FIND (Pallet → Location → Prism Node)
A532: Pallet tag (stick on pallet). | B532: =IF('01_Warehouse_Ledger'!$A$28="","",'01_Warehouse_Ledger'!$A$28&IF('01_Warehouse_Ledger'!$B$28<>""," | "&'01_Warehouse_Ledger'!$B$28,"")) | C532: =IF('01_Warehouse_Ledger'!$A$28="","",'01_Warehouse_Ledger'!$A$28) | D532: SCAN / FIND (Pallet → Location → Prism Node)
A533: Pallet tag (stick on pallet). | B533: =IF('01_Warehouse_Ledger'!$A$29="","",'01_Warehouse_Ledger'!$A$29&IF('01_Warehouse_Ledger'!$B$29<>""," | "&'01_Warehouse_Ledger'!$B$29,"")) | C533: =IF('01_Warehouse_Ledger'!$A$29="","",'01_Warehouse_Ledger'!$A$29) | D533: SCAN / FIND (Pallet → Location → Prism Node)
A534: Pallet tag (stick on pallet). | B534: =IF('01_Warehouse_Ledger'!$A$30="","",'01_Warehouse_Ledger'!$A$30&IF('01_Warehouse_Ledger'!$B$30<>""," | "&'01_Warehouse_Ledger'!$B$30,"")) | C534: =IF('01_Warehouse_Ledger'!$A$30="","",'01_Warehouse_Ledger'!$A$30) | D534: SCAN / FIND (Pallet → Location → Prism Node)
A535: Pallet tag (stick on pallet). | B535: =IF('01_Warehouse_Ledger'!$A$31="","",'01_Warehouse_Ledger'!$A$31&IF('01_Warehouse_Ledger'!$B$31<>""," | "&'01_Warehouse_Ledger'!$B$31,"")) | C535: =IF('01_Warehouse_Ledger'!$A$31="","",'01_Warehouse_Ledger'!$A$31) | D535: SCAN / FIND (Pallet → Location → Prism Node)
A536: Pallet tag (stick on pallet). | B536: =IF('01_Warehouse_Ledger'!$A$32="","",'01_Warehouse_Ledger'!$A$32&IF('01_Warehouse_Ledger'!$B$32<>""," | "&'01_Warehouse_Ledger'!$B$32,"")) | C536: =IF('01_Warehouse_Ledger'!$A$32="","",'01_Warehouse_Ledger'!$A$32) | D536: SCAN / FIND (Pallet → Location → Prism Node)
A537: Pallet tag (stick on pallet). | B537: =IF('01_Warehouse_Ledger'!$A$33="","",'01_Warehouse_Ledger'!$A$33&IF('01_Warehouse_Ledger'!$B$33<>""," | "&'01_Warehouse_Ledger'!$B$33,"")) | C537: =IF('01_Warehouse_Ledger'!$A$33="","",'01_Warehouse_Ledger'!$A$33) | D537: SCAN / FIND (Pallet → Location → Prism Node)
A538: Pallet tag (stick on pallet). | B538: =IF('01_Warehouse_Ledger'!$A$34="","",'01_Warehouse_Ledger'!$A$34&IF('01_Warehouse_Ledger'!$B$34<>""," | "&'01_Warehouse_Ledger'!$B$34,"")) | C538: =IF('01_Warehouse_Ledger'!$A$34="","",'01_Warehouse_Ledger'!$A$34) | D538: SCAN / FIND (Pallet → Location → Prism Node)
A539: Pallet tag (stick on pallet). | B539: =IF('01_Warehouse_Ledger'!$A$35="","",'01_Warehouse_Ledger'!$A$35&IF('01_Warehouse_Ledger'!$B$35<>""," | "&'01_Warehouse_Ledger'!$B$35,"")) | C539: =IF('01_Warehouse_Ledger'!$A$35="","",'01_Warehouse_Ledger'!$A$35) | D539: SCAN / FIND (Pallet → Location → Prism Node)
A540: Pallet tag (stick on pallet). | B540: =IF('01_Warehouse_Ledger'!$A$36="","",'01_Warehouse_Ledger'!$A$36&IF('01_Warehouse_Ledger'!$B$36<>""," | "&'01_Warehouse_Ledger'!$B$36,"")) | C540: =IF('01_Warehouse_Ledger'!$A$36="","",'01_Warehouse_Ledger'!$A$36) | D540: SCAN / FIND (Pallet → Location → Prism Node)
A541: Pallet tag (stick on pallet). | B541: =IF('01_Warehouse_Ledger'!$A$37="","",'01_Warehouse_Ledger'!$A$37&IF('01_Warehouse_Ledger'!$B$37<>""," | "&'01_Warehouse_Ledger'!$B$37,"")) | C541: =IF('01_Warehouse_Ledger'!$A$37="","",'01_Warehouse_Ledger'!$A$37) | D541: SCAN / FIND (Pallet → Location → Prism Node)
A542: Pallet tag (stick on pallet). | B542: =IF('01_Warehouse_Ledger'!$A$38="","",'01_Warehouse_Ledger'!$A$38&IF('01_Warehouse_Ledger'!$B$38<>""," | "&'01_Warehouse_Ledger'!$B$38,"")) | C542: =IF('01_Warehouse_Ledger'!$A$38="","",'01_Warehouse_Ledger'!$A$38) | D542: SCAN / FIND (Pallet → Location → Prism Node)
A543: Pallet tag (stick on pallet). | B543: =IF('01_Warehouse_Ledger'!$A$39="","",'01_Warehouse_Ledger'!$A$39&IF('01_Warehouse_Ledger'!$B$39<>""," | "&'01_Warehouse_Ledger'!$B$39,"")) | C543: =IF('01_Warehouse_Ledger'!$A$39="","",'01_Warehouse_Ledger'!$A$39) | D543: SCAN / FIND (Pallet → Location → Prism Node)
A544: Pallet tag (stick on pallet). | B544: =IF('01_Warehouse_Ledger'!$A$40="","",'01_Warehouse_Ledger'!$A$40&IF('01_Warehouse_Ledger'!$B$40<>""," | "&'01_Warehouse_Ledger'!$B$40,"")) | C544: =IF('01_Warehouse_Ledger'!$A$40="","",'01_Warehouse_Ledger'!$A$40) | D544: SCAN / FIND (Pallet → Location → Prism Node)
A545: Pallet tag (stick on pallet). | B545: =IF('01_Warehouse_Ledger'!$A$41="","",'01_Warehouse_Ledger'!$A$41&IF('01_Warehouse_Ledger'!$B$41<>""," | "&'01_Warehouse_Ledger'!$B$41,"")) | C545: =IF('01_Warehouse_Ledger'!$A$41="","",'01_Warehouse_Ledger'!$A$41) | D545: SCAN / FIND (Pallet → Location → Prism Node)
A546: Pallet tag (stick on pallet). | B546: =IF('01_Warehouse_Ledger'!$A$42="","",'01_Warehouse_Ledger'!$A$42&IF('01_Warehouse_Ledger'!$B$42<>""," | "&'01_Warehouse_Ledger'!$B$42,"")) | C546: =IF('01_Warehouse_Ledger'!$A$42="","",'01_Warehouse_Ledger'!$A$42) | D546: SCAN / FIND (Pallet → Location → Prism Node)
A547: Pallet tag (stick on pallet). | B547: =IF('01_Warehouse_Ledger'!$A$43="","",'01_Warehouse_Ledger'!$A$43&IF('01_Warehouse_Ledger'!$B$43<>""," | "&'01_Warehouse_Ledger'!$B$43,"")) | C547: =IF('01_Warehouse_Ledger'!$A$43="","",'01_Warehouse_Ledger'!$A$43) | D547: SCAN / FIND (Pallet → Location → Prism Node)
A548: Pallet tag (stick on pallet). | B548: =IF('01_Warehouse_Ledger'!$A$44="","",'01_Warehouse_Ledger'!$A$44&IF('01_Warehouse_Ledger'!$B$44<>""," | "&'01_Warehouse_Ledger'!$B$44,"")) | C548: =IF('01_Warehouse_Ledger'!$A$44="","",'01_Warehouse_Ledger'!$A$44) | D548: SCAN / FIND (Pallet → Location → Prism Node)
A549: Pallet tag (stick on pallet). | B549: =IF('01_Warehouse_Ledger'!$A$45="","",'01_Warehouse_Ledger'!$A$45&IF('01_Warehouse_Ledger'!$B$45<>""," | "&'01_Warehouse_Ledger'!$B$45,"")) | C549: =IF('01_Warehouse_Ledger'!$A$45="","",'01_Warehouse_Ledger'!$A$45) | D549: SCAN / FIND (Pallet → Location → Prism Node)
A550: Pallet tag (stick on pallet). | B550: =IF('01_Warehouse_Ledger'!$A$46="","",'01_Warehouse_Ledger'!$A$46&IF('01_Warehouse_Ledger'!$B$46<>""," | "&'01_Warehouse_Ledger'!$B$46,"")) | C550: =IF('01_Warehouse_Ledger'!$A$46="","",'01_Warehouse_Ledger'!$A$46) | D550: SCAN / FIND (Pallet → Location → Prism Node)
A551: Pallet tag (stick on pallet). | B551: =IF('01_Warehouse_Ledger'!$A$47="","",'01_Warehouse_Ledger'!$A$47&IF('01_Warehouse_Ledger'!$B$47<>""," | "&'01_Warehouse_Ledger'!$B$47,"")) | C551: =IF('01_Warehouse_Ledger'!$A$47="","",'01_Warehouse_Ledger'!$A$47) | D551: SCAN / FIND (Pallet → Location → Prism Node)
A552: Pallet tag (stick on pallet). | B552: =IF('01_Warehouse_Ledger'!$A$48="","",'01_Warehouse_Ledger'!$A$48&IF('01_Warehouse_Ledger'!$B$48<>""," | "&'01_Warehouse_Ledger'!$B$48,"")) | C552: =IF('01_Warehouse_Ledger'!$A$48="","",'01_Warehouse_Ledger'!$A$48) | D552: SCAN / FIND (Pallet → Location → Prism Node)
A553: Pallet tag (stick on pallet). | B553: =IF('01_Warehouse_Ledger'!$A$49="","",'01_Warehouse_Ledger'!$A$49&IF('01_Warehouse_Ledger'!$B$49<>""," | "&'01_Warehouse_Ledger'!$B$49,"")) | C553: =IF('01_Warehouse_Ledger'!$A$49="","",'01_Warehouse_Ledger'!$A$49) | D553: SCAN / FIND (Pallet → Location → Prism Node)
A554: Pallet tag (stick on pallet). | B554: =IF('01_Warehouse_Ledger'!$A$50="","",'01_Warehouse_Ledger'!$A$50&IF('01_Warehouse_Ledger'!$B$50<>""," | "&'01_Warehouse_Ledger'!$B$50,"")) | C554: =IF('01_Warehouse_Ledger'!$A$50="","",'01_Warehouse_Ledger'!$A$50) | D554: SCAN / FIND (Pallet → Location → Prism Node)
A555: Pallet tag (stick on pallet). | B555: =IF('01_Warehouse_Ledger'!$A$51="","",'01_Warehouse_Ledger'!$A$51&IF('01_Warehouse_Ledger'!$B$51<>""," | "&'01_Warehouse_Ledger'!$B$51,"")) | C555: =IF('01_Warehouse_Ledger'!$A$51="","",'01_Warehouse_Ledger'!$A$51) | D555: SCAN / FIND (Pallet → Location → Prism Node)
A556: Pallet tag (stick on pallet). | B556: =IF('01_Warehouse_Ledger'!$A$52="","",'01_Warehouse_Ledger'!$A$52&IF('01_Warehouse_Ledger'!$B$52<>""," | "&'01_Warehouse_Ledger'!$B$52,"")) | C556: =IF('01_Warehouse_Ledger'!$A$52="","",'01_Warehouse_Ledger'!$A$52) | D556: SCAN / FIND (Pallet → Location → Prism Node)
A557: Pallet tag (stick on pallet). | B557: =IF('01_Warehouse_Ledger'!$A$53="","",'01_Warehouse_Ledger'!$A$53&IF('01_Warehouse_Ledger'!$B$53<>""," | "&'01_Warehouse_Ledger'!$B$53,"")) | C557: =IF('01_Warehouse_Ledger'!$A$53="","",'01_Warehouse_Ledger'!$A$53) | D557: SCAN / FIND (Pallet → Location → Prism Node)
A558: Pallet tag (stick on pallet). | B558: =IF('01_Warehouse_Ledger'!$A$54="","",'01_Warehouse_Ledger'!$A$54&IF('01_Warehouse_Ledger'!$B$54<>""," | "&'01_Warehouse_Ledger'!$B$54,"")) | C558: =IF('01_Warehouse_Ledger'!$A$54="","",'01_Warehouse_Ledger'!$A$54) | D558: SCAN / FIND (Pallet → Location → Prism Node)
A559: Pallet tag (stick on pallet). | B559: =IF('01_Warehouse_Ledger'!$A$55="","",'01_Warehouse_Ledger'!$A$55&IF('01_Warehouse_Ledger'!$B$55<>""," | "&'01_Warehouse_Ledger'!$B$55,"")) | C559: =IF('01_Warehouse_Ledger'!$A$55="","",'01_Warehouse_Ledger'!$A$55) | D559: SCAN / FIND (Pallet → Location → Prism Node)
A560: Pallet tag (stick on pallet). | B560: =IF('01_Warehouse_Ledger'!$A$56="","",'01_Warehouse_Ledger'!$A$56&IF('01_Warehouse_Ledger'!$B$56<>""," | "&'01_Warehouse_Ledger'!$B$56,"")) | C560: =IF('01_Warehouse_Ledger'!$A$56="","",'01_Warehouse_Ledger'!$A$56) | D560: SCAN / FIND (Pallet → Location → Prism Node)
A561: Pallet tag (stick on pallet). | B561: =IF('01_Warehouse_Ledger'!$A$57="","",'01_Warehouse_Ledger'!$A$57&IF('01_Warehouse_Ledger'!$B$57<>""," | "&'01_Warehouse_Ledger'!$B$57,"")) | C561: =IF('01_Warehouse_Ledger'!$A$57="","",'01_Warehouse_Ledger'!$A$57) | D561: SCAN / FIND (Pallet → Location → Prism Node)
A562: Pallet tag (stick on pallet). | B562: =IF('01_Warehouse_Ledger'!$A$58="","",'01_Warehouse_Ledger'!$A$58&IF('01_Warehouse_Ledger'!$B$58<>""," | "&'01_Warehouse_Ledger'!$B$58,"")) | C562: =IF('01_Warehouse_Ledger'!$A$58="","",'01_Warehouse_Ledger'!$A$58) | D562: SCAN / FIND (Pallet → Location → Prism Node)
A563: Pallet tag (stick on pallet). | B563: =IF('01_Warehouse_Ledger'!$A$59="","",'01_Warehouse_Ledger'!$A$59&IF('01_Warehouse_Ledger'!$B$59<>""," | "&'01_Warehouse_Ledger'!$B$59,"")) | C563: =IF('01_Warehouse_Ledger'!$A$59="","",'01_Warehouse_Ledger'!$A$59) | D563: SCAN / FIND (Pallet → Location → Prism Node)
A564: Pallet tag (stick on pallet). | B564: =IF('01_Warehouse_Ledger'!$A$60="","",'01_Warehouse_Ledger'!$A$60&IF('01_Warehouse_Ledger'!$B$60<>""," | "&'01_Warehouse_Ledger'!$B$60,"")) | C564: =IF('01_Warehouse_Ledger'!$A$60="","",'01_Warehouse_Ledger'!$A$60) | D564: SCAN / FIND (Pallet → Location → Prism Node)
A565: Pallet tag (stick on pallet). | B565: =IF('01_Warehouse_Ledger'!$A$61="","",'01_Warehouse_Ledger'!$A$61&IF('01_Warehouse_Ledger'!$B$61<>""," | "&'01_Warehouse_Ledger'!$B$61,"")) | C565: =IF('01_Warehouse_Ledger'!$A$61="","",'01_Warehouse_Ledger'!$A$61) | D565: SCAN / FIND (Pallet → Location → Prism Node)
A566: Pallet tag (stick on pallet). | B566: =IF('01_Warehouse_Ledger'!$A$62="","",'01_Warehouse_Ledger'!$A$62&IF('01_Warehouse_Ledger'!$B$62<>""," | "&'01_Warehouse_Ledger'!$B$62,"")) | C566: =IF('01_Warehouse_Ledger'!$A$62="","",'01_Warehouse_Ledger'!$A$62) | D566: SCAN / FIND (Pallet → Location → Prism Node)
A567: Pallet tag (stick on pallet). | B567: =IF('01_Warehouse_Ledger'!$A$63="","",'01_Warehouse_Ledger'!$A$63&IF('01_Warehouse_Ledger'!$B$63<>""," | "&'01_Warehouse_Ledger'!$B$63,"")) | C567: =IF('01_Warehouse_Ledger'!$A$63="","",'01_Warehouse_Ledger'!$A$63) | D567: SCAN / FIND (Pallet → Location → Prism Node)
A568: Pallet tag (stick on pallet). | B568: =IF('01_Warehouse_Ledger'!$A$64="","",'01_Warehouse_Ledger'!$A$64&IF('01_Warehouse_Ledger'!$B$64<>""," | "&'01_Warehouse_Ledger'!$B$64,"")) | C568: =IF('01_Warehouse_Ledger'!$A$64="","",'01_Warehouse_Ledger'!$A$64) | D568: SCAN / FIND (Pallet → Location → Prism Node)
A569: Pallet tag (stick on pallet). | B569: =IF('01_Warehouse_Ledger'!$A$65="","",'01_Warehouse_Ledger'!$A$65&IF('01_Warehouse_Ledger'!$B$65<>""," | "&'01_Warehouse_Ledger'!$B$65,"")) | C569: =IF('01_Warehouse_Ledger'!$A$65="","",'01_Warehouse_Ledger'!$A$65) | D569: SCAN / FIND (Pallet → Location → Prism Node)
A570: Pallet tag (stick on pallet). | B570: =IF('01_Warehouse_Ledger'!$A$66="","",'01_Warehouse_Ledger'!$A$66&IF('01_Warehouse_Ledger'!$B$66<>""," | "&'01_Warehouse_Ledger'!$B$66,"")) | C570: =IF('01_Warehouse_Ledger'!$A$66="","",'01_Warehouse_Ledger'!$A$66) | D570: SCAN / FIND (Pallet → Location → Prism Node)
A571: Pallet tag (stick on pallet). | B571: =IF('01_Warehouse_Ledger'!$A$67="","",'01_Warehouse_Ledger'!$A$67&IF('01_Warehouse_Ledger'!$B$67<>""," | "&'01_Warehouse_Ledger'!$B$67,"")) | C571: =IF('01_Warehouse_Ledger'!$A$67="","",'01_Warehouse_Ledger'!$A$67) | D571: SCAN / FIND (Pallet → Location → Prism Node)
A572: Pallet tag (stick on pallet). | B572: =IF('01_Warehouse_Ledger'!$A$68="","",'01_Warehouse_Ledger'!$A$68&IF('01_Warehouse_Ledger'!$B$68<>""," | "&'01_Warehouse_Ledger'!$B$68,"")) | C572: =IF('01_Warehouse_Ledger'!$A$68="","",'01_Warehouse_Ledger'!$A$68) | D572: SCAN / FIND (Pallet → Location → Prism Node)
A573: Pallet tag (stick on pallet). | B573: =IF('01_Warehouse_Ledger'!$A$69="","",'01_Warehouse_Ledger'!$A$69&IF('01_Warehouse_Ledger'!$B$69<>""," | "&'01_Warehouse_Ledger'!$B$69,"")) | C573: =IF('01_Warehouse_Ledger'!$A$69="","",'01_Warehouse_Ledger'!$A$69) | D573: SCAN / FIND (Pallet → Location → Prism Node)
A574: Pallet tag (stick on pallet). | B574: =IF('01_Warehouse_Ledger'!$A$70="","",'01_Warehouse_Ledger'!$A$70&IF('01_Warehouse_Ledger'!$B$70<>""," | "&'01_Warehouse_Ledger'!$B$70,"")) | C574: =IF('01_Warehouse_Ledger'!$A$70="","",'01_Warehouse_Ledger'!$A$70) | D574: SCAN / FIND (Pallet → Location → Prism Node)
A575: Pallet tag (stick on pallet). | B575: =IF('01_Warehouse_Ledger'!$A$71="","",'01_Warehouse_Ledger'!$A$71&IF('01_Warehouse_Ledger'!$B$71<>""," | "&'01_Warehouse_Ledger'!$B$71,"")) | C575: =IF('01_Warehouse_Ledger'!$A$71="","",'01_Warehouse_Ledger'!$A$71) | D575: SCAN / FIND (Pallet → Location → Prism Node)
A576: Pallet tag (stick on pallet). | B576: =IF('01_Warehouse_Ledger'!$A$72="","",'01_Warehouse_Ledger'!$A$72&IF('01_Warehouse_Ledger'!$B$72<>""," | "&'01_Warehouse_Ledger'!$B$72,"")) | C576: =IF('01_Warehouse_Ledger'!$A$72="","",'01_Warehouse_Ledger'!$A$72) | D576: SCAN / FIND (Pallet → Location → Prism Node)
A577: Pallet tag (stick on pallet). | B577: =IF('01_Warehouse_Ledger'!$A$73="","",'01_Warehouse_Ledger'!$A$73&IF('01_Warehouse_Ledger'!$B$73<>""," | "&'01_Warehouse_Ledger'!$B$73,"")) | C577: =IF('01_Warehouse_Ledger'!$A$73="","",'01_Warehouse_Ledger'!$A$73) | D577: SCAN / FIND (Pallet → Location → Prism Node)
A578: Pallet tag (stick on pallet). | B578: =IF('01_Warehouse_Ledger'!$A$74="","",'01_Warehouse_Ledger'!$A$74&IF('01_Warehouse_Ledger'!$B$74<>""," | "&'01_Warehouse_Ledger'!$B$74,"")) | C578: =IF('01_Warehouse_Ledger'!$A$74="","",'01_Warehouse_Ledger'!$A$74) | D578: SCAN / FIND (Pallet → Location → Prism Node)
A579: Pallet tag (stick on pallet). | B579: =IF('01_Warehouse_Ledger'!$A$75="","",'01_Warehouse_Ledger'!$A$75&IF('01_Warehouse_Ledger'!$B$75<>""," | "&'01_Warehouse_Ledger'!$B$75,"")) | C579: =IF('01_Warehouse_Ledger'!$A$75="","",'01_Warehouse_Ledger'!$A$75) | D579: SCAN / FIND (Pallet → Location → Prism Node)
A580: Pallet tag (stick on pallet). | B580: =IF('01_Warehouse_Ledger'!$A$76="","",'01_Warehouse_Ledger'!$A$76&IF('01_Warehouse_Ledger'!$B$76<>""," | "&'01_Warehouse_Ledger'!$B$76,"")) | C580: =IF('01_Warehouse_Ledger'!$A$76="","",'01_Warehouse_Ledger'!$A$76) | D580: SCAN / FIND (Pallet → Location → Prism Node)
A581: Pallet tag (stick on pallet). | B581: =IF('01_Warehouse_Ledger'!$A$77="","",'01_Warehouse_Ledger'!$A$77&IF('01_Warehouse_Ledger'!$B$77<>""," | "&'01_Warehouse_Ledger'!$B$77,"")) | C581: =IF('01_Warehouse_Ledger'!$A$77="","",'01_Warehouse_Ledger'!$A$77) | D581: SCAN / FIND (Pallet → Location → Prism Node)
A582: Pallet tag (stick on pallet). | B582: =IF('01_Warehouse_Ledger'!$A$78="","",'01_Warehouse_Ledger'!$A$78&IF('01_Warehouse_Ledger'!$B$78<>""," | "&'01_Warehouse_Ledger'!$B$78,"")) | C582: =IF('01_Warehouse_Ledger'!$A$78="","",'01_Warehouse_Ledger'!$A$78) | D582: SCAN / FIND (Pallet → Location → Prism Node)
A583: Pallet tag (stick on pallet). | B583: =IF('01_Warehouse_Ledger'!$A$79="","",'01_Warehouse_Ledger'!$A$79&IF('01_Warehouse_Ledger'!$B$79<>""," | "&'01_Warehouse_Ledger'!$B$79,"")) | C583: =IF('01_Warehouse_Ledger'!$A$79="","",'01_Warehouse_Ledger'!$A$79) | D583: SCAN / FIND (Pallet → Location → Prism Node)
A584: Pallet tag (stick on pallet). | B584: =IF('01_Warehouse_Ledger'!$A$80="","",'01_Warehouse_Ledger'!$A$80&IF('01_Warehouse_Ledger'!$B$80<>""," | "&'01_Warehouse_Ledger'!$B$80,"")) | C584: =IF('01_Warehouse_Ledger'!$A$80="","",'01_Warehouse_Ledger'!$A$80) | D584: SCAN / FIND (Pallet → Location → Prism Node)
A585: Pallet tag (stick on pallet). | B585: =IF('01_Warehouse_Ledger'!$A$81="","",'01_Warehouse_Ledger'!$A$81&IF('01_Warehouse_Ledger'!$B$81<>""," | "&'01_Warehouse_Ledger'!$B$81,"")) | C585: =IF('01_Warehouse_Ledger'!$A$81="","",'01_Warehouse_Ledger'!$A$81) | D585: SCAN / FIND (Pallet → Location → Prism Node)
A586: Pallet tag (stick on pallet). | B586: =IF('01_Warehouse_Ledger'!$A$82="","",'01_Warehouse_Ledger'!$A$82&IF('01_Warehouse_Ledger'!$B$82<>""," | "&'01_Warehouse_Ledger'!$B$82,"")) | C586: =IF('01_Warehouse_Ledger'!$A$82="","",'01_Warehouse_Ledger'!$A$82) | D586: SCAN / FIND (Pallet → Location → Prism Node)
A587: Pallet tag (stick on pallet). | B587: =IF('01_Warehouse_Ledger'!$A$83="","",'01_Warehouse_Ledger'!$A$83&IF('01_Warehouse_Ledger'!$B$83<>""," | "&'01_Warehouse_Ledger'!$B$83,"")) | C587: =IF('01_Warehouse_Ledger'!$A$83="","",'01_Warehouse_Ledger'!$A$83) | D587: SCAN / FIND (Pallet → Location → Prism Node)
A588: Pallet tag (stick on pallet). | B588: =IF('01_Warehouse_Ledger'!$A$84="","",'01_Warehouse_Ledger'!$A$84&IF('01_Warehouse_Ledger'!$B$84<>""," | "&'01_Warehouse_Ledger'!$B$84,"")) | C588: =IF('01_Warehouse_Ledger'!$A$84="","",'01_Warehouse_Ledger'!$A$84) | D588: SCAN / FIND (Pallet → Location → Prism Node)
A589: Pallet tag (stick on pallet). | B589: =IF('01_Warehouse_Ledger'!$A$85="","",'01_Warehouse_Ledger'!$A$85&IF('01_Warehouse_Ledger'!$B$85<>""," | "&'01_Warehouse_Ledger'!$B$85,"")) | C589: =IF('01_Warehouse_Ledger'!$A$85="","",'01_Warehouse_Ledger'!$A$85) | D589: SCAN / FIND (Pallet → Location → Prism Node)
...

Sheet 05_Scan_Lookup
A1: Scan PalletID here:
A3: Tip: click B3, scan QR, press Enter. | D3: CurrentLocationCode
A5: HomeLocationCode | B5: =IFERROR(INDEX('01_Warehouse_Ledger'!$B$2:$B$2002,MATCH($B$3,'01_Warehouse_Ledger'!$A$2:$A$2002,0)),"")
A6: LocationDisplayLabel | B6: =IFERROR(INDEX('01_Warehouse_Ledger'!$D$2:$D$2002,MATCH($B$3,'01_Warehouse_Ledger'!$A$2:$A$2002,0)),"")
A7: Slot | B7: =IFERROR(INDEX('02_Warehouse_Locations'!$J$2:$J$501,MATCH($B$6,'02_Warehouse_Locations'!$A$2:$A$501,0)),"")
A8: Aisle | B8: =IFERROR(INDEX('02_Warehouse_Locations'!$B$2:$B$501,MATCH($B$6,'02_Warehouse_Locations'!$A$2:$A$501,0)),"")
A9: Position/Slot | B9: =IFERROR(INDEX('02_Warehouse_Locations'!$C$2:$C$501,MATCH($B$6,'02_Warehouse_Locations'!$A$2:$A$501,0)),"")
A10: PrismNode | B10: =IFERROR(INDEX('02_Warehouse_Locations'!$D$2:$D$501,MATCH($B$6,'02_Warehouse_Locations'!$A$2:$A$501,0)),"")
A11: AccessRating(1-5) | B11: =IFERROR(INDEX('02_Warehouse_Locations'!$E$2:$E$501,MATCH($B$6,'02_Warehouse_Locations'!$A$2:$A$501,0)),"")
A12: WAREHOUSE GRID MAP (Column Letter x Row #) | B12: =IFERROR(INDEX('02_Warehouse_Locations'!$N$2:$N$501,MATCH($B$6,'02_Warehouse_Locations'!$A$2:$A$501,0)),"")
A13: GridRow (AUTO) | B13: =IFERROR(INDEX('02_Warehouse_Locations'!$O$2:$O$501,MATCH($B$6,'02_Warehouse_Locations'!$A$2:$A$501,0)),"")
A14: GridNode (AUTO) | B14: =IFERROR(INDEX('02_Warehouse_Locations'!$P$2:$P$501,MATCH($B$6,'02_Warehouse_Locations'!$A$2:$A$501,0)),"")
A15: WH | B15: =IFERROR(INDEX('02_Warehouse_Locations'!$Q$2:$Q$501,MATCH($B$6,'02_Warehouse_Locations'!$A$2:$A$501,0)),"")

Sheet 06_Warehouse_Map
A1: SelectedCol
A2: SelectedRow | B2: =IFERROR('05_Scan_Lookup'!$B$13,"")
A3: SelectedLevelNum | B3: =IFERROR('05_Scan_Lookup'!$B$14,"")
A4: Rows → | B4: =IFERROR(INDEX('02_Warehouse_Locations'!$M$2:$M$501,MATCH('05_Scan_Lookup'!$B$6,'02_Warehouse_Locations'!$A$2:$A$501,0)),"")
A5: Columns → | B5: Aisle ↓ / Slot →
A6: G | B6: AISLE_FLOOR | C6: PAL-0000011 | D6: SAMPLE: Grid C01 | E6: SAMPLE: Grid D01 | F6: SAMPLE: Grid E01 | G6: SAMPLE: Grid F01 | H6: H | I6: I | J6: J | K6: K | L6: Note: Special locations (Stage/Overflow/Quarantine) may not have grid coordinates; they will not appear on this map. | M6: ENDCAP | N6: 13 | O6: 14 | P6: 15 | Q6: 16 | R6: 17 | S6: 18 | T6: 19 | U6: 20
